# Blender 5.0.1
# www.blender.org
o Nefertiti_Low-res
v 0.087537 -0.054732 0.223953
v 0.087696 -0.048370 0.227537
v 0.081807 -0.061011 0.221204
v 0.086516 -0.051472 0.222663
v 0.083375 -0.056143 0.217824
v 0.087576 -0.054264 0.227384
v 0.085747 -0.052874 0.234550
v 0.084200 -0.055171 0.233259
v 0.084492 -0.054497 0.226296
v 0.083138 -0.056382 0.223988
v 0.086979 -0.050607 0.231975
v 0.085874 -0.047448 0.228080
v 0.078952 -0.061389 0.216439
v 0.078738 -0.055854 0.218391
v 0.070965 -0.065114 0.213601
v 0.068101 -0.070653 0.212027
v 0.066499 -0.073643 0.211302
v 0.069048 -0.080069 0.210920
v 0.085156 -0.049533 0.224729
v 0.078176 -0.053168 0.218651
v 0.086171 -0.045653 0.230449
v 0.081332 -0.056735 0.217478
v 0.074434 -0.058855 0.215144
v 0.074590 -0.067524 0.215089
v 0.077997 -0.065196 0.215786
v 0.084342 -0.051259 0.222193
v 0.084059 -0.052812 0.220199
v 0.080626 -0.051169 0.222097
v 0.067712 -0.050445 0.221488
v 0.082033 -0.048356 0.223828
v 0.074930 -0.061366 0.216107
v 0.071813 -0.054166 0.217448
v 0.074761 -0.047239 0.223489
v 0.077635 -0.069716 0.215590
v 0.071842 -0.068217 0.213535
v 0.073270 -0.072790 0.211294
v 0.076520 -0.059367 0.232528
v 0.076444 -0.064263 0.242734
v 0.078727 -0.063177 0.248084
v 0.074368 -0.056375 0.232495
v 0.078131 -0.055629 0.227264
v 0.072956 -0.059953 0.228060
v 0.068522 -0.065050 0.233948
v 0.065167 -0.062419 0.230670
v 0.071569 -0.064327 0.235092
v 0.072476 -0.067195 0.246022
v 0.068451 -0.062990 0.230813
v 0.076155 -0.063395 0.239195
v 0.074461 -0.058904 0.239549
v 0.071541 -0.058976 0.237937
v 0.075144 -0.055162 0.234563
v 0.084762 -0.053860 0.228248
v 0.084180 -0.053913 0.230902
v 0.080217 -0.056289 0.235092
v 0.080657 -0.051990 0.229836
v 0.072339 -0.043071 0.236756
v 0.068177 0.035195 0.273520
v 0.109433 0.035192 0.360579
v 0.097966 0.089645 0.358844
v 0.110184 0.128155 0.405337
v 0.113672 0.068671 0.378133
v 0.096975 -0.024720 0.339561
v 0.026056 -0.149433 0.156669
v 0.030522 -0.142707 0.158301
v 0.029199 -0.146263 0.159124
v 0.032516 -0.141041 0.159961
v 0.030843 -0.141205 0.157848
v 0.037204 -0.132942 0.160729
v 0.036127 -0.132372 0.159267
v 0.041789 -0.126629 0.163022
v 0.039498 -0.128080 0.160937
v 0.065447 -0.077273 0.210810
v 0.065363 -0.038903 0.218506
v 0.074156 -0.021593 0.248205
v 0.057176 -0.026695 0.212232
v 0.059786 -0.101319 0.190784
v 0.058109 -0.106208 0.187561
v 0.056629 -0.106743 0.182951
v 0.090020 0.010143 0.304971
v 0.045554 -0.118199 0.164103
v 0.043235 -0.122791 0.162945
v 0.040917 -0.124719 0.161167
v 0.032983 -0.099576 0.153870
v 0.040183 -0.090550 0.157756
v 0.038134 -0.095414 0.157189
v 0.042402 -0.120709 0.161474
v 0.046294 -0.068261 0.158969
v 0.046039 -0.120304 0.165775
v 0.041655 -0.091715 0.160147
v 0.045300 -0.061334 0.152096
v 0.043860 -0.085045 0.161197
v 0.045915 -0.111478 0.163307
v 0.046960 -0.117195 0.165787
v 0.044993 -0.053805 0.159315
v 0.042334 -0.094206 0.161096
v 0.027430 -0.019976 0.187021
v 0.027065 -0.024186 0.180001
v 0.044686 -0.091823 0.163693
v 0.048299 -0.111179 0.166187
v 0.048881 -0.113692 0.167628
v 0.045979 -0.106537 0.163364
v 0.044627 -0.088414 0.163523
v 0.051571 -0.111624 0.172090
v 0.048680 -0.105275 0.166258
v 0.029406 -0.014182 0.192390
v 0.047470 -0.077644 0.166738
v 0.049693 -0.106961 0.167722
v 0.046466 -0.088842 0.166153
v 0.047829 -0.063283 0.168962
v 0.046531 -0.085355 0.166152
v 0.047978 -0.100718 0.165902
v 0.047909 -0.086548 0.168450
v 0.053038 -0.111411 0.175435
v 0.050345 -0.101945 0.168587
v 0.049928 -0.097232 0.168763
v 0.048975 -0.090073 0.169256
v 0.051579 -0.105473 0.170490
v 0.034410 -0.025725 0.192775
v 0.046443 -0.056262 0.170845
v 0.053094 -0.106550 0.173642
v 0.052341 -0.100335 0.171643
v 0.048696 -0.083226 0.170010
v 0.050804 -0.087276 0.172535
v 0.054810 -0.110098 0.179582
v 0.054328 -0.101916 0.175307
v 0.052801 -0.077102 0.179709
v 0.034946 -0.019416 0.196122
v 0.052164 -0.094548 0.172364
v 0.049817 -0.084008 0.171889
v 0.049533 -0.080102 0.171874
v 0.049541 -0.068596 0.172972
v 0.032217 -0.030341 0.184115
v 0.055070 -0.106357 0.178255
v 0.052680 -0.089423 0.174573
v 0.057314 -0.102928 0.183065
v 0.043164 -0.042996 0.188036
v 0.054694 -0.098150 0.176006
v 0.055040 -0.094799 0.176934
v 0.051381 -0.081194 0.175343
v 0.052542 -0.083466 0.176705
v 0.056388 -0.096576 0.179617
v 0.057159 -0.099354 0.181750
v 0.054865 -0.090567 0.177663
v 0.047643 -0.030764 0.203272
v 0.059029 -0.104591 0.189778
v 0.053474 -0.081721 0.179214
v 0.058944 -0.099824 0.187028
v 0.056094 -0.086157 0.181665
v 0.039909 -0.034081 0.192565
v 0.057956 -0.093542 0.183452
v 0.057702 -0.091043 0.183120
v 0.057326 -0.087568 0.183540
v 0.055017 -0.079205 0.183943
v 0.048343 -0.043087 0.196685
v 0.052939 -0.065726 0.187292
v 0.060910 -0.093464 0.192100
v 0.050612 -0.055720 0.190014
v 0.059674 -0.092292 0.188158
v 0.058027 -0.084035 0.186828
v 0.059948 -0.086665 0.190031
v 0.060400 -0.088817 0.190435
v 0.059694 -0.081788 0.192081
v 0.062054 -0.090136 0.195934
v 0.053129 -0.053596 0.197224
v 0.054359 -0.045680 0.203368
v 0.061174 -0.084407 0.194217
v 0.060778 -0.033550 0.214679
v 0.064058 -0.091389 0.205127
v 0.061713 -0.081609 0.197291
v 0.063519 -0.082165 0.202391
v 0.062705 -0.086277 0.198624
v 0.064425 -0.086508 0.205915
v 0.060351 -0.077310 0.197543
v 0.058485 -0.051551 0.207776
v 0.063847 -0.084665 0.203208
v 0.063616 -0.079287 0.204241
v 0.061754 -0.078180 0.200036
v 0.061372 -0.075307 0.201621
v 0.058393 -0.067665 0.201096
v 0.065647 -0.079477 0.210258
v 0.064115 -0.075945 0.206425
v 0.063288 -0.077102 0.204661
v 0.062309 -0.073878 0.204259
v 0.066195 -0.071535 0.210702
v 0.064541 -0.063737 0.215065
v 0.070046 -0.045425 0.227579
v 0.017936 -0.110264 0.148904
v 0.025033 -0.106213 0.150681
v 0.027605 -0.105794 0.152115
v 0.029871 -0.099195 0.150700
v 0.037553 -0.127283 0.158954
v 0.041085 -0.120147 0.160250
v 0.038430 -0.096594 0.157683
v 0.044790 -0.116005 0.162808
v 0.043448 -0.114213 0.161306
v 0.039908 -0.099400 0.159052
v 0.040886 -0.096227 0.159795
v 0.042222 -0.102585 0.160693
v 0.045771 -0.096398 0.164323
v 0.045283 -0.100022 0.163416
v 0.085442 -0.045522 0.242245
v 0.085325 -0.058349 0.222953
v 0.077995 -0.069958 0.221074
v 0.075228 -0.074720 0.218449
v 0.070747 -0.073142 0.219099
v 0.081774 -0.058507 0.222800
v 0.078737 -0.057132 0.222680
v 0.072990 -0.067483 0.221546
v 0.085957 -0.044655 0.235146
v 0.085610 -0.045714 0.239264
v 0.077754 -0.042967 0.233953
v 0.072566 -0.061838 0.242367
v 0.084567 -0.052457 0.247483
v 0.079247 -0.052062 0.247588
v 0.078640 -0.057559 0.249547
v 0.075434 -0.060455 0.249447
v 0.075733 -0.054781 0.250447
v 0.073969 -0.058584 0.251397
v 0.080446 -0.049535 0.248030
v 0.074393 -0.062428 0.252064
v 0.074170 -0.049248 0.248696
v 0.082828 -0.047601 0.246385
v 0.069910 -0.064907 0.227422
v 0.071044 -0.077701 0.220021
v 0.069335 -0.071728 0.224307
v 0.069145 -0.075533 0.220352
v 0.064819 -0.065779 0.233575
v 0.067634 -0.069547 0.230799
v 0.072627 -0.071164 0.232949
v 0.064664 -0.065269 0.227619
v 0.064245 -0.068942 0.229972
v 0.071286 -0.066862 0.255881
v 0.071916 -0.064155 0.251478
v 0.071723 -0.066243 0.250599
v 0.073414 -0.058327 0.245251
v 0.081877 -0.055610 0.247850
v 0.077844 -0.054922 0.239291
v 0.077598 -0.064140 0.250462
v 0.070163 -0.075271 0.230426
v 0.069876 -0.072734 0.224992
v 0.073743 -0.073440 0.227680
v 0.075942 -0.045507 0.254101
v 0.064163 -0.101947 0.276069
v 0.053530 -0.119576 0.185974
v 0.061697 -0.123694 0.225929
v 0.060192 -0.113036 0.284051
v 0.082585 -0.070024 0.323020
v 0.021504 -0.156935 0.156539
v 0.055387 -0.120538 0.309133
v 0.123955 0.035260 0.437654
v 0.071917 -0.068742 0.234843
v 0.065672 -0.095709 0.271535
v 0.020346 -0.160247 0.161405
v 0.022878 -0.157119 0.162069
v 0.019956 -0.160219 0.159284
v 0.021853 -0.156960 0.168380
v 0.024304 -0.155011 0.164778
v 0.022457 -0.157109 0.158801
v 0.023673 -0.155848 0.160004
v 0.021055 -0.158209 0.157535
v 0.025197 -0.153157 0.169413
v 0.023799 -0.154878 0.158039
v 0.027771 -0.150644 0.165241
v 0.026345 -0.152233 0.166733
v 0.026565 -0.150401 0.158337
v 0.030380 -0.147234 0.165916
v 0.029703 -0.148352 0.167762
v 0.032186 -0.146180 0.172978
v 0.032804 -0.146429 0.178091
v 0.030015 -0.146485 0.161569
v 0.030281 -0.152450 0.193313
v 0.030828 -0.149793 0.183511
v 0.031224 -0.148234 0.178668
v 0.030507 -0.152103 0.198676
v 0.031562 -0.150494 0.189339
v 0.033286 -0.146883 0.182800
v 0.032201 -0.150383 0.195940
v 0.035580 -0.142264 0.175592
v 0.033712 -0.142841 0.167220
v 0.034055 -0.140466 0.162594
v 0.033936 -0.147767 0.191300
v 0.038368 -0.139730 0.180179
v 0.037204 -0.137758 0.167542
v 0.033748 -0.148859 0.197780
v 0.039760 -0.131371 0.163623
v 0.037278 -0.144210 0.192501
v 0.038222 -0.144486 0.197320
v 0.039757 -0.139350 0.185374
v 0.041003 -0.136692 0.182031
v 0.040938 -0.132546 0.169328
v 0.040015 -0.132547 0.165841
v 0.041871 -0.138364 0.191104
v 0.039401 -0.136823 0.175146
v 0.051411 -0.128265 0.291787
v 0.040418 -0.141885 0.196607
v 0.051726 -0.138038 0.270451
v 0.051585 -0.136830 0.275264
v 0.052279 -0.130219 0.283806
v 0.052133 -0.136864 0.273669
v 0.053211 -0.126124 0.290560
v 0.053633 -0.126719 0.286796
v 0.043560 -0.137959 0.196001
v 0.080935 -0.061737 0.218121
v 0.079359 -0.064740 0.221204
v 0.084053 -0.053862 0.241156
v 0.068028 -0.067908 0.227797
v 0.085596 -0.048226 0.246078
v 0.073857 -0.062138 0.246005
v 0.070074 -0.070859 0.237166
v 0.069795 -0.071060 0.239880
v 0.070558 -0.069357 0.241841
v 0.066976 -0.081122 0.215844
v 0.070947 -0.067517 0.250936
v 0.070347 -0.069343 0.250622
v 0.069603 -0.084157 0.239459
v 0.069548 -0.089308 0.235643
v 0.067731 -0.081677 0.258877
v 0.068975 -0.086778 0.265764
v 0.062065 -0.101086 0.201083
v 0.073241 -0.084124 0.277896
v 0.058000 -0.109089 0.189998
v 0.056559 -0.109405 0.184883
v 0.062811 -0.114198 0.246814
v 0.057547 -0.113994 0.194065
v 0.061461 -0.113308 0.211035
v 0.064565 -0.113479 0.225303
v 0.064143 -0.101248 0.270798
v 0.055805 -0.114827 0.187684
v 0.056226 -0.110669 0.184664
v 0.056380 -0.112474 0.187145
v 0.058104 -0.115335 0.198591
v 0.056337 -0.116453 0.192247
v 0.057559 -0.116330 0.198353
v 0.063521 -0.118509 0.227151
v 0.054371 -0.117062 0.185127
v 0.054431 -0.113606 0.181066
v 0.053508 -0.115813 0.180346
v 0.055264 -0.119999 0.193748
v 0.053772 -0.121979 0.191769
v 0.056729 -0.119582 0.199009
v 0.062178 -0.122842 0.229390
v 0.059911 -0.120255 0.263845
v 0.061859 -0.109035 0.280076
v 0.059756 -0.126314 0.219587
v 0.060206 -0.126955 0.232590
v 0.058334 -0.128505 0.217487
v 0.056968 -0.131094 0.217885
v 0.057596 -0.128321 0.264626
v 0.054930 -0.131482 0.259486
v 0.055881 -0.130808 0.261684
v 0.058567 -0.117436 0.284456
v 0.056563 -0.130647 0.264100
v 0.058215 -0.118308 0.288131
v 0.050679 -0.137156 0.210729
v 0.055912 -0.131879 0.267255
v 0.055412 -0.132239 0.263664
v 0.054882 -0.123453 0.290832
v 0.054894 -0.132665 0.271178
v 0.054255 -0.133767 0.262732
v 0.054115 -0.134623 0.270398
v 0.052018 -0.137517 0.272106
v 0.053333 -0.135949 0.268537
v 0.053438 -0.130871 0.279346
v 0.045820 -0.131890 0.187896
v 0.053642 -0.133321 0.274560
v 0.043250 -0.141174 0.202357
v 0.043894 -0.124546 0.165147
v 0.055224 -0.123204 0.289052
v 0.054523 -0.126429 0.283566
v 0.055585 -0.123235 0.286403
v 0.053121 -0.137293 0.220370
v 0.052049 -0.137704 0.216387
v 0.049012 -0.139731 0.212385
v 0.055583 -0.124666 0.282806
v 0.052937 -0.137786 0.223357
v 0.054877 -0.133674 0.266664
v 0.053641 -0.136947 0.226555
v 0.055253 -0.126800 0.279761
v 0.045131 -0.130935 0.182690
v 0.045169 -0.124449 0.168010
v 0.055005 -0.134840 0.230956
v 0.055623 -0.129123 0.273908
v 0.047052 -0.136673 0.202283
v 0.049505 -0.129196 0.193747
v 0.045546 -0.128243 0.177288
v 0.047778 -0.124015 0.176013
v 0.057337 -0.120402 0.283702
v 0.054672 -0.132556 0.261501
v 0.056354 -0.129904 0.269301
v 0.055981 -0.133906 0.222962
v 0.054805 -0.134786 0.218605
v 0.051427 -0.134567 0.207726
v 0.057342 -0.122885 0.277127
v 0.056903 -0.131769 0.234198
v 0.056928 -0.132840 0.227496
v 0.053547 -0.134474 0.212949
v 0.058143 -0.120462 0.278032
v 0.057207 -0.125396 0.272732
v 0.047093 -0.120786 0.168289
v 0.055293 -0.132733 0.237390
v 0.050737 -0.131927 0.202253
v 0.048515 -0.126831 0.184473
v 0.057575 -0.131310 0.221601
v 0.056376 -0.131139 0.215184
v 0.051149 -0.129353 0.198693
v 0.048018 -0.121836 0.172651
v 0.059350 -0.116831 0.278654
v 0.056569 -0.128682 0.258139
v 0.058816 -0.122333 0.268399
v 0.058911 -0.119682 0.274106
v 0.058810 -0.129834 0.230008
v 0.054772 -0.130843 0.209625
v 0.053272 -0.128606 0.202623
v 0.059094 -0.124745 0.259866
v 0.048540 -0.117676 0.168841
v 0.056845 -0.128750 0.212509
v 0.056501 -0.127963 0.255907
v 0.057900 -0.128698 0.239367
v 0.058839 -0.129926 0.226370
v 0.058979 -0.129094 0.222585
v 0.059553 -0.119047 0.269769
v 0.060029 -0.114290 0.281547
v 0.060099 -0.115653 0.274027
v 0.057914 -0.125178 0.252681
v 0.060645 -0.126121 0.224667
v 0.055898 -0.127513 0.250774
v 0.055947 -0.128032 0.247353
v 0.059101 -0.128197 0.235346
v 0.061349 -0.124973 0.231300
v 0.058243 -0.125884 0.256904
v 0.059651 -0.122828 0.260845
v 0.057533 -0.125642 0.249313
v 0.057882 -0.126986 0.213295
v 0.052047 -0.124915 0.191841
v 0.061207 -0.111290 0.277599
v 0.055569 -0.126985 0.206097
v 0.054214 -0.125045 0.198976
v 0.058393 -0.124349 0.250647
v 0.052436 -0.121031 0.184914
v 0.051499 -0.117617 0.176170
v 0.059588 -0.122483 0.253792
v 0.058097 -0.125818 0.245536
v 0.057728 -0.125260 0.210406
v 0.060523 -0.125219 0.237271
v 0.058934 -0.123554 0.252303
v 0.060767 -0.118250 0.258908
v 0.059997 -0.123531 0.243482
v 0.056421 -0.123358 0.203341
v 0.059284 -0.123372 0.247459
v 0.060722 -0.115317 0.267307
v 0.061447 -0.111603 0.270620
v 0.062147 -0.121365 0.223448
v 0.059399 -0.123854 0.214563
v 0.060521 -0.120144 0.254141
v 0.052163 -0.115182 0.175695
v 0.062368 -0.108843 0.266852
v 0.060870 -0.119346 0.250449
v 0.062407 -0.121338 0.236599
v 0.061078 -0.121401 0.218236
v 0.055337 -0.122821 0.198837
v 0.060334 -0.121147 0.247833
v 0.063409 -0.119425 0.233899
v 0.057878 -0.119742 0.203716
v 0.061111 -0.117915 0.254644
v 0.062243 -0.111228 0.259036
v 0.052829 -0.118997 0.182516
v 0.063169 -0.104993 0.272624
v 0.061392 -0.120547 0.243302
v 0.061957 -0.121300 0.239618
v 0.061945 -0.117267 0.246578
v 0.057457 -0.116568 0.197490
v 0.062310 -0.111850 0.255291
v 0.062900 -0.118010 0.222369
v 0.057668 -0.117200 0.199301
v 0.063407 -0.119529 0.229995
v 0.058990 -0.114995 0.202162
v 0.062099 -0.114369 0.251161
v 0.065892 -0.111554 0.233609
v 0.060987 -0.113756 0.209366
v 0.064216 -0.114517 0.240384
v 0.065689 -0.111617 0.236465
v 0.065301 -0.113112 0.229888
v 0.064216 -0.101161 0.265463
v 0.064246 -0.102837 0.256453
v 0.061927 -0.111037 0.210400
v 0.065182 -0.109650 0.241904
v 0.066196 -0.108902 0.238279
v 0.064390 -0.106795 0.248307
v 0.059719 -0.110634 0.199927
v 0.063278 -0.109603 0.215424
v 0.065073 -0.096882 0.266761
v 0.064890 -0.098119 0.262915
v 0.064588 -0.103258 0.251999
v 0.067676 -0.104616 0.233481
v 0.058674 -0.109736 0.193635
v 0.065285 -0.097264 0.257477
v 0.066224 -0.108123 0.227705
v 0.065279 -0.103112 0.248141
v 0.065823 -0.095527 0.253698
v 0.065376 -0.095738 0.260542
v 0.060749 -0.106154 0.199602
v 0.067412 -0.105612 0.236428
v 0.067782 -0.102277 0.239697
v 0.065029 -0.103967 0.219004
v 0.066132 -0.104177 0.243862
v 0.066228 -0.096165 0.250364
v 0.060808 -0.101942 0.195454
v 0.066421 -0.090700 0.256817
v 0.067521 -0.102863 0.229623
v 0.066160 -0.091586 0.260046
v 0.066967 -0.096802 0.246724
v 0.067795 -0.100447 0.241456
v 0.068489 -0.100659 0.237028
v 0.068667 -0.099754 0.234176
v 0.065640 -0.101095 0.219983
v 0.060964 -0.097624 0.193669
v 0.067275 -0.099046 0.226389
v 0.063983 -0.100365 0.210449
v 0.067329 -0.092415 0.248200
v 0.066951 -0.087394 0.255842
v 0.066938 -0.090350 0.251069
v 0.064723 -0.096915 0.212309
v 0.067060 -0.087921 0.253069
v 0.069100 -0.096169 0.238714
v 0.068413 -0.095361 0.242824
v 0.062390 -0.096658 0.199486
v 0.067781 -0.081891 0.257077
v 0.066256 -0.095355 0.220234
v 0.067167 -0.085665 0.257109
v 0.068855 -0.096716 0.232829
v 0.069322 -0.094785 0.236175
v 0.067972 -0.081077 0.254177
v 0.069165 -0.091744 0.241566
v 0.068874 -0.086865 0.244140
v 0.067104 -0.091493 0.223505
v 0.067905 -0.086174 0.247901
v 0.069588 -0.088915 0.240208
v 0.069150 -0.088789 0.232746
v 0.067833 -0.082942 0.250623
v 0.069424 -0.086082 0.241531
v 0.069750 -0.087164 0.238003
v 0.068689 -0.077699 0.253775
v 0.068508 -0.082231 0.245476
v 0.066454 -0.088721 0.218666
v 0.068629 -0.078856 0.246105
v 0.065461 -0.087548 0.211560
v 0.069301 -0.074811 0.249826
v 0.068616 -0.078413 0.249222
v 0.069935 -0.071376 0.250281
v 0.068780 -0.079182 0.243122
v 0.068801 -0.085341 0.230939
v 0.069024 -0.078274 0.238996
v 0.069750 -0.070037 0.253269
v 0.069587 -0.083439 0.236248
v 0.068306 -0.084280 0.228067
v 0.069242 -0.080406 0.236010
v 0.069227 -0.082394 0.234342
v 0.069027 -0.076070 0.245379
v 0.070398 -0.068158 0.251824
v 0.070131 -0.071610 0.247973
v 0.069602 -0.073254 0.243880
v 0.066335 -0.083861 0.214374
v 0.069129 -0.074944 0.238335
v 0.070617 -0.069660 0.248625
v 0.069130 -0.078277 0.234977
v 0.068832 -0.081138 0.230917
v 0.070704 -0.069882 0.246429
v 0.072008 -0.076608 0.211921
v 0.052044 0.005179 0.225133
v 0.075547 0.151002 0.388451
v 0.022480 0.065974 0.264632
v -0.002263 -0.007638 0.185277
v -0.009281 -0.008912 0.186634
v 0.019448 0.141452 0.350100
v 0.022700 0.181399 0.389536
v 0.047070 0.127780 0.341639
v -0.015006 0.074857 0.272383
v -0.008836 -0.012124 0.182869
v -0.001279 -0.000120 0.193192
v 0.000708 -0.013355 0.177175
v 0.001964 -0.009651 0.181024
v 0.017692 0.018943 0.213178
v 0.022406 -0.016059 0.184842
v 0.017213 -0.009178 0.188463
v 0.005953 -0.007925 0.185613
v 0.012889 -0.013576 0.181968
v 0.013195 -0.016786 0.175599
v 0.073115 0.114457 0.351904
v 0.048358 -0.136786 0.252693
v 0.046035 -0.138989 0.250925
v 0.044323 -0.140664 0.249605
v 0.042718 -0.142049 0.248691
v 0.044054 -0.140310 0.249120
v 0.041877 -0.142118 0.247965
v 0.041254 -0.143226 0.247908
v 0.047254 -0.137175 0.251472
v 0.036581 -0.145519 0.246009
v 0.035897 -0.146368 0.246488
v 0.039748 -0.143751 0.246949
v 0.039481 -0.144386 0.247153
v 0.046323 -0.138936 0.251550
v 0.048186 -0.135943 0.259529
v 0.047735 -0.136339 0.259554
v 0.048032 -0.137370 0.253399
v 0.047345 -0.138374 0.253447
v 0.046777 -0.138321 0.254651
v 0.046447 -0.139724 0.253660
v 0.046725 -0.139307 0.254308
v 0.044703 -0.140687 0.250774
v 0.045787 -0.140405 0.255621
v 0.046083 -0.138603 0.261636
v 0.043778 -0.141536 0.250299
v 0.043418 -0.141511 0.250589
v 0.042872 -0.142180 0.250087
v 0.041937 -0.143008 0.249247
v 0.044956 -0.141867 0.254757
v 0.045203 -0.141535 0.255232
v 0.045584 -0.139411 0.262833
v 0.045420 -0.139466 0.262219
v 0.044140 -0.142596 0.256804
v 0.044014 -0.143005 0.255163
v 0.043583 -0.143642 0.256278
v 0.043033 -0.143885 0.255218
v 0.044384 -0.141401 0.260144
v 0.042491 -0.144207 0.255085
v 0.042607 -0.144815 0.255960
v 0.042652 -0.144809 0.256798
v 0.041883 -0.145210 0.255572
v 0.041863 -0.145536 0.256402
v 0.041326 -0.146241 0.257415
v 0.040131 -0.147212 0.257821
v 0.037515 -0.147959 0.259694
v 0.019007 -0.161275 0.192824
v 0.017217 -0.159109 0.217545
v 0.017040 -0.159401 0.215494
v 0.016867 -0.159369 0.219436
v 0.017097 -0.159447 0.218216
v 0.015900 -0.160668 0.212336
v 0.015142 -0.165109 0.194754
v 0.016642 -0.163765 0.193909
v 0.015355 -0.163078 0.182440
v 0.016816 -0.163118 0.219466
v 0.014746 -0.161602 0.211226
v 0.015893 -0.160260 0.221010
v 0.015514 -0.161144 0.221558
v 0.016698 -0.161455 0.182430
v 0.014832 -0.163347 0.182991
v 0.012014 -0.153353 0.245536
v 0.012509 -0.150301 0.252826
v 0.015644 -0.164588 0.195752
v 0.014898 -0.162513 0.222102
v 0.012717 -0.166595 0.194226
v 0.012588 -0.166312 0.193284
v 0.017410 -0.164687 0.216482
v 0.018283 -0.161630 0.166352
v 0.013167 -0.164738 0.184641
v 0.012742 -0.166718 0.195719
v 0.014358 -0.164771 0.222300
v 0.010706 -0.168076 0.197836
v 0.016327 -0.167315 0.217587
v 0.016245 -0.166284 0.219134
v 0.015556 -0.165129 0.220732
v 0.009604 -0.168772 0.196579
v 0.013879 -0.169941 0.220715
v 0.014599 -0.170391 0.216907
v 0.009477 -0.167194 0.180308
v 0.005882 -0.157477 0.252354
v 0.014418 -0.170267 0.219237
v 0.006642 -0.168606 0.179935
v 0.010781 -0.170543 0.226199
v 0.011823 -0.173935 0.220305
v 0.004652 -0.158488 0.254644
v 0.003211 -0.169589 0.238116
v 0.002809 -0.161461 0.252440
v 0.003838 -0.158988 0.255496
v 0.002269 -0.169059 0.213318
v 0.003847 -0.169056 0.208818
v 0.009673 -0.172609 0.226819
v 0.003532 -0.170272 0.211597
v 0.007149 -0.174576 0.228524
v 0.002847 -0.169727 0.208291
v 0.007476 -0.178533 0.220973
v 0.008119 -0.177607 0.222186
v 0.050322 -0.136306 0.261270
v 0.046875 -0.138500 0.252325
v 0.045523 -0.140685 0.253911
v 0.044894 -0.141628 0.254072
v 0.042278 -0.142477 0.250087
v 0.041346 -0.143289 0.249616
v 0.037058 -0.145695 0.248207
v 0.040588 -0.146851 0.256908
v 0.007541 -0.177320 0.224116
v 0.006450 -0.176995 0.226325
v 0.008702 -0.174910 0.225854
v 0.005385 -0.174002 0.231169
v 0.006895 -0.172534 0.230801
v 0.010143 -0.175256 0.222570
v 0.003668 -0.171705 0.235143
v 0.010450 -0.175611 0.220400
v 0.004740 -0.170652 0.234868
v 0.007786 -0.170739 0.230892
v 0.004350 -0.168312 0.237940
v 0.003281 -0.166672 0.242664
v 0.003966 -0.161267 0.250971
v 0.011348 -0.173590 0.222355
v 0.002956 -0.164162 0.247707
v 0.003925 -0.164018 0.246278
v 0.006557 -0.169284 0.233401
v 0.005401 -0.156859 0.257282
v 0.004577 -0.157490 0.257889
v 0.009593 -0.169829 0.228774
v 0.014473 -0.170631 0.217936
v 0.006447 -0.165335 0.237861
v 0.012277 -0.171301 0.222533
v 0.008505 -0.166368 0.232483
v 0.006268 -0.161616 0.245113
v 0.009503 -0.166994 0.230316
v 0.006398 -0.155642 0.258738
v 0.011142 -0.165424 0.228413
v 0.007971 -0.153981 0.255270
v 0.007851 -0.159592 0.245030
v 0.007351 -0.156376 0.250620
v 0.010998 -0.163688 0.230653
v 0.009178 -0.164519 0.233398
v 0.013221 -0.165388 0.223947
v 0.006840 -0.155620 0.253720
v 0.016893 -0.166325 0.216045
v 0.008598 -0.153263 0.257968
v 0.009437 -0.161520 0.239067
v 0.007518 -0.155072 0.262708
v 0.010139 -0.167654 0.199512
v 0.011707 -0.161522 0.232772
v 0.010799 -0.151580 0.259453
v 0.010637 -0.161570 0.235946
v 0.011016 -0.152958 0.248510
v 0.012944 -0.164390 0.180646
v 0.013255 -0.163501 0.179067
v 0.010883 -0.151242 0.255646
v 0.010414 -0.159139 0.241025
v 0.010874 -0.167554 0.194185
v 0.010670 -0.152098 0.251756
v 0.015274 -0.162691 0.181481
v 0.016010 -0.163588 0.165798
v 0.012629 -0.164896 0.186797
v 0.016607 -0.161032 0.180208
v 0.015820 -0.161718 0.171792
v 0.017121 -0.161703 0.168941
v 0.014164 -0.162011 0.224677
v 0.010520 -0.156177 0.244630
v 0.014579 -0.160876 0.225504
v 0.017711 -0.162606 0.216472
v 0.013002 -0.158492 0.235909
v 0.015990 -0.162131 0.185378
v 0.014241 -0.163116 0.187925
v 0.017009 -0.160371 0.174592
v 0.018128 -0.159541 0.172914
v 0.018103 -0.162426 0.161980
v 0.017467 -0.162617 0.218025
v 0.012589 -0.149933 0.257266
v 0.012446 -0.157177 0.239287
v 0.016946 -0.163117 0.197341
v 0.019982 -0.160467 0.163842
v 0.014996 -0.159038 0.228845
v 0.015743 -0.160440 0.222101
v 0.017196 -0.162256 0.214342
v 0.016485 -0.160746 0.220171
v 0.012763 -0.151352 0.248426
v 0.017646 -0.160664 0.183972
v 0.017950 -0.162220 0.159696
v 0.017294 -0.158857 0.221097
v 0.020334 -0.158016 0.170347
v 0.018626 -0.160645 0.157197
v 0.017313 -0.160317 0.216592
v 0.013976 -0.155210 0.239036
v 0.013009 -0.149754 0.252784
v 0.014593 -0.165265 0.193742
v 0.015466 -0.161766 0.188356
v 0.017128 -0.160613 0.218373
v 0.013598 -0.149902 0.249206
v 0.013417 -0.149077 0.251728
v 0.013708 -0.148615 0.252864
v 0.020057 -0.157731 0.176069
v 0.021319 -0.156594 0.173201
v 0.014925 -0.156948 0.234082
v 0.017322 -0.157420 0.226438
v 0.014412 -0.151406 0.245116
v 0.015145 -0.149760 0.245880
v 0.017956 -0.162482 0.194986
v 0.019762 -0.158161 0.181094
v 0.016792 -0.160164 0.214482
v 0.015267 -0.153531 0.239506
v 0.016637 -0.159840 0.213599
v 0.014174 -0.148774 0.250393
v 0.014381 -0.149298 0.248212
v 0.017579 -0.155520 0.231262
v 0.019114 -0.157474 0.220470
v 0.017875 -0.158651 0.215658
v 0.016248 -0.151720 0.241566
v 0.017137 -0.154168 0.235240
v 0.019048 -0.156565 0.224596
v 0.018673 -0.158102 0.217936
v 0.019005 -0.158493 0.188000
v 0.022364 -0.155565 0.179300
v 0.016719 -0.149294 0.244419
v 0.016364 -0.148373 0.247885
v 0.019943 -0.157121 0.188920
v 0.017157 -0.149871 0.242593
v 0.016712 -0.148731 0.245795
v 0.015671 -0.149119 0.247092
v 0.020442 -0.160041 0.193565
v 0.018911 -0.150993 0.239228
v 0.019953 -0.160204 0.192435
v 0.020547 -0.157335 0.186192
v 0.025979 -0.152112 0.175189
v 0.020098 -0.160298 0.202122
v 0.021629 -0.158449 0.192497
v 0.018210 -0.144670 0.249614
v 0.019003 -0.149545 0.240958
v 0.023414 -0.158085 0.194931
v 0.028063 -0.150306 0.169640
v 0.025671 -0.156587 0.199019
v 0.026906 -0.155032 0.201830
v 0.021773 -0.155386 0.189142
v 0.022683 -0.155201 0.187585
v 0.025090 -0.153087 0.180744
v 0.023143 -0.158673 0.197391
v 0.027867 -0.154881 0.196543
v 0.025908 -0.152535 0.181800
v 0.029371 -0.149154 0.173003
v 0.030193 -0.152221 0.202250
v 0.029926 -0.152037 0.188969
v 0.038139 -0.146928 0.280418
v 0.044452 -0.137857 0.287477
v 0.042846 -0.144436 0.279510
v 0.043368 -0.141179 0.283705
v 0.038330 -0.146635 0.261067
v 0.044839 -0.135533 0.291554
v 0.040234 -0.146237 0.259200
v 0.045840 -0.143031 0.277148
v 0.045077 -0.134207 0.293913
v 0.045819 -0.142455 0.278386
v 0.046428 -0.134889 0.289535
v 0.033643 -0.149526 0.201948
v 0.040012 -0.145361 0.261136
v 0.045798 -0.140632 0.280935
v 0.047458 -0.135114 0.286838
v 0.042113 -0.144463 0.258500
v 0.040247 -0.146281 0.258305
v 0.039500 -0.144708 0.264360
v 0.041289 -0.142909 0.264991
v 0.046607 -0.142834 0.275549
v 0.035887 -0.146940 0.198295
v 0.041431 -0.144282 0.260572
v 0.047802 -0.142021 0.273690
v 0.047416 -0.142173 0.271592
v 0.043133 -0.142787 0.259698
v 0.047751 -0.132140 0.292907
v 0.049221 -0.140483 0.274100
v 0.048357 -0.139737 0.277983
v 0.049481 -0.134352 0.283785
v 0.048941 -0.130300 0.294416
v 0.042757 -0.142054 0.263636
v 0.047152 -0.137836 0.282749
v 0.049046 -0.131757 0.290091
v 0.042128 -0.143364 0.262302
v 0.039772 -0.141771 0.253079
v 0.038864 -0.141391 0.250701
v 0.042221 -0.144278 0.257491
v 0.044053 -0.140740 0.263846
v 0.044701 -0.141527 0.257836
v 0.039380 -0.144980 0.248587
v 0.040215 -0.142958 0.245385
v 0.040569 -0.142410 0.242723
v 0.047785 -0.141264 0.276585
v 0.049432 -0.136607 0.280377
v 0.050930 -0.130269 0.288030
v 0.042866 -0.140594 0.244290
v 0.038899 -0.145542 0.202771
v 0.050624 -0.135719 0.279163
v 0.050431 -0.139458 0.271027
v 0.049677 -0.139964 0.268784
v 0.044184 -0.142204 0.254248
v 0.046010 -0.139815 0.256969
v 0.041296 -0.143557 0.249328
v 0.050406 -0.131999 0.285703
v 0.042395 -0.145428 0.211711
v 0.040394 -0.145769 0.207274
v 0.050510 -0.138585 0.275173
v 0.049376 -0.140678 0.228490
v 0.045661 -0.144199 0.220131
v 0.045470 -0.143965 0.215868
v 0.050578 -0.140133 0.224283
v 0.049032 -0.141460 0.219634
v 0.048904 -0.141652 0.221917
v 0.046989 -0.138216 0.256226
v 0.044297 -0.140752 0.251079
v 0.045190 -0.138462 0.246043
v 0.045770 -0.138221 0.244511
v 0.050634 -0.137504 0.264562
v 0.051432 -0.138059 0.267753
v 0.043522 -0.140378 0.247640
v 0.046314 -0.142647 0.213323
v 0.045298 -0.140437 0.258269
v 0.053411 -0.129848 0.252299
v 0.052027 -0.131246 0.254681
v 0.052603 -0.132722 0.257462
v 0.051749 -0.132964 0.257277
v 0.049513 -0.133995 0.250912
v 0.049937 -0.133316 0.256570
v 0.050313 -0.132921 0.252303
v 0.048621 -0.135822 0.252277
v 0.048370 -0.136206 0.253676
v 0.048351 -0.135528 0.257287
v 0.052766 -0.136165 0.265687
v 0.048208 -0.136121 0.255851
v 0.046501 -0.138863 0.258343
v 0.050411 -0.136843 0.262275
v 0.047188 -0.137461 0.260947
v 0.045793 -0.139188 0.251826
v 0.037918 -0.146235 0.262754
v 0.037907 -0.147816 0.258942
v 0.031459 -0.147532 0.247697
v 0.024094 -0.154092 0.188507
v 0.016784 -0.159913 0.212324
v 0.036619 -0.146295 0.247332
v 0.052488 -0.137719 0.229756
v 0.049170 -0.140817 0.216585
v 0.047383 -0.136264 0.248297
v 0.052967 -0.136143 0.234622
v 0.044867 -0.142264 0.208181
v 0.052449 -0.135663 0.263179
v 0.049212 -0.138361 0.237762
v 0.051460 -0.135614 0.261481
v 0.049171 -0.135000 0.252842
v 0.048516 -0.138427 0.208209
v 0.053163 -0.133992 0.261103
v 0.049203 -0.134343 0.248969
v 0.050320 -0.132645 0.254237
v 0.051925 -0.135538 0.239209
v 0.049946 -0.134182 0.246483
v 0.051663 -0.131250 0.252395
v 0.052859 -0.133302 0.258645
v 0.054290 -0.129372 0.248790
v 0.053582 -0.131171 0.245743
v 0.054606 -0.130642 0.256947
v 0.054397 -0.129447 0.254483
v 0.055724 -0.127890 0.253327
v 0.053095 -0.131759 0.256543
v 0.046238 -0.138721 0.252263
v 0.046165 -0.138624 0.252519
v 0.046052 -0.138806 0.252870
v 0.045530 -0.139744 0.251570
v 0.043072 -0.138328 0.251788
v 0.040193 -0.142175 0.254555
v 0.038414 -0.145427 0.248407
v 0.039114 -0.140716 0.249551
v 0.037241 -0.145817 0.247078
v 0.037675 -0.141563 0.248971
v 0.037837 -0.141355 0.249300
v 0.042123 -0.142320 0.264899
v 0.036014 -0.146544 0.247909
v 0.035983 -0.145063 0.256115
v 0.034027 -0.145711 0.256634
v 0.032635 -0.147000 0.245763
v 0.031113 -0.147579 0.246317
v 0.032304 -0.146043 0.256975
v 0.030235 -0.147911 0.247401
v 0.029642 -0.143567 0.248496
v 0.030022 -0.147310 0.246028
v 0.028032 -0.147756 0.246792
v 0.029344 -0.147914 0.247597
v 0.030302 -0.146347 0.257022
v 0.027250 -0.147211 0.246302
v 0.037235 -0.148158 0.278002
v 0.026383 -0.147781 0.247930
v 0.024646 -0.147587 0.248537
v 0.029523 -0.147101 0.266846
v 0.025285 -0.146128 0.256612
v 0.024547 -0.145715 0.256279
v 0.022993 -0.145385 0.255502
v 0.021954 -0.147169 0.248732
v 0.019481 -0.147520 0.248414
v 0.021019 -0.144883 0.252675
v 0.020118 -0.147226 0.247781
v 0.019989 -0.144784 0.252840
v 0.018698 -0.147574 0.248060
v 0.018979 -0.144578 0.249288
v 0.018548 -0.144552 0.250272
v 0.018825 -0.147426 0.248448
v 0.017421 -0.146887 0.248430
v 0.017314 -0.148151 0.247731
v 0.016965 -0.148103 0.248097
v 0.017254 -0.148195 0.248794
v 0.017332 -0.147970 0.261787
v 0.016451 -0.148091 0.261249
v 0.013617 -0.148645 0.255471
v 0.014476 -0.164638 0.192474
v 0.012544 -0.154541 0.270152
v 0.008884 -0.167573 0.186561
v 0.011366 -0.165219 0.188443
v 0.009884 -0.155245 0.270612
v 0.007922 -0.166323 0.212007
v 0.009512 -0.165244 0.213820
v 0.006554 -0.168126 0.187869
v 0.011825 -0.163797 0.176489
v 0.007366 -0.165422 0.213668
v 0.006712 -0.168530 0.186998
v 0.007274 -0.168806 0.184752
v 0.010189 -0.164458 0.176539
v 0.011419 -0.166305 0.161280
v 0.010072 -0.164762 0.173941
v 0.007006 -0.168703 0.181774
v 0.005425 -0.167222 0.211999
v 0.006669 -0.166292 0.213251
v 0.005027 -0.168037 0.213266
v 0.005191 -0.169409 0.185489
v 0.009743 -0.166975 0.163754
v 0.008048 -0.165074 0.176189
v 0.007547 -0.170297 0.197954
v 0.006643 -0.169729 0.199599
v 0.007134 -0.168490 0.202183
v 0.004424 -0.166976 0.214748
v 0.004946 -0.169325 0.202057
v 0.002079 -0.167951 0.242183
v 0.000950 -0.170128 0.239349
v 0.044883 -0.137897 0.252661
v 0.044084 -0.137874 0.252184
v 0.040440 -0.140018 0.250162
v 0.039540 -0.143987 0.266344
v 0.027544 -0.143870 0.248863
v 0.023495 -0.147213 0.248071
v 0.023732 -0.145705 0.256080
v 0.015245 -0.148122 0.258355
v 0.030602 -0.143509 0.248348
v 0.002097 -0.170285 0.238327
v 0.003645 -0.169023 0.206271
v 0.000717 -0.159630 0.257087
v 0.002674 -0.158845 0.257386
v 0.002053 -0.161299 0.253453
v 0.001618 -0.158691 0.258771
v 0.001597 -0.165081 0.247580
v 0.005369 -0.168378 0.205696
v 0.002656 -0.157475 0.261059
v 0.007736 -0.167384 0.165175
v 0.008520 -0.166763 0.167928
v 0.005407 -0.169449 0.183014
v 0.004474 -0.156623 0.262702
v 0.005132 -0.156636 0.260206
v 0.005010 -0.169732 0.200506
v 0.010640 -0.166400 0.166695
v 0.012242 -0.163550 0.210444
v 0.007598 -0.165223 0.174689
v 0.008479 -0.165498 0.172575
v 0.008969 -0.167030 0.161361
v 0.007089 -0.169969 0.198816
v 0.008399 -0.165229 0.177399
v 0.011659 -0.165971 0.201898
v 0.005537 -0.156295 0.266921
v 0.008051 -0.168309 0.183150
v 0.006583 -0.155975 0.265243
v 0.011697 -0.164779 0.170490
v 0.013462 -0.165278 0.165000
v 0.013704 -0.164316 0.203667
v 0.006395 -0.155808 0.262039
v 0.013431 -0.164734 0.167872
v 0.011863 -0.164121 0.172706
v 0.013007 -0.165711 0.162253
v 0.012186 -0.163809 0.177736
v 0.008673 -0.155657 0.269092
v 0.009627 -0.165275 0.178690
v 0.014506 -0.162218 0.174896
v 0.008132 -0.155224 0.264909
v 0.016172 -0.163777 0.163368
v 0.012535 -0.166282 0.198503
v 0.008343 -0.168906 0.194670
v 0.010284 -0.166862 0.184468
v 0.012695 -0.165120 0.181159
v 0.008687 -0.166988 0.188201
v 0.009310 -0.155059 0.266598
v 0.015164 -0.164334 0.160485
v 0.013630 -0.153913 0.269192
v 0.016767 -0.162957 0.199873
v 0.016879 -0.160594 0.177576
v 0.015854 -0.162898 0.157505
v 0.013867 -0.151341 0.264128
v 0.015547 -0.161874 0.208538
v 0.014687 -0.154175 0.272182
v 0.013373 -0.150302 0.261081
v 0.020914 -0.158257 0.208273
v 0.014350 -0.149081 0.258683
v 0.017279 -0.153677 0.276147
v 0.014626 -0.149716 0.261487
v 0.017234 -0.153538 0.272056
v 0.017330 -0.151074 0.266399
v 0.018221 -0.153055 0.271298
v 0.014911 -0.148559 0.259845
v 0.015278 -0.148336 0.252769
v 0.019137 -0.153463 0.275267
v 0.019801 -0.160982 0.196463
v 0.016413 -0.149484 0.263050
v 0.022342 -0.159157 0.199490
v 0.020866 -0.150615 0.267729
v 0.014973 -0.148122 0.258706
v 0.015728 -0.148194 0.251114
v 0.019450 -0.149268 0.264871
v 0.015560 -0.148538 0.248997
v 0.016750 -0.148273 0.253316
v 0.019520 -0.154504 0.230277
v 0.020384 -0.155486 0.225380
v 0.023926 -0.152373 0.276929
v 0.016697 -0.148263 0.249440
v 0.019936 -0.157979 0.212916
v 0.021909 -0.149178 0.266369
v 0.024982 -0.152132 0.274519
v 0.023713 -0.150550 0.269526
v 0.024262 -0.149546 0.267766
v 0.019570 -0.148218 0.264488
v 0.019268 -0.152135 0.236550
v 0.020511 -0.157475 0.214945
v 0.022681 -0.155662 0.219289
v 0.025262 -0.151701 0.273174
v 0.023797 -0.152480 0.275600
v 0.019876 -0.147992 0.263836
v 0.017807 -0.145140 0.249111
v 0.019219 -0.147512 0.247068
v 0.021209 -0.153121 0.231402
v 0.023901 -0.153009 0.227648
v 0.030243 -0.150720 0.277337
v 0.023441 -0.147898 0.266009
v 0.018103 -0.147878 0.245959
v 0.019727 -0.147213 0.246361
v 0.023497 -0.156524 0.207969
v 0.020583 -0.148634 0.242465
v 0.023672 -0.157393 0.193365
v 0.023426 -0.147896 0.265393
v 0.019027 -0.144653 0.251551
v 0.021683 -0.144483 0.250697
v 0.020033 -0.147493 0.244959
v 0.027971 -0.153740 0.212612
v 0.021848 -0.149102 0.239319
v 0.020958 -0.147086 0.247100
v 0.021808 -0.146894 0.246328
v 0.026271 -0.155814 0.193627
v 0.026786 -0.153826 0.218047
v 0.026470 -0.154225 0.215694
v 0.023810 -0.151527 0.232186
v 0.022686 -0.150325 0.236412
v 0.033256 -0.149702 0.274899
v 0.021797 -0.145042 0.254762
v 0.021111 -0.144350 0.249595
v 0.022379 -0.149386 0.238086
v 0.022693 -0.146996 0.244403
v 0.025668 -0.155755 0.192548
v 0.025299 -0.153760 0.222290
v 0.025430 -0.148577 0.267264
v 0.023808 -0.145630 0.254573
v 0.023466 -0.143941 0.249319
v 0.026632 -0.154761 0.205275
v 0.030233 -0.150016 0.272382
v 0.033545 -0.149495 0.278480
v 0.037364 -0.148299 0.276287
v 0.033844 -0.149239 0.273321
v 0.024340 -0.144664 0.251539
v 0.022212 -0.144171 0.249252
v 0.026103 -0.148177 0.239251
v 0.027797 -0.150334 0.230715
v 0.030284 -0.150901 0.225390
v 0.028200 -0.154372 0.193561
v 0.028170 -0.147404 0.267500
v 0.026766 -0.147510 0.266922
v 0.027925 -0.153891 0.190632
v 0.024878 -0.153791 0.188313
v 0.025549 -0.153175 0.185689
v 0.027923 -0.151158 0.180604
v 0.029365 -0.149765 0.178647
v 0.025958 -0.149329 0.235098
v 0.028850 -0.153360 0.208009
v 0.025517 -0.153761 0.188373
v 0.029582 -0.148481 0.234236
v 0.029283 -0.148369 0.268979
v 0.025793 -0.143931 0.249079
v 0.025199 -0.147185 0.246884
v 0.023344 -0.147052 0.246975
v 0.028229 -0.146689 0.243221
v 0.026051 -0.154861 0.190968
v 0.025517 -0.144100 0.248832
v 0.027410 -0.147325 0.240344
v 0.038784 -0.147583 0.274249
v 0.027398 -0.146199 0.256709
v 0.027946 -0.144392 0.250752
v 0.031293 -0.151311 0.221372
v 0.026652 -0.145493 0.253444
v 0.037581 -0.140522 0.291922
v 0.026381 -0.154054 0.189462
v 0.027596 -0.152623 0.186277
v 0.027632 -0.146451 0.257008
v 0.026600 -0.147619 0.248241
v 0.027603 -0.146844 0.241931
v 0.028343 -0.151688 0.184292
v 0.029813 -0.150569 0.183380
v 0.039726 -0.138655 0.293148
v 0.040030 -0.146610 0.272221
v 0.027998 -0.143881 0.248477
v 0.040513 -0.146692 0.277336
v 0.038412 -0.141223 0.289508
v 0.030955 -0.152237 0.210986
v 0.035707 -0.147656 0.271102
v 0.029738 -0.145292 0.254038
v 0.028806 -0.144147 0.249502
v 0.030211 -0.146452 0.241873
v 0.038813 -0.145889 0.281774
v 0.038874 -0.137884 0.295910
v 0.035866 -0.147511 0.230197
v 0.041362 -0.146407 0.275178
v 0.041922 -0.139478 0.288400
v 0.035146 -0.149882 0.219939
v 0.031906 -0.151488 0.218105
v 0.031119 -0.151708 0.204977
v 0.034430 -0.146569 0.268349
v 0.031286 -0.146838 0.267699
v 0.030920 -0.144129 0.250545
v 0.029779 -0.143679 0.248887
v 0.040407 -0.145971 0.279890
v 0.041810 -0.145992 0.273165
v 0.032651 -0.144546 0.252759
v 0.031878 -0.146341 0.239246
v 0.032503 -0.146559 0.267052
v 0.030618 -0.146527 0.243217
v 0.038973 -0.142960 0.285988
v 0.033096 -0.146804 0.236641
v 0.040154 -0.146067 0.229357
v 0.031699 -0.143339 0.248564
v 0.041955 -0.145727 0.277772
v 0.041332 -0.142759 0.283779
v 0.040678 -0.144418 0.268223
v 0.036338 -0.146313 0.268949
v 0.030888 -0.146385 0.257160
v 0.033630 -0.142870 0.248480
v 0.044105 -0.144663 0.276210
v 0.042223 -0.136098 0.294831
v 0.035832 -0.148885 0.224407
v 0.036508 -0.146449 0.264400
v 0.038183 -0.146042 0.269585
v 0.037368 -0.145545 0.267924
v 0.034266 -0.145107 0.254616
v 0.036239 -0.145563 0.266278
v 0.036041 -0.146108 0.268360
v 0.037358 -0.148732 0.258612
v 0.034519 -0.145353 0.240723
v 0.036255 -0.145946 0.235801
v 0.040392 -0.147200 0.222478
v 0.036325 -0.145460 0.266893
v 0.034990 -0.147675 0.262696
v 0.031958 -0.147245 0.247782
v 0.032410 -0.147449 0.246840
v 0.035051 -0.145367 0.242849
v 0.044564 -0.144475 0.273586
v 0.036928 -0.149229 0.215783
v 0.038437 -0.144584 0.266004
v 0.035161 -0.145169 0.255413
v 0.035043 -0.143797 0.251909
v 0.033526 -0.147164 0.246214
v 0.035155 -0.142310 0.248687
v 0.033832 -0.147255 0.247170
v 0.034080 -0.150466 0.210283
v 0.044179 -0.143807 0.269732
v 0.038584 -0.147881 0.256561
v 0.036254 -0.144388 0.254316
v 0.039831 -0.147700 0.219475
v 0.037002 -0.143468 0.252687
v 0.041344 -0.145741 0.228350
v 0.046360 -0.142652 0.269718
v 0.044124 -0.142426 0.266559
v 0.038269 -0.143223 0.253793
v 0.036842 -0.142489 0.250997
v 0.037374 -0.144738 0.238220
v 0.041965 -0.142733 0.265818
v 0.037748 -0.144170 0.243155
v 0.041239 -0.144364 0.233976
v 0.037413 -0.144256 0.240431
v 0.044064 -0.144949 0.225022
v 0.037916 -0.144042 0.255316
v 0.045755 -0.143025 0.229776
v 0.043232 -0.145806 0.220738
v 0.038342 -0.142476 0.252432
v 0.041964 -0.146545 0.217405
v 0.036002 -0.148625 0.205980
v 0.043431 -0.143539 0.233139
v 0.042945 -0.145748 0.215547
v 0.045463 -0.141978 0.234364
v 0.041163 -0.142476 0.240218
v 0.047884 -0.139910 0.265290
v 0.046851 -0.142843 0.226704
v 0.042414 -0.139634 0.253218
v 0.040629 -0.139859 0.250617
v 0.042625 -0.139550 0.254085
v 0.047120 -0.143065 0.223159
v 0.044519 -0.138012 0.253115
v 0.042640 -0.141335 0.241124
v 0.044856 -0.140676 0.253658
v 0.049524 -0.139583 0.233005
v 0.048858 -0.137624 0.262213
v 0.047377 -0.139924 0.237090
v 0.039121 -0.143702 0.255526
v 0.027787 -0.147887 0.247528
v 0.024919 -0.153579 0.188953
v 0.018066 -0.145019 0.248940
v 0.022148 -0.148192 0.265972
v 0.018236 -0.148088 0.263265
v 0.014602 -0.148119 0.257605
v 0.046038 -0.138621 0.242420
v 0.050032 -0.135538 0.259737
v 0.049765 -0.135596 0.243320
v 0.035312 -0.149637 0.258393
v 0.035533 -0.149262 0.259461
v 0.046214 -0.139449 0.253231
v 0.028183 -0.150433 0.257160
v 0.026621 -0.150286 0.256401
v 0.026053 -0.147289 0.256544
v 0.026825 -0.150646 0.256952
v 0.025994 -0.150658 0.256595
v 0.024920 -0.149956 0.256180
v 0.025319 -0.150617 0.256797
v 0.025198 -0.150382 0.256528
v 0.026130 -0.149155 0.256288
v 0.026744 -0.147523 0.256871
v 0.028984 -0.148925 0.257022
v 0.028804 -0.146793 0.257129
v 0.029172 -0.150261 0.257155
v 0.027523 -0.150774 0.257450
v 0.022334 -0.149385 0.255167
v 0.045474 -0.139654 0.253292
v 0.043671 -0.141473 0.254108
v 0.040609 -0.146374 0.255889
v 0.035344 -0.149347 0.257196
v 0.035707 -0.148507 0.256804
v 0.033589 -0.149169 0.257080
v 0.031411 -0.149736 0.257021
v 0.032960 -0.150042 0.257433
v 0.031474 -0.150408 0.257631
v 0.024581 -0.150547 0.256727
v 0.023988 -0.150308 0.256443
v 0.023712 -0.150502 0.256759
v 0.030185 -0.150780 0.258061
v 0.026641 -0.146471 0.256845
v 0.025946 -0.150783 0.256902
v 0.023427 -0.149858 0.256069
v 0.031915 -0.148247 0.256973
v 0.032602 -0.146265 0.257164
v 0.034528 -0.146218 0.256924
v 0.036780 -0.148784 0.256873
v 0.037980 -0.147220 0.256313
v 0.037750 -0.145122 0.256334
v 0.041438 -0.144448 0.255212
v 0.040971 -0.143464 0.255232
v 0.033963 -0.002989 0.120813
v 0.038951 -0.011182 0.120553
v 0.029348 -0.000255 0.123267
v 0.045912 -0.029419 0.119693
v 0.026561 -0.008444 0.136391
v 0.033322 -0.012849 0.131016
v 0.043348 -0.035549 0.131211
v 0.035028 -0.024044 0.140016
v 0.021920 -0.012173 0.147979
v 0.040465 -0.025896 0.128769
v 0.026637 -0.015560 0.146903
v 0.025005 -0.019238 0.158214
v 0.032031 -0.027753 0.156081
v 0.040666 -0.039761 0.148601
v 0.042608 -0.045610 0.151056
v 0.022038 -0.019519 0.170880
v 0.025630 -0.022592 0.169807
v 0.038497 -0.039561 0.159965
v 0.031087 -0.030748 0.171968
v 0.042015 -0.046461 0.169541
v 0.040490 -0.043238 0.179123
v 0.046549 -0.053140 0.179960
v 0.021358 -0.017476 0.162018
v 0.031265 -0.145154 0.248412
v 0.030631 -0.147425 0.247850
v 0.035917 -0.142291 0.248593
v 0.029263 -0.147696 0.247831
v 0.029470 -0.143891 0.248287
v 0.027929 -0.147585 0.248095
v 0.029493 -0.146247 0.248373
v 0.028304 -0.145854 0.248445
v 0.023194 -0.147082 0.248752
v 0.021651 -0.147037 0.248924
v 0.020106 -0.144605 0.249277
v 0.018076 -0.147420 0.248200
v 0.017940 -0.145444 0.248665
v 0.020993 -0.144628 0.249283
v 0.022017 -0.146550 0.249061
v 0.023887 -0.144049 0.248933
v 0.025403 -0.145970 0.248881
v 0.034412 -0.144941 0.248489
v 0.032412 -0.143378 0.248338
v 0.034929 -0.146948 0.247784
v 0.036900 -0.143780 0.248824
v 0.039534 -0.144684 0.248882
v 0.041713 -0.139315 0.250565
v 0.040793 -0.140383 0.250035
v 0.042626 -0.140179 0.250753
v 0.043452 -0.138718 0.251365
v 0.044444 -0.138081 0.252009
v 0.045373 -0.138569 0.252149
v 0.034667 -0.149728 0.257589
v 0.032346 -0.148654 0.262536
v 0.031714 -0.150639 0.258438
v 0.030570 -0.150664 0.259006
v 0.030144 -0.149970 0.259875
v 0.028869 -0.150725 0.257792
v 0.028156 -0.150805 0.257846
v 0.027525 -0.150897 0.257962
v 0.024941 -0.150743 0.257156
v 0.026386 -0.150776 0.258108
v 0.024511 -0.150442 0.258001
v 0.027399 -0.148958 0.262374
v 0.022200 -0.149965 0.255547
v 0.022862 -0.150292 0.257031
v 0.021652 -0.149768 0.254957
v 0.021218 -0.149797 0.255272
v 0.022809 -0.149897 0.258031
v 0.020599 -0.149410 0.256729
v 0.020520 -0.149557 0.253600
v 0.021260 -0.149912 0.256061
v 0.020544 -0.149415 0.257564
v 0.019351 -0.148979 0.252709
v 0.018326 -0.148633 0.255051
v 0.028487 -0.150730 0.258495
v 0.015366 -0.148324 0.255362
v 0.016415 -0.148455 0.258281
v 0.016872 -0.148193 0.251236
v 0.017531 -0.148818 0.257444
v 0.016488 -0.148412 0.254959
v 0.016875 -0.148343 0.252327
v 0.018369 -0.149019 0.253001
v 0.018027 -0.148577 0.251137
v 0.018905 -0.148891 0.260194
v 0.018814 -0.149180 0.257147
v 0.019821 -0.149352 0.258906
v 0.021257 -0.148806 0.262104
v 0.021294 -0.149588 0.258890
v 0.019215 -0.149101 0.255061
v 0.023090 -0.149628 0.259769
v 0.024308 -0.148469 0.263547
v 0.023039 -0.149665 0.259004
v 0.025145 -0.149630 0.260191
v 0.023046 -0.149261 0.260858
v 0.022635 -0.150162 0.256190
v 0.026653 -0.147666 0.266110
v 0.027037 -0.149421 0.261199
v 0.028807 -0.148327 0.263950
v 0.028464 -0.149659 0.260536
v 0.025887 -0.149969 0.259298
v 0.026546 -0.150887 0.257313
v 0.030606 -0.149175 0.261612
v 0.031302 -0.149633 0.260633
v 0.030234 -0.148809 0.262848
v 0.032196 -0.147535 0.265139
v 0.031844 -0.148363 0.263501
v 0.033674 -0.148613 0.261806
v 0.031718 -0.150526 0.259121
v 0.032265 -0.149896 0.259778
v 0.033442 -0.150185 0.258955
v 0.034119 -0.149009 0.260683
v 0.035775 -0.148057 0.261197
v 0.033336 -0.150300 0.258067
v 0.037194 -0.148877 0.257723
v 0.024711 -0.147745 0.256220
v 0.024813 -0.147223 0.256170
v 0.024323 -0.149007 0.255978
v 0.023535 -0.147008 0.255668
v 0.021881 -0.149630 0.254766
v 0.019844 -0.148910 0.252814
v 0.018774 -0.148539 0.251684
v 0.018188 -0.148098 0.250386
v 0.017740 -0.146905 0.249794
v 0.019361 -0.147640 0.252064
v 0.019228 -0.146256 0.251956
v 0.021179 -0.144937 0.254266
v 0.021733 -0.147964 0.254514
v 0.023318 -0.148584 0.255532
v 0.022092 -0.146423 0.254930
v 0.022768 -0.146458 0.255167
v 0.022662 -0.145631 0.255403
v 0.022981 -0.155825 0.190764
v 0.010994 -0.165543 0.190419
v 0.017306 -0.161349 0.190963
v 0.012824 -0.164997 0.191084
v 0.016130 -0.163009 0.191909
v 0.016476 -0.160919 0.190281
v 0.018500 -0.160081 0.190944
v 0.019766 -0.159016 0.191273
v 0.021059 -0.158642 0.191692
v 0.022070 -0.156976 0.191256
v 0.020574 -0.157370 0.190895
v 0.024132 -0.153289 0.189736
v 0.024055 -0.153276 0.190067
v 0.023823 -0.155087 0.190722
v 0.023260 -0.153455 0.190329
v 0.007610 -0.166425 0.189965
v 0.006366 -0.168207 0.191108
v 0.006998 -0.169836 0.195807
v 0.003410 -0.168773 0.190443
v 0.005714 -0.171197 0.198009
v 0.001254 -0.169475 0.190173
v 0.004264 -0.170789 0.195941
v 0.000975 -0.171034 0.192969
v 0.000852 -0.170197 0.190917
v -0.000352 -0.170013 0.190340
v -0.000682 -0.170823 0.191978
v 0.003342 -0.171670 0.197439
v 0.001672 -0.171320 0.195402
v 0.000084 -0.171606 0.195919
v 0.003815 -0.169967 0.193063
v 0.003706 -0.167416 0.189602
v 0.008704 -0.168167 0.193185
v 0.011032 -0.166517 0.191756
v 0.024066 -0.155981 0.191654
v 0.024950 -0.154682 0.190308
v 0.025568 -0.153974 0.189107
v 0.013378 -0.163451 0.190102
v 0.020556 -0.155495 0.190014
v 0.018479 -0.157586 0.189868
v 0.017001 -0.159084 0.189894
v 0.013933 -0.162633 0.188940
v 0.012417 -0.162755 0.189356
v 0.010135 -0.164148 0.189308
v 0.008631 -0.164840 0.189423
v 0.009460 -0.165748 0.188929
v 0.015242 -0.160670 0.189671
v 0.020313 -0.155778 0.190193
v 0.022195 -0.154088 0.190135
v 0.010920 -0.163761 0.189494
v 0.007615 -0.167033 0.188584
v 0.007764 -0.165316 0.189409
v 0.005624 -0.167929 0.188305
v 0.005664 -0.165889 0.189230
v 0.003309 -0.166332 0.189010
v 0.002833 -0.169191 0.187220
v 0.002484 -0.166856 0.188793
v 0.002240 -0.167622 0.188534
v 0.001956 -0.167500 0.188751
v 0.000477 -0.167573 0.188598
v 0.001908 -0.168508 0.187982
v -0.002552 -0.166890 0.189025
v -0.001741 -0.166631 0.189050
v -0.004689 -0.168137 0.188341
v -0.004529 -0.168755 0.187526
v -0.003795 -0.166659 0.189364
v -0.003534 -0.166774 0.189160
v -0.005380 -0.166199 0.189369
v -0.006138 -0.166274 0.189251
v -0.008109 -0.165818 0.189175
v -0.007049 -0.167559 0.188304
v -0.006097 -0.166249 0.189406
v -0.009766 -0.165537 0.189075
v 0.000163 -0.166801 0.188871
v -0.002210 -0.169324 0.187042
v -0.000881 -0.166767 0.188969
v 0.021397 -0.154770 0.190334
v 0.019242 -0.156668 0.190090
v 0.003497 -0.166242 0.189207
v 0.002323 -0.167454 0.188984
v 0.012871 -0.162651 0.189689
v 0.014826 -0.161070 0.189862
v 0.021911 -0.155579 0.190557
v 0.000107 -0.167651 0.188926
v -0.011596 -0.164817 0.189121
v -0.012077 -0.164747 0.189840
v -0.012487 -0.163913 0.189403
v -0.013734 -0.163108 0.189638
v -0.013624 -0.162369 0.189310
v -0.015171 -0.161603 0.189307
v -0.016372 -0.161459 0.189825
v -0.016551 -0.160628 0.189272
v -0.018027 -0.159197 0.189952
v -0.018468 -0.159660 0.190788
v -0.020016 -0.158225 0.190738
v -0.021487 -0.156409 0.190507
v -0.021691 -0.154955 0.190110
v -0.021653 -0.157214 0.191671
v -0.021345 -0.154657 0.189608
v -0.022409 -0.154839 0.190594
v -0.022993 -0.153815 0.190424
v -0.012760 -0.163152 0.189216
v -0.022708 -0.155272 0.191159
v -0.017907 -0.160651 0.191335
v -0.000975 -0.169012 0.189557
v -0.004224 -0.167571 0.189745
v 0.005258 -0.166045 0.189379
v 0.001335 -0.167822 0.188770
v 0.001361 -0.168511 0.189524
v -0.002299 -0.166962 0.189299
v -0.006273 -0.167568 0.190161
v -0.008319 -0.165743 0.189386
v -0.009960 -0.165786 0.189784
v -0.023320 -0.154199 0.190889
v -0.023784 -0.152801 0.190110
v -0.023451 -0.152348 0.189623
v -0.025079 -0.152303 0.190135
v -0.024288 -0.152011 0.189664
v -0.024270 -0.153385 0.190823
v 0.024402 -0.154221 0.190252
v 0.053851 -0.032672 0.102782
v 0.053728 -0.027420 0.106051
v 0.050616 -0.041954 0.097494
v 0.058061 -0.018373 0.102272
v 0.053971 -0.035797 0.099124
v 0.059156 -0.029579 0.096703
v 0.049289 -0.044540 0.092146
v 0.045478 -0.049933 0.093910
v 0.042102 -0.056163 0.097661
v 0.050443 -0.039433 0.104737
v 0.038256 -0.070188 0.114995
v 0.047580 -0.046479 0.105765
v 0.044970 -0.053554 0.111531
v 0.049946 -0.022507 0.111556
v 0.041084 -0.063670 0.112964
v 0.050239 -0.034443 0.110641
v 0.049369 -0.029298 0.113227
v 0.043952 -0.017666 0.117572
v 0.047685 -0.040610 0.118170
v 0.045389 -0.051012 0.130935
v 0.043451 -0.060684 0.123987
v 0.046626 -0.040839 0.123024
v 0.039410 -0.078432 0.140492
v 0.042648 -0.073949 0.146120
v 0.044760 -0.047324 0.136997
v 0.044063 -0.066525 0.143208
v 0.044778 -0.053720 0.143938
v 0.041979 -0.082855 0.155597
v 0.045956 -0.073913 0.160209
v 0.022017 -0.154385 0.155025
v 0.019039 -0.159553 0.156206
v 0.017619 -0.160227 0.155484
v 0.023712 -0.153890 0.156708
v 0.021482 -0.153660 0.154230
v 0.011902 -0.160536 0.152635
v 0.014059 -0.162745 0.155567
v 0.007828 -0.161434 0.152034
v -0.005618 -0.147201 0.150882
v -0.002139 -0.159041 0.150502
v -0.017700 -0.136159 0.153401
v -0.014425 -0.147575 0.152307
v -0.011814 -0.155161 0.151229
v -0.010478 -0.152516 0.150951
v -0.012728 -0.145426 0.152148
v -0.012664 -0.140510 0.152347
v -0.014380 -0.125245 0.151767
v -0.015264 -0.118051 0.151468
v -0.009085 -0.159868 0.151635
v -0.008341 -0.150023 0.150995
v -0.012658 -0.129605 0.151616
v -0.011098 -0.119167 0.150572
v -0.013811 -0.114706 0.150927
v -0.007092 -0.157833 0.150660
v -0.008584 -0.155482 0.150659
v -0.011391 -0.137784 0.152082
v -0.001655 -0.161527 0.151380
v -0.010469 -0.124530 0.151034
v -0.009786 -0.116903 0.150255
v -0.009944 -0.114435 0.149886
v -0.009873 -0.142706 0.151768
v -0.001943 -0.156216 0.150039
v 0.003412 -0.162146 0.151902
v -0.003778 -0.152008 0.150152
v -0.008183 -0.130551 0.150996
v 0.003782 -0.159560 0.150700
v -0.005636 -0.139119 0.151400
v -0.006047 -0.118204 0.149838
v -0.006088 -0.143449 0.151319
v 0.004138 -0.153244 0.149803
v 0.001265 -0.151210 0.149862
v -0.004814 -0.125499 0.150577
v -0.005824 -0.116023 0.149441
v 0.006853 -0.162991 0.152983
v -0.000852 -0.148063 0.150351
v -0.002094 -0.142854 0.151040
v -0.007608 -0.112721 0.148686
v 0.006450 -0.157868 0.150473
v 0.003670 -0.156628 0.150062
v -0.000843 -0.140461 0.151082
v -0.004402 -0.133868 0.150732
v 0.010471 -0.162136 0.153250
v 0.008362 -0.159453 0.151225
v -0.002414 -0.119296 0.149662
v 0.005124 -0.142638 0.150926
v -0.003490 -0.115295 0.148871
v -0.001466 -0.134709 0.150567
v -0.006175 -0.110728 0.147196
v -0.002840 -0.110932 0.146429
v 0.007823 -0.150946 0.149962
v 0.002341 -0.146479 0.150555
v -0.001475 -0.122671 0.150124
v 0.011937 -0.158814 0.151717
v 0.009240 -0.156679 0.150555
v 0.007387 -0.154008 0.149914
v 0.003820 -0.140391 0.150928
v 0.001950 -0.136804 0.150669
v 0.000333 -0.113507 0.147768
v 0.015495 -0.160877 0.154527
v 0.013009 -0.161898 0.154050
v 0.015190 -0.159400 0.153278
v 0.002694 -0.126386 0.150276
v 0.000258 -0.120390 0.149779
v 0.013269 -0.155260 0.151045
v 0.011381 -0.153746 0.150470
v 0.000715 -0.115630 0.148627
v 0.000326 -0.111715 0.146579
v 0.015401 -0.156925 0.152153
v 0.007963 -0.144849 0.151012
v 0.010333 -0.146952 0.150920
v 0.019658 -0.157530 0.154936
v 0.004632 -0.118684 0.149529
v 0.018571 -0.157285 0.153897
v 0.006503 -0.130406 0.150444
v 0.018751 -0.155824 0.153334
v 0.015131 -0.153023 0.151265
v 0.013804 -0.150448 0.150892
v 0.017851 -0.153808 0.152250
v 0.008041 -0.139067 0.151094
v 0.006843 -0.116114 0.148850
v 0.004398 -0.113107 0.147486
v 0.004321 -0.111923 0.146743
v 0.006435 -0.120126 0.149830
v 0.021096 -0.152472 0.153558
v 0.011588 -0.141397 0.151581
v 0.012719 -0.125667 0.150690
v 0.018438 -0.149692 0.152168
v 0.016490 -0.144632 0.152224
v 0.018902 -0.147382 0.152300
v 0.012753 -0.133396 0.151284
v 0.012244 -0.123533 0.150450
v 0.007390 -0.112620 0.147460
v 0.006655 -0.124881 0.150278
v 0.007485 -0.110982 0.146286
v 0.013207 -0.138104 0.151783
v 0.009692 -0.117362 0.149463
v 0.021774 -0.148892 0.153339
v 0.009659 -0.121943 0.150194
v 0.025060 -0.148886 0.155351
v 0.009786 -0.112285 0.147611
v 0.020089 -0.143750 0.152929
v 0.017683 -0.138233 0.152687
v 0.017433 -0.134624 0.152373
v 0.009615 -0.114046 0.148378
v 0.014008 -0.114533 0.149197
v 0.014247 -0.112259 0.148662
v 0.025049 -0.147218 0.154809
v 0.012180 -0.110523 0.147035
v 0.025858 -0.142558 0.154702
v 0.018943 -0.130086 0.152318
v 0.016427 -0.125417 0.151338
v 0.014691 -0.116307 0.149973
v 0.015076 -0.119189 0.150470
v 0.023351 -0.141672 0.153874
v 0.028320 -0.141353 0.155841
v 0.019630 -0.118892 0.151383
v 0.016708 -0.114934 0.150071
v 0.025218 -0.138198 0.154461
v 0.017378 -0.111976 0.149408
v 0.023611 -0.123273 0.153135
v 0.025166 -0.129314 0.154064
v 0.020403 -0.115817 0.151243
v 0.029297 -0.137825 0.155889
v 0.023868 -0.117575 0.152533
v 0.026686 -0.132211 0.154695
v 0.020663 -0.111425 0.150466
v 0.029190 -0.133564 0.155531
v 0.022205 -0.114332 0.151593
v 0.022533 -0.109054 0.150550
v 0.033944 -0.132507 0.157555
v 0.030734 -0.124501 0.155401
v 0.025298 -0.110288 0.152159
v 0.028593 -0.119384 0.154441
v 0.027162 -0.111356 0.153163
v 0.026983 -0.107479 0.152312
v 0.028513 -0.108260 0.153364
v 0.033299 -0.128178 0.156631
v 0.029885 -0.114304 0.154628
v 0.034817 -0.119871 0.156640
v 0.032638 -0.111003 0.155611
v 0.037768 -0.122397 0.158322
v 0.034206 -0.104466 0.155868
v 0.032983 -0.102908 0.154880
v 0.037769 -0.113684 0.157757
v 0.040314 -0.113601 0.159150
v 0.036467 -0.106999 0.157182
v 0.034917 -0.100903 0.155803
v 0.038459 -0.102428 0.158186
v 0.042709 -0.109399 0.160684
v 0.011320 -0.165307 0.180175
v -0.008356 -0.166494 0.179470
v -0.009929 -0.166823 0.180727
v 0.007182 -0.165951 0.178312
v 0.007698 -0.166296 0.178929
v 0.004903 -0.167019 0.178847
v 0.002727 -0.167179 0.178838
v 0.002349 -0.166172 0.177809
v 0.003105 -0.165861 0.177086
v -0.000845 -0.169395 0.179876
v -0.003075 -0.167114 0.178854
v -0.002485 -0.166146 0.177902
v -0.000758 -0.165708 0.176835
v -0.002807 -0.165415 0.176140
v -0.006048 -0.166598 0.178916
v -0.007478 -0.164988 0.177165
v -0.010282 -0.165330 0.179496
v -0.005916 -0.165353 0.177303
v -0.006117 -0.164962 0.176037
v -0.007805 -0.165865 0.178773
v -0.003306 -0.169243 0.179851
v 0.004667 -0.166138 0.177878
v 0.005809 -0.165461 0.176119
v 0.007685 -0.167310 0.179619
v 0.004470 -0.169188 0.179805
v 0.002020 -0.169488 0.179861
v -0.006751 -0.168603 0.179949
v -0.008293 -0.168041 0.180244
v 0.042422 -0.051716 0.080275
v 0.028491 -0.066464 0.080244
v 0.029871 -0.055926 0.062860
v 0.024854 -0.061345 0.057801
v 0.031253 -0.055353 0.067668
v 0.025486 -0.063654 0.069192
v 0.039277 -0.056788 0.086904
v 0.032298 -0.072605 0.100514
v 0.022910 -0.088684 0.124385
v 0.013585 -0.101697 0.132731
v 0.033552 -0.081378 0.129703
v 0.021622 -0.101144 0.143097
v 0.032578 -0.086613 0.139942
v 0.032981 -0.091637 0.148534
v 0.039338 -0.082782 0.149097
v 0.009557 -0.069806 0.075409
v 0.020962 -0.064729 0.069064
v 0.023623 -0.065290 0.071174
v 0.022550 -0.063517 0.063414
v 0.015436 -0.062766 0.066841
v -0.016958 -0.066240 0.075519
v -0.013585 -0.066993 0.078090
v -0.003897 -0.063572 0.066155
v -0.018459 -0.063255 0.066529
v -0.008541 -0.063560 0.063310
v 0.003583 -0.063605 0.060016
v -0.014527 -0.063854 0.066597
v 0.013695 -0.061371 0.057812
v 0.006079 -0.063801 0.066924
v 0.033703 -0.055201 0.071363
v 0.047567 -0.047070 0.080149
v 0.020629 -0.068369 0.078470
v 0.016759 -0.067898 0.076040
v 0.003020 -0.070263 0.075489
v 0.007268 -0.077254 0.086090
v 0.024025 -0.076029 0.097266
v 0.003835 -0.083923 0.096731
v 0.011636 -0.081238 0.094964
v 0.023914 -0.081041 0.109695
v 0.008150 -0.093187 0.114933
v 0.007454 -0.104106 0.131745
v 0.033690 -0.076026 0.113653
v 0.007158 -0.109337 0.144038
v 0.012394 -0.093193 0.117890
v 0.013409 -0.108197 0.145378
v 0.022772 -0.104262 0.147905
v 0.033037 0.003164 0.116201
v 0.056009 -0.008343 0.103431
v 0.045487 0.002065 0.107239
v 0.059121 -0.004017 0.100840
v 0.062869 -0.013677 0.099134
v 0.056932 0.003152 0.099216
v 0.057102 0.001300 0.100084
v 0.068906 0.012702 0.090667
v 0.089399 0.030065 0.072828
v 0.089805 0.036996 0.061489
v 0.088707 0.051590 0.033468
v 0.090116 0.051585 0.028372
v 0.088725 0.054224 0.025060
v 0.089101 0.056985 0.018829
v 0.089486 0.056998 0.005333
v 0.089225 0.039827 0.062083
v 0.088456 0.050662 0.040350
v 0.081054 0.053106 0.041197
v 0.090186 0.025320 0.075830
v 0.048820 -0.007178 0.108568
v 0.042486 -0.002639 0.112085
v 0.022561 -0.019117 0.179427
v -0.078255 0.033409 0.071771
v -0.095219 0.010126 0.079028
v -0.091740 0.031310 0.064637
v -0.087782 0.038873 0.058302
v -0.090171 0.037809 0.057881
v -0.090017 0.039973 0.052805
v -0.088068 0.042930 0.051542
v -0.088960 0.043555 0.047023
v -0.088161 0.045482 0.043586
v -0.086032 0.051037 0.035138
v -0.085090 0.058641 0.016422
v -0.083450 0.064615 -0.012683
v 0.073607 0.061209 -0.013354
v 0.043124 0.063995 -0.013105
v -0.003151 0.000872 0.130101
v 0.012047 0.002083 0.127391
v -0.014382 0.001096 0.128081
v 0.022141 0.006014 0.119634
v 0.035702 0.011078 0.106573
v 0.001043 0.008142 0.119641
v 0.013028 0.009683 0.116908
v 0.017235 0.015898 0.109801
v -0.003694 0.008828 0.118637
v 0.013319 0.017878 0.109841
v 0.047090 0.015073 0.098020
v 0.005842 0.015509 0.111866
v 0.035868 0.017231 0.100596
v -0.025507 0.009203 0.110529
v -0.003937 0.015023 0.110043
v 0.007672 0.020087 0.106472
v -0.017663 0.009951 0.113804
v 0.000515 0.024256 0.099799
v 0.058689 0.035105 0.076321
v 0.002907 0.038936 0.076914
v 0.019654 0.051162 0.047673
v -0.017405 0.033700 0.082848
v 0.064232 0.051426 0.048581
v -0.058832 0.046152 0.058857
v -0.089646 0.028452 0.072259
v -0.028266 0.049599 0.056051
v 0.085571 0.057899 0.021883
v 0.078354 0.058374 0.029299
v -0.002772 0.065576 0.013080
v 0.087372 0.058607 0.012974
v -0.086694 0.044217 0.050483
v -0.081689 0.057150 0.025913
v -0.043244 0.063997 0.015656
v 0.084180 0.060814 -0.004733
v 0.089067 0.059265 0.003042
v 0.087916 0.059934 -0.002718
v 0.090993 0.058998 -0.007578
v 0.063657 0.062732 -0.010508
v -0.011623 0.065472 -0.007742
v 0.003513 0.065695 -0.016125
v 0.077237 0.061595 -0.008947
v 0.087284 0.057761 -0.012960
v 0.080428 0.059882 -0.012554
v 0.057612 0.063191 -0.009542
v 0.053031 0.063751 -0.013336
v 0.065141 0.061736 -0.013544
v 0.038925 0.063975 -0.013735
v -0.032153 0.067020 -0.006024
v -0.071647 0.063581 0.007433
v -0.051636 0.067302 -0.013404
v -0.080461 0.066366 -0.016644
v 0.024423 0.064320 -0.017296
v 0.010201 0.064300 -0.016808
v -0.009550 0.065943 -0.017044
v -0.025956 0.066877 -0.016177
v -0.013720 0.064484 -0.017160
v -0.036402 0.067323 -0.016213
v -0.041777 0.066678 -0.017706
v -0.045811 0.066565 -0.015874
v -0.048094 0.065601 -0.018241
v -0.073250 0.066869 -0.016642
v 0.049393 0.062452 0.015972
v 0.022600 0.021973 0.100088
v -0.020687 0.006415 0.116664
v 0.054069 0.005790 0.100191
v 0.041334 0.007084 0.106740
v 0.029453 0.014046 0.108090
v 0.021331 0.014924 0.111729
v -0.007673 -0.001937 0.134677
v -0.015220 -0.005433 0.137941
v -0.009996 -0.005934 0.141185
v 0.020742 -0.006239 0.138182
v 0.011820 -0.002973 0.135205
v 0.002838 -0.010431 0.148137
v -0.010216 -0.011490 0.152869
v 0.004087 -0.006149 0.139698
v -0.015892 -0.014965 0.156783
v -0.011574 -0.016141 0.166387
v -0.010809 -0.016534 0.173529
v -0.008660 -0.014645 0.178690
v -0.009439 -0.015260 0.163382
v 0.015710 -0.008269 0.143851
v 0.016340 -0.012745 0.154056
v 0.000424 -0.017195 0.170418
v 0.003463 -0.016006 0.172921
v 0.013078 -0.016348 0.164745
v 0.002598 -0.016108 0.163253
v 0.018873 -0.017457 0.178658
v 0.069421 0.062425 -0.007797
v 0.016552 0.065054 -0.013429
v -0.083598 0.062497 -0.000598
v -0.059982 0.067393 -0.017149
v 0.017923 -0.017492 0.168796
v 0.015301 -0.161738 0.212108
v 0.016638 -0.164157 0.213417
v 0.017237 -0.164150 0.214534
v 0.015370 -0.167273 0.213637
v 0.014518 -0.168273 0.213741
v 0.016363 -0.166456 0.214423
v 0.014648 -0.169597 0.215214
v 0.010945 -0.172654 0.215078
v 0.012262 -0.172555 0.215837
v 0.013145 -0.172308 0.217176
v 0.011797 -0.174102 0.218752
v 0.002611 -0.170390 0.208853
v 0.009449 -0.176663 0.219059
v 0.001661 -0.171009 0.208370
v 0.003549 -0.175807 0.212459
v 0.002197 -0.175490 0.210721
v 0.002085 -0.173231 0.209592
v 0.004059 -0.177148 0.213618
v 0.002516 -0.177273 0.212236
v 0.000069 -0.172556 0.208361
v 0.003105 -0.170011 0.209431
v 0.010540 -0.175083 0.217363
v 0.015815 -0.162919 0.212512
v 0.016275 -0.161135 0.213229
v 0.013497 -0.166402 0.212168
v 0.011437 -0.165466 0.211613
v 0.002519 -0.169386 0.207137
v 0.000149 -0.169591 0.206718
v -0.001674 -0.169983 0.207596
v 0.001730 -0.179829 0.214294
v 0.005487 -0.179554 0.218417
v 0.000393 -0.179115 0.212736
v 0.000258 -0.180486 0.214727
v 0.000653 -0.181187 0.216523
v 0.003203 -0.181017 0.218835
v 0.001945 -0.180902 0.216812
v 0.001611 -0.181562 0.218399
v -0.000865 -0.179392 0.213081
v -0.001520 -0.180287 0.214695
v -0.000927 -0.181264 0.216609
v 0.004417 -0.180523 0.219922
v 0.002334 -0.181495 0.219760
v 0.006513 -0.179198 0.219795
v 0.003857 -0.179819 0.216549
v -0.000593 -0.170530 0.207881
v 0.008158 -0.177622 0.218353
v 0.000868 -0.170864 0.208059
v 0.001486 -0.170231 0.207686
v 0.007334 -0.177119 0.216380
v 0.015395 -0.165274 0.212487
v 0.013626 -0.168235 0.213863
v 0.006800 -0.175971 0.214922
v 0.004516 -0.177953 0.214750
v 0.001115 -0.176288 0.210385
v -0.001253 -0.174945 0.209310
v 0.000018 -0.176900 0.210431
v 0.000729 -0.174677 0.209234
v 0.001383 -0.178304 0.212257
v -0.000787 -0.177520 0.210961
v 0.008815 -0.175197 0.215662
v 0.093970 0.004943 0.081969
v 0.096757 -0.002199 0.075357
v 0.097963 -0.008305 0.072313
v 0.094678 0.008639 0.076949
v 0.099481 -0.018192 0.063652
v 0.100166 -0.028427 0.058645
v 0.091937 0.020446 0.076629
v 0.091481 0.035828 0.055436
v 0.100081 -0.024271 0.046117
v 0.100323 -0.037701 0.035401
v 0.088149 0.037082 0.066489
v 0.090953 0.034695 0.062835
v 0.100087 -0.040316 0.032763
v 0.088438 0.045497 0.052952
v 0.090076 0.047252 0.041242
v 0.100575 -0.046076 0.009100
v 0.091340 0.045300 0.029173
v 0.101536 -0.043196 0.007278
v 0.095687 0.024917 -0.012168
v 0.097738 -0.039824 -0.000499
v 0.097035 -0.041520 0.001632
v 0.097700 -0.041665 -0.002400
v 0.100591 -0.046046 0.000297
v 0.099057 -0.046234 -0.004790
v 0.090334 0.054675 0.014911
v 0.095626 -0.040550 -0.001566
v 0.097283 -0.041767 -0.004965
v 0.091162 0.054433 0.009512
v 0.100237 -0.034766 -0.006194
v 0.088890 0.055741 0.009873
v 0.101063 -0.026655 -0.009142
v 0.096964 -0.039354 -0.005824
v 0.100724 -0.021802 -0.008756
v 0.086786 0.059046 0.008252
v 0.096728 -0.039772 -0.008126
v 0.095586 -0.041988 -0.009535
v 0.100318 -0.021531 -0.013645
v 0.097803 -0.002849 -0.011213
v 0.096317 -0.044848 -0.008288
v 0.091358 0.057238 0.002197
v 0.100136 -0.034844 -0.011717
v 0.097762 0.001707 -0.010491
v 0.096516 0.008739 -0.014242
v 0.101090 -0.027410 -0.014217
v 0.099039 -0.011826 -0.014079
v 0.092806 -0.043290 -0.012890
v 0.094300 -0.040144 -0.012722
v 0.094315 0.032103 -0.013358
v 0.092473 0.049683 -0.012964
v 0.091131 0.055602 -0.011159
v 0.090769 0.052277 -0.014310
v 0.100592 -0.034977 0.025920
v 0.101127 -0.040636 0.001800
v 0.098716 -0.032028 0.057248
v 0.098197 -0.035576 0.049732
v 0.096946 -0.037693 0.045998
v 0.095903 -0.041625 0.038054
v 0.098569 -0.043690 0.025341
v 0.100643 -0.041342 0.023929
v 0.099937 -0.047339 0.004074
v 0.097366 -0.047673 0.007551
v 0.084577 -0.059371 0.002587
v 0.092138 -0.054812 -0.001917
v 0.095405 -0.052238 -0.000796
v 0.093206 -0.053431 -0.004912
v 0.097951 -0.049046 -0.005307
v 0.089491 -0.055702 -0.006387
v 0.079918 -0.059498 -0.005880
v 0.024495 -0.062846 0.052187
v 0.054508 -0.039367 0.091362
v 0.020356 -0.076810 -0.007616
v 0.065974 -0.036747 0.078473
v 0.077470 -0.042282 0.062518
v 0.020647 -0.062641 0.058694
v 0.018306 -0.062466 0.054780
v 0.022113 -0.063621 0.051725
v 0.010060 -0.063416 0.052536
v -0.005402 -0.066324 0.055092
v -0.014640 -0.063980 0.059220
v 0.010141 -0.066271 0.044377
v 0.020208 -0.065286 0.046473
v 0.025371 -0.066755 0.041103
v -0.007291 -0.068834 0.047873
v 0.017609 -0.066758 0.039960
v 0.024372 -0.070221 0.022856
v 0.003589 -0.067894 0.042006
v -0.004414 -0.068804 0.040459
v 0.006139 -0.068692 0.032460
v -0.013783 -0.068935 0.042114
v -0.017701 -0.069809 0.027634
v -0.036274 -0.075119 -0.003134
v -0.016617 -0.076531 -0.006671
v 0.041998 -0.073199 -0.005256
v 0.055048 -0.061944 0.026514
v 0.033284 -0.074581 -0.005079
v 0.081874 -0.060679 -0.001543
v 0.063500 -0.064528 0.004038
v 0.060864 -0.065988 0.002223
v 0.073677 -0.062087 -0.002589
v 0.056502 -0.069799 -0.005330
v -0.048350 -0.074943 -0.006948
v 0.027517 -0.076159 -0.007512
v 0.062488 -0.067238 -0.008374
v 0.049065 -0.071227 -0.008879
v 0.012497 -0.077397 -0.007181
v -0.040575 -0.075429 -0.005373
v -0.031010 -0.075981 -0.005840
v -0.020058 -0.076616 -0.007508
v -0.002246 -0.077038 -0.005896
v 0.005058 -0.077005 -0.010640
v -0.006799 -0.077692 -0.009377
v -0.032998 -0.075253 -0.010859
v -0.003270 -0.075283 -0.010565
v -0.052568 -0.072946 -0.010772
v -0.005119 -0.076702 -0.010870
v -0.003277 -0.074199 -0.013790
v -0.006906 -0.075132 -0.013173
v 0.083835 -0.058508 -0.006104
v 0.090707 -0.055067 0.006500
v -0.026174 -0.066386 0.041877
v 0.037798 -0.062670 0.043529
v 0.001507 -0.068041 0.048736
v 0.031419 -0.055856 0.055488
v 0.002419 -0.065601 0.054430
v 0.044894 -0.049195 0.066778
v 0.100042 -0.042083 -0.000031
v 0.100246 -0.031054 0.053935
v 0.100497 -0.033691 0.047006
v 0.100602 -0.035873 0.041624
v 0.097520 -0.038892 0.040566
v 0.097692 -0.039333 0.036603
v 0.100010 -0.044198 0.020167
v 0.097461 -0.049681 0.008934
v 0.095950 -0.049900 0.004347
v 0.091519 -0.056256 -0.000046
v 0.098537 -0.049703 -0.000031
v 0.099010 -0.036808 -0.002579
v 0.097360 -0.039125 -0.002077
v 0.097269 -0.039370 -0.003706
v 0.097913 -0.037859 -0.006018
v 0.097165 -0.036933 -0.012604
v 0.097672 -0.037345 -0.009576
v 0.099674 -0.033316 -0.014522
v 0.093627 -0.039109 -0.014902
v 0.008028 -0.169357 0.217299
v 0.005554 -0.171597 0.217193
v 0.006510 -0.175246 0.214649
v 0.090957 0.140933 0.397897
v 0.091266 0.138719 0.389763
v 0.081987 0.144754 0.398935
v 0.074905 0.150017 0.397121
v 0.065354 0.161750 0.398109
v 0.083719 0.146603 0.394146
v 0.068001 0.143047 0.402868
v 0.037123 0.179868 0.390819
v -0.031648 0.179581 0.391738
v 0.092360 0.132899 0.405524
v 0.065468 0.166240 0.392403
v 0.062234 -0.018303 0.098792
v 0.059662 -0.024593 0.098828
v 0.077435 -0.030768 0.078627
v 0.071159 -0.020296 0.091342
v 0.087748 -0.000242 0.086094
v 0.066326 -0.006542 0.097131
v 0.087916 -0.025610 0.077179
v 0.098504 -0.019818 0.072947
v 0.092312 0.014991 0.080788
v 0.097634 -0.010769 0.077415
v 0.095761 -0.000416 0.079691
v 0.002911 -0.169123 0.215591
v 0.003357 -0.172008 0.216012
v 0.003338 -0.173012 0.211982
v 0.002025 -0.171489 0.214196
v 0.004104 -0.174737 0.213286
v 0.004900 -0.169231 0.217055
v 0.011077 -0.165766 0.216206
v 0.008247 -0.166273 0.216693
v 0.077359 -0.059918 -0.006605
v 0.074832 -0.060040 -0.008199
v 0.076016 -0.058919 -0.008079
v 0.072006 -0.059137 -0.010541
v 0.101529 0.136128 0.403117
v 0.123759 0.087103 0.420585
v 0.107267 -0.008269 0.452518
v 0.054355 0.170571 0.393276
v 0.065462 -0.051607 0.467572
v 0.025915 -0.066297 0.472936
v 0.002295 0.183996 0.390142
v -0.090304 0.109159 0.417688
v 0.055767 -0.066785 -0.010129
v 0.055384 -0.069819 -0.008097
v 0.010925 -0.074711 -0.011194
v 0.006697 -0.072347 -0.013854
v 0.007881 -0.070248 -0.014633
v 0.001351 -0.069290 -0.017235
v 0.014950 -0.073051 -0.011416
v 0.003546 -0.071596 -0.015193
v 0.015974 -0.071437 -0.012393
v 0.003613 -0.073398 -0.014158
v 0.096016 -0.007503 -0.014529
v 0.094704 0.001337 -0.014647
v 0.032355 0.063699 -0.017296
v 0.044608 0.061623 -0.017296
v 0.059579 0.061143 -0.014604
v 0.064686 0.059098 -0.015557
v 0.073761 0.059028 -0.015349
v -0.009769 -0.070094 -0.017101
v 0.088535 -0.045754 -0.013965
v 0.087085 -0.042131 -0.014970
v 0.005525 -0.070162 -0.015473
v 0.092556 -0.052055 -0.007582
v 0.093627 -0.046396 -0.011404
v 0.074939 -0.056609 -0.010066
v 0.069742 -0.058533 -0.012692
v 0.073942 -0.051597 -0.015032
v 0.041747 -0.071526 -0.006889
v -0.024843 -0.073984 -0.012898
v -0.075620 -0.066559 -0.010073
v -0.073435 -0.067999 -0.010882
v -0.084378 -0.063161 -0.009461
v -0.064906 -0.065832 -0.015216
v -0.067083 -0.063164 -0.017119
v -0.090904 -0.059392 -0.011704
v -0.087487 -0.052640 -0.019547
v 0.080086 -0.054334 -0.010976
v 0.037905 -0.073141 -0.007226
v 0.040484 -0.070868 -0.009688
v 0.045945 -0.071543 -0.008233
v 0.015539 -0.076349 -0.008932
v 0.078211 -0.057773 -0.007872
v 0.037213 -0.071496 -0.011114
v 0.023211 -0.075937 -0.008789
v -0.000363 -0.077356 -0.009510
v 0.090709 -0.049756 -0.011062
v 0.061214 -0.064814 -0.008930
v 0.018733 -0.074671 -0.009907
v 0.008045 -0.077360 -0.009317
v -0.011261 -0.076840 -0.007899
v -0.032428 -0.075831 -0.008355
v -0.027920 -0.075572 -0.009228
v 0.028772 -0.071814 -0.011871
v 0.020664 -0.073951 -0.010420
v -0.023784 -0.076591 -0.008655
v 0.022270 -0.072774 -0.011627
v 0.006209 -0.075191 -0.012479
v -0.011914 -0.075948 -0.010634
v -0.011338 -0.075024 -0.013087
v -0.044635 -0.074204 -0.010565
v -0.038782 -0.075986 -0.008226
v 0.024060 -0.069308 -0.014329
v 0.001016 -0.075145 -0.012589
v -0.019419 -0.074211 -0.015451
v -0.015590 -0.075333 -0.012472
v -0.029074 -0.073046 -0.013044
v -0.049389 -0.072645 -0.011703
v 0.014629 -0.070218 -0.013369
v 0.013948 -0.070967 -0.012526
v -0.056848 -0.072065 -0.009757
v 0.011370 -0.071100 -0.013536
v -0.060579 -0.069285 -0.013324
v -0.068959 -0.069360 -0.011330
v -0.061447 -0.072263 -0.010279
v -0.080139 -0.064329 -0.009978
v -0.073116 -0.065714 -0.013103
v -0.081904 -0.061999 -0.014009
v -0.087890 -0.060861 -0.011919
v 0.018174 -0.070659 -0.013611
v 0.041682 -0.066663 -0.014270
v -0.005146 -0.075276 -0.012609
v -0.015116 -0.073525 -0.015329
v 0.020412 -0.068197 -0.015020
v -0.037623 -0.071504 -0.014279
v 0.000540 -0.072739 -0.015106
v -0.009457 -0.073324 -0.015058
v -0.039863 -0.073896 -0.012399
v 0.014495 -0.066830 -0.015542
v -0.006651 -0.073148 -0.015184
v -0.027786 -0.070317 -0.015966
v -0.042635 -0.070779 -0.014577
v -0.047083 -0.070784 -0.014308
v 0.008112 -0.067352 -0.016001
v -0.030556 -0.070526 -0.015469
v 0.006022 -0.046807 -0.017296
v -0.033591 -0.069963 -0.016010
v -0.035560 -0.070259 -0.015491
v -0.029206 -0.069106 -0.016653
v -0.037599 -0.069165 -0.016332
v -0.040372 -0.068774 -0.016482
v -0.035560 -0.068849 -0.016768
v -0.032695 -0.067951 -0.017720
v -0.059329 -0.062907 -0.019009
v -0.038287 -0.066750 -0.018176
v -0.076476 -0.063458 -0.014242
v -0.071216 -0.064552 -0.014913
v -0.085860 -0.060173 -0.014586
v -0.071274 -0.058379 -0.019339
v -0.095202 -0.048339 -0.019835
v -0.028234 -0.071638 -0.014770
v 0.080787 -0.056938 -0.008561
v 0.061962 -0.064174 -0.010704
v 0.086096 -0.053679 -0.010668
v 0.059321 -0.063987 -0.011594
v 0.048980 -0.065532 -0.013180
v 0.029000 -0.064946 -0.015760
v 0.035494 -0.069403 -0.013524
v 0.082237 -0.047932 -0.014938
v -0.071604 -0.066933 -0.012561
v 0.056057 -0.057783 -0.016163
v 0.036823 -0.064937 -0.016161
v -0.011824 -0.073277 -0.015277
v 0.024940 -0.065916 -0.016581
v -0.003532 -0.071889 -0.015743
v 0.065705 -0.055870 -0.015271
v -0.021350 -0.072663 -0.016345
v -0.033316 -0.071764 -0.014184
v -0.017189 -0.069042 -0.017132
v -0.025089 -0.072413 -0.015320
v -0.025782 -0.067605 -0.017436
v -0.053033 -0.069405 -0.014201
v -0.045633 -0.065717 -0.018982
v -0.075804 -0.062011 -0.016005
v -0.077748 -0.056603 -0.019213
v -0.092288 -0.056216 -0.013940
v 0.013470 -0.154302 0.274949
v 0.012372 -0.154751 0.272219
v 0.018421 -0.146432 0.290301
v 0.010027 -0.154793 0.273765
v 0.023246 -0.137635 0.314535
v 0.007149 -0.155646 0.271155
v 0.007259 -0.155020 0.273796
v -0.000965 -0.167796 0.243546
v -0.000908 -0.165106 0.248146
v -0.001792 -0.165348 0.247367
v -0.002301 -0.158641 0.258974
v 0.000918 -0.172209 0.236382
v -0.002906 -0.157004 0.263390
v -0.002735 -0.160017 0.255696
v -0.002587 -0.163324 0.250177
v -0.004892 -0.155634 0.270397
v -0.005165 -0.154647 0.273540
v -0.003656 -0.160549 0.253769
v 0.001734 -0.176302 0.231110
v 0.004310 -0.180412 0.221929
v 0.000045 -0.177076 0.230362
v -0.005665 -0.144358 0.295647
v 0.001325 -0.179823 0.226020
v 0.000712 -0.178905 0.227718
v 0.001007 -0.180877 0.223936
v -0.000210 -0.180576 0.224772
v -0.000088 -0.181792 0.218353
v -0.002536 -0.177188 0.229391
v 0.000408 -0.181842 0.220367
v -0.000759 -0.179047 0.227437
v -0.010688 -0.154218 0.273801
v -0.007810 -0.155482 0.270103
v -0.000430 -0.181773 0.221183
v -0.000300 -0.181416 0.222626
v -0.001699 -0.180540 0.224271
v -0.001743 -0.181666 0.219138
v -0.003139 -0.180633 0.222708
v -0.002753 -0.179411 0.225723
v -0.014396 -0.153083 0.276332
v -0.014687 -0.153326 0.274968
v -0.017194 -0.145403 0.290312
v -0.018659 -0.152065 0.277070
v -0.018685 -0.152321 0.274713
v -0.024418 -0.150590 0.278037
v -0.021027 -0.145440 0.288917
v -0.025737 -0.150023 0.279041
v -0.025315 -0.148011 0.283285
v -0.025308 -0.150526 0.276830
v -0.028666 -0.149422 0.277904
v -0.027041 -0.150071 0.276066
v -0.030435 -0.148594 0.279116
v -0.031704 -0.148600 0.277001
v -0.028458 -0.148762 0.280310
v -0.030577 -0.147264 0.281993
v -0.032444 -0.147359 0.280420
v -0.033536 -0.146224 0.281891
v -0.034376 -0.147469 0.277922
v -0.035497 -0.146584 0.279281
v -0.034761 -0.146374 0.280558
v -0.036161 -0.145490 0.281154
v -0.038995 -0.143760 0.281537
v -0.038758 -0.144824 0.279693
v -0.036075 -0.139175 0.291113
v -0.037760 -0.136642 0.294618
v -0.033178 -0.138670 0.295270
v -0.032942 -0.140543 0.291285
v -0.033689 -0.141771 0.288495
v -0.032002 -0.145565 0.284070
v -0.028362 -0.139906 0.297143
v -0.028962 -0.144277 0.287453
v -0.026665 -0.142510 0.292085
v -0.027206 -0.143362 0.289876
v -0.025462 -0.144926 0.288069
v -0.022433 -0.140629 0.300645
v -0.025422 -0.140814 0.297306
v -0.025439 -0.149219 0.281109
v -0.021988 -0.142361 0.295567
v -0.021252 -0.144242 0.291292
v -0.022562 -0.150641 0.279293
v -0.021865 -0.149348 0.282205
v -0.018926 -0.143392 0.294376
v -0.018803 -0.151489 0.278786
v -0.017898 -0.147440 0.286240
v -0.013172 -0.145224 0.291970
v -0.019303 -0.150300 0.281265
v -0.014545 -0.142929 0.297612
v -0.015094 -0.147192 0.287188
v -0.006526 -0.142194 0.302629
v -0.015801 -0.150460 0.281745
v -0.013223 -0.152396 0.278575
v -0.011272 -0.147768 0.286557
v -0.010045 -0.143574 0.297172
v -0.010567 -0.151294 0.280780
v -0.001922 -0.181405 0.221405
v -0.008546 -0.145933 0.290997
v -0.006231 -0.149367 0.283785
v -0.009176 -0.154165 0.275027
v -0.002661 -0.181338 0.219434
v -0.007756 -0.152649 0.278280
v 0.001570 -0.181540 0.221541
v -0.007702 -0.155144 0.271936
v 0.003108 -0.180340 0.223875
v 0.001539 -0.144674 0.295335
v -0.001268 -0.176088 0.231359
v -0.005958 -0.153728 0.275999
v -0.003525 -0.151746 0.279084
v -0.003424 -0.175541 0.230941
v 0.003900 -0.179114 0.225636
v 0.002746 -0.178339 0.227781
v 0.005222 -0.179292 0.223627
v -0.005089 -0.147561 0.287720
v -0.004677 -0.155945 0.268205
v -0.001664 -0.172493 0.235698
v 0.004479 -0.177249 0.227997
v 0.002381 -0.150405 0.282025
v -0.004594 -0.156471 0.264848
v -0.004388 -0.156844 0.262183
v -0.001514 -0.170391 0.238789
v -0.000846 -0.162952 0.251662
v -0.002495 -0.154334 0.273456
v -0.003119 -0.155428 0.270211
v -0.000453 -0.172394 0.236152
v -0.001418 -0.161631 0.253293
v -0.003173 -0.157722 0.260749
v -0.001807 -0.168869 0.241270
v -0.001283 -0.160001 0.256242
v 0.002976 -0.148468 0.285957
v -0.000191 -0.169974 0.239846
v 0.000296 -0.161496 0.253765
v 0.000410 -0.146348 0.290802
v -0.000550 -0.154426 0.273071
v -0.001985 -0.157928 0.260847
v 0.011672 -0.143188 0.299872
v 0.003308 -0.175118 0.231781
v -0.000160 -0.152904 0.276719
v 0.010298 -0.145353 0.293436
v -0.000074 -0.155568 0.269394
v 0.001959 -0.172087 0.236171
v 0.000830 -0.162434 0.252264
v 0.000147 -0.157565 0.261929
v 0.000659 -0.167237 0.244433
v 0.009921 -0.144310 0.296343
v 0.001314 -0.156783 0.264475
v 0.002734 -0.154555 0.273680
v 0.002909 -0.153168 0.276934
v 0.008023 -0.147371 0.288704
v 0.003353 -0.155751 0.270265
v 0.002782 -0.156872 0.263538
v 0.004577 -0.154703 0.274237
v 0.010498 -0.148689 0.286353
v 0.006248 -0.150023 0.283411
v 0.005548 -0.152315 0.279379
v 0.004139 -0.156174 0.268665
v 0.013791 -0.146665 0.290213
v 0.014477 -0.148514 0.286849
v 0.008884 -0.152777 0.279281
v 0.017178 -0.144502 0.294916
v 0.014213 -0.151767 0.281566
v 0.012225 -0.153624 0.277681
v 0.014798 -0.153620 0.277405
v 0.019974 -0.151418 0.281779
v 0.017899 -0.152536 0.279880
v 0.022338 -0.144168 0.294377
v 0.022626 -0.146076 0.290275
v 0.017882 -0.153186 0.277739
v 0.023407 -0.149388 0.284509
v 0.021209 -0.142794 0.298515
v 0.019451 -0.153301 0.276836
v 0.025524 -0.150588 0.281549
v 0.026440 -0.141292 0.299554
v 0.023927 -0.151938 0.278937
v 0.025410 -0.145721 0.290099
v 0.039716 -0.136410 0.300703
v 0.026802 -0.143416 0.294120
v 0.028717 -0.148755 0.283623
v 0.028096 -0.145113 0.290017
v 0.029279 -0.150593 0.279148
v 0.029744 -0.149817 0.280995
v 0.031632 -0.143711 0.290489
v 0.030339 -0.141574 0.296051
v 0.033576 -0.145261 0.286727
v 0.033746 -0.141115 0.294377
v 0.033384 -0.148581 0.281221
v 0.034663 -0.139297 0.297545
v 0.035398 -0.142158 0.290650
v 0.035906 -0.139682 0.295357
v 0.036084 -0.146566 0.282949
v 0.036243 -0.143635 0.287390
v 0.035672 -0.147875 0.280807
v 0.011763 -0.164439 0.156474
v 0.009014 -0.165252 0.156186
v 0.008940 -0.166270 0.158259
v 0.005880 -0.166391 0.157142
v 0.001738 -0.166908 0.157425
v 0.004321 -0.167237 0.158714
v 0.006770 -0.167639 0.162509
v -0.000585 -0.167575 0.159073
v -0.002833 -0.166975 0.157757
v -0.007350 -0.166208 0.157730
v -0.011981 -0.163552 0.156155
v -0.008845 -0.164049 0.154784
v -0.004115 -0.167694 0.161425
v -0.007178 -0.165190 0.155708
v -0.004879 -0.167116 0.159010
v -0.003215 -0.165858 0.155590
v -0.006826 -0.163933 0.153856
v 0.003651 -0.168067 0.163448
v -0.001173 -0.167999 0.161803
v 0.003342 -0.167882 0.160858
v 0.000199 -0.166191 0.155850
v 0.007467 -0.167086 0.159727
v 0.005629 -0.165053 0.154811
v 0.012702 -0.164922 0.158249
v 0.009982 -0.163911 0.154714
v -0.003678 -0.163888 0.153245
v -0.001055 -0.162630 0.152102
v -0.000554 -0.164970 0.154252
v 0.002061 -0.163981 0.153302
v -0.016556 -0.010138 0.188355
v -0.029093 -0.016073 0.195442
v -0.036353 -0.019478 0.200416
v -0.047866 -0.027406 0.210805
v -0.043978 0.010422 0.225408
v -0.042779 -0.109304 0.164826
v -0.064461 -0.037308 0.229150
v -0.043916 -0.111606 0.166385
v -0.042857 -0.087030 0.168970
v -0.062478 -0.014613 0.237056
v -0.045103 -0.089008 0.170798
v -0.045724 -0.106859 0.168558
v -0.043151 -0.084283 0.170412
v -0.044520 -0.084293 0.172288
v -0.046208 -0.109767 0.169929
v -0.048713 -0.095217 0.173643
v -0.053300 -0.073687 0.198980
v -0.048686 -0.089549 0.175508
v -0.049690 -0.106669 0.176557
v -0.050864 -0.095300 0.178067
v -0.051694 -0.091799 0.180771
v -0.050739 -0.100571 0.177736
v -0.051563 -0.101003 0.179926
v -0.071134 -0.042021 0.254952
v -0.078687 0.049949 0.314297
v -0.062185 -0.089181 0.220110
v -0.069945 -0.078448 0.272503
v -0.065072 -0.073804 0.240717
v -0.065030 -0.070433 0.237442
v -0.096241 0.001373 0.353878
v -0.081534 -0.003345 0.293972
v -0.107471 0.088488 0.412705
v -0.091259 0.126228 0.396729
v -0.107181 0.093677 0.408201
v -0.073997 0.152895 0.396006
v -0.106436 0.101072 0.414976
v -0.105377 0.095442 0.415010
v -0.110500 0.083472 0.418006
v -0.111836 0.077792 0.429400
v -0.108327 0.091860 0.424067
v -0.112033 0.086906 0.425319
v -0.061865 -0.113655 0.223057
v -0.065150 -0.077346 0.240290
v -0.061799 -0.108981 0.220458
v -0.060821 -0.114167 0.218916
v -0.063417 -0.108902 0.228474
v -0.065109 -0.079909 0.236094
v -0.065706 -0.084479 0.237544
v -0.059572 -0.108183 0.212477
v -0.064555 -0.102132 0.231411
v -0.063429 -0.106665 0.227126
v -0.065687 -0.092253 0.235440
v -0.065494 -0.081958 0.237435
v -0.064980 -0.100631 0.234151
v -0.062188 -0.105563 0.221625
v -0.065414 -0.095380 0.234045
v -0.064282 -0.101008 0.229163
v -0.065476 -0.087130 0.234218
v -0.065075 -0.092937 0.231448
v -0.065162 -0.090173 0.231910
v -0.062961 -0.097527 0.223540
v -0.058717 -0.109883 0.209966
v -0.064259 -0.081194 0.229897
v -0.056967 -0.105794 0.201899
v -0.061447 -0.097899 0.217618
v -0.057576 -0.117055 0.210128
v -0.057642 -0.112991 0.207789
v -0.057493 -0.100966 0.202206
v -0.060679 -0.096739 0.213937
v -0.056540 -0.099096 0.197545
v -0.055373 -0.116046 0.202259
v -0.055827 -0.111775 0.200742
v -0.054425 -0.100203 0.189271
v -0.054909 -0.119135 0.203559
v -0.064331 -0.083718 0.229589
v -0.054478 -0.094757 0.188656
v -0.058803 -0.094771 0.206413
v -0.060513 -0.090069 0.212876
v -0.054042 -0.111079 0.193431
v -0.062014 -0.079630 0.216384
v -0.056155 -0.091246 0.195334
v -0.053858 -0.105742 0.189378
v -0.058331 -0.092728 0.204224
v -0.054106 -0.090869 0.188066
v -0.053019 -0.101979 0.184779
v -0.060241 -0.079210 0.212448
v -0.051570 -0.109106 0.183084
v -0.052659 -0.095723 0.182763
v -0.058921 -0.085286 0.207294
v -0.053633 -0.087103 0.188165
v -0.051222 -0.105298 0.180113
v -0.056964 -0.086553 0.199304
v -0.056439 -0.082968 0.198964
v -0.052350 -0.085777 0.185365
v -0.051872 -0.089914 0.181981
v -0.058273 -0.076651 0.208187
v -0.050367 -0.085851 0.180830
v -0.049924 -0.110237 0.178702
v -0.050869 -0.089537 0.179670
v -0.054898 -0.082465 0.194618
v -0.051312 -0.082120 0.185632
v -0.055753 -0.079137 0.199525
v -0.047570 -0.080796 0.179286
v -0.049187 -0.102339 0.174423
v -0.055560 -0.077073 0.200982
v -0.047608 -0.115891 0.176060
v -0.053800 -0.079394 0.193836
v -0.050304 -0.075026 0.189514
v -0.049064 -0.078307 0.184027
v -0.046236 -0.080989 0.176760
v -0.049798 -0.097646 0.175489
v -0.047625 -0.111089 0.173397
v -0.049337 -0.091807 0.175580
v -0.048035 -0.100271 0.172017
v -0.046842 -0.114664 0.173250
v -0.043528 -0.077844 0.172678
v -0.047138 -0.099101 0.170607
v -0.047277 -0.094098 0.171589
v -0.047098 -0.073134 0.182736
v -0.053536 -0.071886 0.201706
v -0.045872 -0.092037 0.170347
v -0.051702 -0.066761 0.199567
v -0.044994 -0.114303 0.168920
v -0.044789 -0.104961 0.167055
v -0.040416 -0.081701 0.166620
v -0.037915 -0.078945 0.160070
v -0.040128 -0.071762 0.161652
v -0.044311 -0.094704 0.167820
v -0.041894 -0.065974 0.166528
v -0.041536 -0.084427 0.168139
v -0.044949 -0.098831 0.167694
v -0.044685 -0.062029 0.179309
v -0.042608 -0.115933 0.165561
v -0.060331 -0.039292 0.219691
v -0.043209 -0.104092 0.165352
v -0.041931 -0.090399 0.166776
v -0.057895 -0.033252 0.219132
v -0.056766 -0.048788 0.213306
v -0.039784 -0.088115 0.165157
v -0.050564 -0.052834 0.203214
v -0.037063 -0.065607 0.142492
v -0.034543 -0.087127 0.158661
v -0.040487 -0.057769 0.162385
v -0.038424 -0.052314 0.149413
v -0.036677 -0.090106 0.161654
v -0.055253 -0.037507 0.213781
v -0.038720 -0.057646 0.148405
v -0.039051 -0.052686 0.162041
v -0.042169 -0.053903 0.179791
v -0.045962 -0.052940 0.192845
v -0.051367 -0.026867 0.212788
v -0.050174 -0.041802 0.207349
v -0.047138 -0.045588 0.201246
v -0.038107 -0.047762 0.176294
v -0.036675 -0.046341 0.152721
v -0.037004 -0.047584 0.165409
v -0.041453 -0.044862 0.192980
v -0.033245 -0.040917 0.159915
v -0.037231 -0.042850 0.186865
v -0.037161 -0.028455 0.199668
v -0.028238 -0.034342 0.178626
v -0.029980 -0.030722 0.189825
v -0.025372 -0.019388 0.190599
v -0.021183 -0.020863 0.181685
v -0.021430 -0.015051 0.188735
v -0.053960 -0.052302 0.208951
v -0.063187 -0.047444 0.222979
v -0.054813 -0.071836 0.205538
v -0.055707 -0.063112 0.211112
v -0.066947 -0.041192 0.234579
v -0.058377 -0.071496 0.211308
v -0.059218 -0.066549 0.215503
v -0.059315 -0.076443 0.208856
v -0.042477 -0.097477 0.165491
v -0.038163 -0.091667 0.163071
v -0.097863 0.099997 0.420240
v -0.040536 -0.144047 0.259323
v -0.003797 -0.167672 0.241093
v -0.003236 -0.170095 0.209099
v -0.004627 -0.162260 0.249541
v -0.008466 -0.169721 0.197709
v -0.004450 -0.169203 0.212498
v -0.003327 -0.173862 0.210575
v -0.002971 -0.171631 0.213485
v -0.003560 -0.172910 0.211749
v -0.004200 -0.168066 0.213618
v -0.012513 -0.165199 0.181065
v -0.013558 -0.166102 0.196941
v -0.007250 -0.173221 0.229256
v -0.009009 -0.153487 0.260392
v -0.024799 -0.150172 0.158851
v -0.007196 -0.166764 0.211493
v -0.008684 -0.153705 0.256782
v -0.009977 -0.152380 0.258734
v -0.008842 -0.154382 0.253113
v -0.011939 -0.153202 0.247499
v -0.024922 -0.149450 0.158233
v -0.013890 -0.163572 0.181009
v -0.010981 -0.158541 0.241457
v -0.010534 -0.152338 0.253800
v -0.014607 -0.165812 0.195582
v -0.007341 -0.160412 0.246284
v -0.008735 -0.155607 0.250662
v -0.005205 -0.179849 0.220925
v -0.006315 -0.177805 0.224475
v -0.025373 -0.149929 0.160207
v -0.015048 -0.163030 0.182289
v -0.016423 -0.164123 0.194615
v -0.008708 -0.171198 0.229011
v -0.016443 -0.161697 0.182912
v -0.018783 -0.161447 0.193376
v -0.017697 -0.160277 0.183471
v -0.020255 -0.159347 0.192557
v -0.014940 -0.161178 0.211029
v -0.032907 -0.135007 0.161170
v -0.020795 -0.155194 0.188864
v -0.030481 -0.143397 0.166490
v -0.021712 -0.154655 0.187256
v -0.023072 -0.155561 0.192238
v -0.015749 -0.160785 0.211968
v -0.015608 -0.152271 0.240827
v -0.014166 -0.170399 0.218191
v -0.015804 -0.160506 0.211768
v -0.016943 -0.162334 0.213232
v -0.015750 -0.162682 0.211772
v -0.022425 -0.153124 0.189182
v -0.016329 -0.166844 0.215896
v -0.013643 -0.170513 0.219655
v -0.024443 -0.155240 0.193330
v -0.016605 -0.159995 0.213433
v -0.017349 -0.162990 0.214461
v -0.036201 -0.130953 0.163908
v -0.015844 -0.165927 0.219130
v -0.023276 -0.152307 0.188659
v -0.017565 -0.162301 0.215729
v -0.015223 -0.162211 0.221238
v -0.017465 -0.158806 0.215400
v -0.014501 -0.162088 0.223798
v -0.016284 -0.166277 0.217751
v -0.025148 -0.155429 0.195296
v -0.017340 -0.159125 0.217029
v -0.021348 -0.148973 0.238967
v -0.015892 -0.160867 0.221101
v -0.025984 -0.155058 0.197413
v -0.017441 -0.160535 0.216993
v -0.016688 -0.162766 0.219110
v -0.017016 -0.159493 0.219273
v -0.025031 -0.151044 0.185156
v -0.016572 -0.159787 0.219132
v -0.016726 -0.160467 0.218633
v -0.017766 -0.158775 0.220103
v -0.017079 -0.159166 0.218071
v -0.044378 -0.117317 0.169195
v -0.035504 -0.145549 0.199661
v -0.043507 -0.126359 0.179032
v -0.045537 -0.121540 0.176905
v -0.036226 -0.147144 0.207698
v -0.042638 -0.143282 0.277904
v -0.042271 -0.141950 0.281101
v -0.037901 -0.142239 0.239274
v -0.044872 -0.141800 0.277496
v -0.045133 -0.142029 0.275900
v -0.041576 -0.133382 0.300932
v -0.047294 -0.139846 0.276570
v -0.047830 -0.140097 0.273245
v -0.047641 -0.138154 0.279122
v -0.043842 -0.134195 0.196081
v -0.049312 -0.138474 0.273993
v -0.048692 -0.137931 0.277358
v -0.051194 -0.136434 0.273007
v -0.050630 -0.136862 0.268132
v -0.051403 -0.128738 0.288215
v -0.052837 -0.123601 0.293501
v -0.049956 -0.119644 0.188169
v -0.077698 -0.049454 0.220877
v -0.077624 -0.051390 0.217650
v -0.050371 -0.136569 0.275667
v -0.050377 -0.135210 0.277967
v -0.051014 -0.136831 0.271190
v -0.078780 -0.043115 0.227887
v -0.079234 -0.048722 0.224513
v -0.077271 -0.051701 0.221478
v -0.078427 -0.053804 0.220066
v -0.052848 -0.133521 0.264408
v -0.078438 -0.052544 0.215238
v -0.075410 -0.059941 0.209110
v -0.076369 -0.050276 0.226125
v -0.052847 -0.133755 0.273917
v -0.047904 -0.135491 0.238290
v -0.079117 -0.049648 0.228991
v -0.076925 -0.057250 0.219945
v -0.053334 -0.133757 0.270751
v -0.080112 -0.047932 0.232449
v -0.066568 -0.077122 0.205441
v -0.079627 -0.041310 0.239929
v -0.054602 -0.130866 0.263180
v -0.054766 -0.131739 0.268456
v -0.079375 -0.048754 0.234296
v -0.065928 -0.076668 0.213289
v -0.067137 -0.072508 0.211925
v -0.074605 -0.058363 0.215758
v -0.075311 -0.059562 0.218997
v -0.072628 -0.052540 0.224020
v -0.080323 -0.047118 0.246436
v -0.056037 -0.127879 0.261508
v -0.055938 -0.129572 0.267895
v -0.055242 -0.130523 0.270657
v -0.053305 -0.130082 0.278272
v -0.071930 -0.050807 0.226886
v -0.080361 -0.044258 0.245700
v -0.077427 -0.050727 0.232557
v -0.067755 -0.074073 0.217443
v -0.066776 -0.075771 0.219502
v -0.077541 -0.050421 0.238865
v -0.078619 -0.048620 0.241910
v -0.057212 -0.126658 0.266695
v -0.080455 -0.048534 0.246265
v -0.056443 -0.123393 0.283708
v -0.083074 -0.044562 0.248603
v -0.051403 -0.131108 0.240465
v -0.054151 -0.126432 0.254059
v -0.071478 -0.054840 0.231254
v -0.051894 -0.128632 0.245314
v -0.077502 -0.050671 0.243968
v -0.053250 -0.126690 0.253439
v -0.070079 -0.069768 0.211223
v -0.068081 -0.057081 0.221826
v -0.056468 -0.125834 0.272469
v -0.058855 -0.122122 0.263652
v -0.059115 -0.115635 0.284565
v -0.071096 -0.070254 0.216094
v -0.065240 -0.071671 0.218470
v -0.067909 -0.073438 0.223629
v -0.077059 -0.052214 0.234954
v -0.065546 -0.060114 0.227462
v -0.068301 -0.060632 0.220866
v -0.067509 -0.056991 0.226148
v -0.059035 -0.120572 0.265572
v -0.066519 -0.061305 0.232708
v -0.069034 -0.052367 0.234521
v -0.065384 -0.068766 0.226300
v -0.070926 -0.060114 0.238204
v -0.060030 -0.116796 0.262975
v -0.071098 -0.053580 0.241251
v -0.082993 -0.052620 0.253351
v -0.084390 -0.049032 0.255518
v -0.065235 -0.059926 0.230158
v -0.079963 -0.055840 0.255491
v -0.064939 -0.072656 0.230852
v -0.069150 -0.055688 0.245776
v -0.067458 -0.061637 0.234757
v -0.066542 -0.059086 0.240754
v -0.067643 -0.060114 0.244523
v -0.071708 -0.062482 0.243751
v -0.066297 -0.064277 0.237267
v -0.068794 -0.060138 0.248242
v -0.059126 -0.063543 0.230254
v -0.068403 -0.063010 0.251677
v -0.075450 -0.060459 0.253978
v -0.062278 -0.106266 0.284414
v -0.066579 -0.065674 0.247683
v -0.062432 -0.114801 0.231186
v -0.065202 -0.093325 0.242287
v -0.062159 -0.111409 0.242050
v -0.061290 -0.110851 0.268927
v -0.065410 -0.081224 0.241148
v -0.065614 -0.089157 0.241806
v -0.069024 -0.066670 0.256566
v -0.064600 -0.097433 0.272420
v -0.064792 -0.081914 0.246897
v -0.077951 -0.073317 0.334826
v -0.073769 -0.057969 0.416836
v -0.071974 -0.039593 0.466037
v -0.105178 0.005837 0.442588
v -0.096783 -0.009699 0.456513
v -0.113308 0.048487 0.438928
v -0.010946 -0.168490 0.196835
v -0.086785 -0.043161 0.250561
v -0.066666 -0.068938 0.219316
v -0.071399 -0.058015 0.250824
v -0.013693 -0.149357 0.254572
v -0.013938 -0.149125 0.256748
v -0.013913 -0.150188 0.249629
v -0.012841 -0.150275 0.259348
v -0.013569 -0.149668 0.252656
v -0.014762 -0.148550 0.258452
v -0.014102 -0.148817 0.252544
v -0.014556 -0.148817 0.250319
v -0.014559 -0.148203 0.256279
v -0.013968 -0.152540 0.243685
v -0.014689 -0.148232 0.253044
v -0.014684 -0.150369 0.247082
v -0.015368 -0.151029 0.244129
v -0.015335 -0.148168 0.250694
v -0.015315 -0.148378 0.249087
v -0.015052 -0.149206 0.247675
v -0.016007 -0.149292 0.245974
v -0.016404 -0.148050 0.248434
v -0.016468 -0.147929 0.248054
v -0.016584 -0.149107 0.244958
v -0.016751 -0.147023 0.247604
v -0.018304 -0.149111 0.242325
v -0.017150 -0.147966 0.246715
v -0.017493 -0.150923 0.240776
v -0.016855 -0.146932 0.248309
v -0.036798 -0.145492 0.261739
v -0.037057 -0.146432 0.258077
v -0.037890 -0.146677 0.257515
v -0.039667 -0.144158 0.260716
v -0.038955 -0.146244 0.255955
v -0.039103 -0.146132 0.256604
v -0.039466 -0.144592 0.260086
v -0.039844 -0.141961 0.265023
v -0.040004 -0.144528 0.257167
v -0.040176 -0.142848 0.262855
v -0.040411 -0.144947 0.256653
v -0.041122 -0.143565 0.257674
v -0.042550 -0.140938 0.261980
v -0.039630 -0.145591 0.255287
v -0.041668 -0.143551 0.256229
v -0.043031 -0.141291 0.258829
v -0.042662 -0.140414 0.263248
v -0.041537 -0.143119 0.256540
v -0.041721 -0.143810 0.255377
v -0.040967 -0.144576 0.254964
v -0.035721 -0.144146 0.244845
v -0.042237 -0.143020 0.254244
v -0.042996 -0.141036 0.259933
v -0.044278 -0.138882 0.261978
v -0.043880 -0.139785 0.264013
v -0.042019 -0.143372 0.256026
v -0.038668 -0.143011 0.246312
v -0.042161 -0.142066 0.259805
v -0.044481 -0.139152 0.260283
v -0.043180 -0.142172 0.254155
v -0.039698 -0.141788 0.245907
v -0.043210 -0.141499 0.256848
v -0.042877 -0.141723 0.255998
v -0.039642 -0.141292 0.243694
v -0.043274 -0.141978 0.255438
v -0.043726 -0.141397 0.253648
v -0.044643 -0.139053 0.258570
v -0.045117 -0.138799 0.257410
v -0.044824 -0.139053 0.254920
v -0.042130 -0.140540 0.248081
v -0.039899 -0.142355 0.247864
v -0.040235 -0.141894 0.246928
v -0.041634 -0.140219 0.247215
v -0.044679 -0.140315 0.254147
v -0.044448 -0.140403 0.252985
v -0.042144 -0.139592 0.246310
v -0.045440 -0.138848 0.252717
v -0.045925 -0.137202 0.261608
v -0.045130 -0.139315 0.254484
v -0.042160 -0.140585 0.248999
v -0.043271 -0.139254 0.248728
v -0.045799 -0.137936 0.252021
v -0.046721 -0.136254 0.257607
v -0.046256 -0.136345 0.260131
v -0.042870 -0.138483 0.241252
v -0.047078 -0.136511 0.252796
v -0.043799 -0.138296 0.248518
v -0.044939 -0.137710 0.249286
v -0.044547 -0.138144 0.249941
v -0.045498 -0.137324 0.250431
v -0.044706 -0.137999 0.250337
v -0.043408 -0.139252 0.249443
v -0.046932 -0.135864 0.256758
v -0.044945 -0.137233 0.248893
v -0.044056 -0.138428 0.250092
v -0.047020 -0.136256 0.251723
v -0.045959 -0.137241 0.251432
v -0.046892 -0.135796 0.253491
v -0.046308 -0.137192 0.254996
v -0.041748 -0.139383 0.242439
v -0.045916 -0.136900 0.250812
v -0.044545 -0.137443 0.247790
v -0.046606 -0.136320 0.251362
v -0.046476 -0.135573 0.249799
v -0.048280 -0.134615 0.259890
v -0.046991 -0.135561 0.250517
v -0.046560 -0.134711 0.245786
v -0.048018 -0.134324 0.253791
v -0.050350 -0.135644 0.263974
v -0.048505 -0.133215 0.251006
v -0.048662 -0.133593 0.251551
v -0.047929 -0.134786 0.251796
v -0.047419 -0.134944 0.253368
v -0.049365 -0.131818 0.256779
v -0.047559 -0.135329 0.252863
v -0.052311 -0.132753 0.261392
v -0.047207 -0.134135 0.243807
v -0.050443 -0.130668 0.256688
v -0.048722 -0.133087 0.252341
v -0.050755 -0.129706 0.249752
v -0.049263 -0.132349 0.251339
v -0.048685 -0.133528 0.241161
v -0.051873 -0.128210 0.247306
v -0.051292 -0.128798 0.254357
v -0.052095 -0.127619 0.251492
v -0.053040 -0.126590 0.252300
v -0.036056 -0.147490 0.258066
v -0.044913 -0.138812 0.252127
v -0.067299 -0.083475 0.261509
v -0.064559 -0.080994 0.254541
v -0.063494 -0.091761 0.258546
v -0.066053 -0.090737 0.265429
v -0.063997 -0.092884 0.249608
v -0.062764 -0.100327 0.262788
v -0.061594 -0.108122 0.257164
v -0.062909 -0.105199 0.246117
v -0.065135 -0.075045 0.245115
v -0.062269 -0.108658 0.272744
v -0.062731 -0.103559 0.249833
v -0.065086 -0.079057 0.243959
v -0.064830 -0.098738 0.240370
v -0.063278 -0.108421 0.239672
v -0.061789 -0.108583 0.251752
v -0.064243 -0.103732 0.239240
v -0.065843 -0.087214 0.239811
v -0.063017 -0.111955 0.234714
v -0.063874 -0.107695 0.235201
v -0.062312 -0.114054 0.236284
v -0.062758 -0.112754 0.228279
v -0.061380 -0.117375 0.225691
v -0.063435 -0.110227 0.231463
v -0.061983 -0.108842 0.247951
v -0.064194 -0.105806 0.232661
v -0.065518 -0.094630 0.238862
v -0.060832 -0.117261 0.222136
v -0.064639 -0.102625 0.236909
v -0.065460 -0.096428 0.235985
v -0.060903 -0.119102 0.229012
v -0.060930 -0.113819 0.246069
v -0.060980 -0.115178 0.242383
v -0.059421 -0.117098 0.281558
v -0.060970 -0.112976 0.249241
v -0.059759 -0.116620 0.216880
v -0.058849 -0.121640 0.219603
v -0.060650 -0.113845 0.253231
v -0.060442 -0.118046 0.238595
v -0.059511 -0.122156 0.231762
v -0.058020 -0.125182 0.223147
v -0.058502 -0.120977 0.275799
v -0.058831 -0.124017 0.227147
v -0.061084 -0.112028 0.254920
v -0.059481 -0.117180 0.249761
v -0.059243 -0.118212 0.245551
v -0.058265 -0.119804 0.214661
v -0.056542 -0.126540 0.218507
v -0.059941 -0.116348 0.253521
v -0.058498 -0.123148 0.235862
v -0.057168 -0.123346 0.215515
v -0.059144 -0.118602 0.253078
v -0.079074 -0.053604 0.253099
v -0.058650 -0.119398 0.270419
v -0.058544 -0.119070 0.249143
v -0.056758 -0.123579 0.242507
v -0.055117 -0.125686 0.212226
v -0.060101 -0.117547 0.259723
v -0.057249 -0.121313 0.249780
v -0.057637 -0.120884 0.246734
v -0.055815 -0.121763 0.209292
v -0.057237 -0.126244 0.233550
v -0.054741 -0.128487 0.215528
v -0.072955 -0.055047 0.236997
v -0.055728 -0.127117 0.237790
v -0.055660 -0.129434 0.222312
v -0.056116 -0.123360 0.245954
v -0.057047 -0.127361 0.229286
v -0.059132 -0.120962 0.259242
v -0.057851 -0.121074 0.252802
v -0.055623 -0.123529 0.249254
v -0.055975 -0.129312 0.225722
v -0.054128 -0.130971 0.218878
v -0.052362 -0.132819 0.216469
v -0.055442 -0.123886 0.251503
v -0.052705 -0.129967 0.211715
v -0.056507 -0.124262 0.255582
v -0.053429 -0.132654 0.221317
v -0.058163 -0.122679 0.257782
v -0.057672 -0.124681 0.268479
v -0.054566 -0.125320 0.253093
v -0.053834 -0.128570 0.240087
v -0.055179 -0.129519 0.233025
v -0.054056 -0.131901 0.228337
v -0.056529 -0.127551 0.270041
v -0.056798 -0.127532 0.264609
v -0.056899 -0.124998 0.257989
v -0.053730 -0.127489 0.242854
v -0.052051 -0.134733 0.224020
v -0.050483 -0.132655 0.210166
v -0.051020 -0.125636 0.200624
v -0.052498 -0.122627 0.200553
v -0.050885 -0.135798 0.219890
v -0.053440 -0.131008 0.235315
v -0.055260 -0.127146 0.257593
v -0.071067 -0.071564 0.203109
v -0.048960 -0.137315 0.216024
v -0.052612 -0.133206 0.231181
v -0.054406 -0.129074 0.259306
v -0.048814 -0.135831 0.211609
v -0.048366 -0.130003 0.200542
v -0.047964 -0.139058 0.219054
v -0.051530 -0.132325 0.237362
v -0.051115 -0.135682 0.226636
v -0.055027 -0.129540 0.273273
v -0.046411 -0.134857 0.203698
v -0.054842 -0.131370 0.265976
v -0.052959 -0.117602 0.195457
v -0.052570 -0.132211 0.276985
v -0.054756 -0.129920 0.261432
v -0.052866 -0.120361 0.198592
v -0.048084 -0.139083 0.223420
v -0.049223 -0.136328 0.232678
v -0.067068 -0.075611 0.209634
v -0.048877 -0.137721 0.228475
v -0.049736 -0.124641 0.195299
v -0.047109 -0.139791 0.225638
v -0.053299 -0.133853 0.268506
v -0.044988 -0.141131 0.213516
v -0.053639 -0.126760 0.286840
v -0.046243 -0.138999 0.211532
v -0.044611 -0.138873 0.206858
v -0.043813 -0.142858 0.222050
v -0.050052 -0.132394 0.282623
v -0.046140 -0.130674 0.195581
v -0.047922 -0.126437 0.193181
v -0.050288 -0.114255 0.183030
v -0.044349 -0.142388 0.217372
v -0.044862 -0.137064 0.240605
v -0.045290 -0.139648 0.232605
v -0.045884 -0.140125 0.229068
v -0.043345 -0.142787 0.226004
v -0.039250 -0.145877 0.212979
v -0.048208 -0.139481 0.270054
v -0.047594 -0.122488 0.185108
v -0.048469 -0.138234 0.266904
v -0.039897 -0.145742 0.216129
v -0.042858 -0.133198 0.190927
v -0.041813 -0.141873 0.206415
v -0.041720 -0.139121 0.200188
v -0.042081 -0.135607 0.193773
v -0.046058 -0.133201 0.288364
v -0.046066 -0.141286 0.270855
v -0.039626 -0.144508 0.208279
v -0.045463 -0.138027 0.282610
v -0.049042 -0.116831 0.181681
v -0.044656 -0.140901 0.279800
v -0.045322 -0.142065 0.273987
v -0.038546 -0.140068 0.193154
v -0.039964 -0.136149 0.187896
v -0.047787 -0.120426 0.182366
v -0.041034 -0.133472 0.185318
v -0.042317 -0.138621 0.285683
v -0.044143 -0.129882 0.188067
v -0.043035 -0.128957 0.182556
v -0.046806 -0.119111 0.177352
v -0.040677 -0.137215 0.289689
v -0.037802 -0.143098 0.199039
v -0.045608 -0.131663 0.293278
v -0.036336 -0.139266 0.182621
v -0.035777 -0.144239 0.195470
v -0.033537 -0.143463 0.183108
v -0.045113 -0.119029 0.172307
v -0.037467 -0.137495 0.181879
v -0.031169 -0.150529 0.205447
v -0.032571 -0.148842 0.202173
v -0.033865 -0.146905 0.197737
v -0.041609 -0.123316 0.168356
v -0.038433 -0.134816 0.178656
v -0.034254 -0.145230 0.191390
v -0.030835 -0.146650 0.183741
v -0.032020 -0.144168 0.179448
v -0.032187 -0.148886 0.198409
v -0.043026 -0.120018 0.168323
v -0.039053 -0.132421 0.175580
v -0.039316 -0.129034 0.170033
v -0.028983 -0.152170 0.202917
v -0.030686 -0.149111 0.190417
v -0.028459 -0.148884 0.185071
v -0.027388 -0.153491 0.206861
v -0.030359 -0.150332 0.193331
v -0.029721 -0.146607 0.179923
v -0.032782 -0.142764 0.177634
v -0.025960 -0.154659 0.204419
v -0.027335 -0.148700 0.180556
v -0.026358 -0.149353 0.179317
v -0.034265 -0.138124 0.169386
v -0.027658 -0.153607 0.198857
v -0.027991 -0.153105 0.195742
v -0.029317 -0.146153 0.175075
v -0.024339 -0.156387 0.201671
v -0.028649 -0.150167 0.188842
v -0.026015 -0.150129 0.183832
v -0.023632 -0.152295 0.178651
v -0.030766 -0.144214 0.172894
v -0.037041 -0.133324 0.169832
v -0.038541 -0.128451 0.166921
v -0.028287 -0.152218 0.193187
v -0.017307 -0.159924 0.216867
v -0.027234 -0.148127 0.172719
v -0.032106 -0.141831 0.170434
v -0.038837 -0.125077 0.164391
v -0.019073 -0.150996 0.238680
v -0.017072 -0.158508 0.224887
v -0.017254 -0.163009 0.217590
v -0.020684 -0.155753 0.178081
v -0.024589 -0.156336 0.197414
v -0.026674 -0.152748 0.191560
v -0.024730 -0.151174 0.187782
v -0.016795 -0.159292 0.222608
v -0.017655 -0.156084 0.230165
v -0.017438 -0.161163 0.214889
v -0.017176 -0.159720 0.215217
v -0.017897 -0.154338 0.233560
v -0.017182 -0.164438 0.216299
v -0.017173 -0.159171 0.213588
v -0.022354 -0.154090 0.182415
v -0.014981 -0.160128 0.226885
v -0.013559 -0.164513 0.223325
v -0.019475 -0.159847 0.204185
v -0.021546 -0.154736 0.172683
v -0.016158 -0.153833 0.237489
v -0.018029 -0.152197 0.237322
v -0.014251 -0.167833 0.220409
v -0.013923 -0.164868 0.222272
v -0.023007 -0.153200 0.186054
v -0.026488 -0.149109 0.167100
v -0.016196 -0.156695 0.232053
v -0.017076 -0.164620 0.214737
v -0.029252 -0.145626 0.169420
v -0.013521 -0.161293 0.229036
v -0.014753 -0.156931 0.235065
v -0.015255 -0.168788 0.216210
v -0.016341 -0.165859 0.213871
v -0.019698 -0.156749 0.173752
v -0.018129 -0.161589 0.198375
v -0.021567 -0.158019 0.193558
v -0.034007 -0.136354 0.164665
v -0.020172 -0.159857 0.195404
v -0.018793 -0.158918 0.184748
v -0.015292 -0.167913 0.214256
v -0.019536 -0.160324 0.200611
v -0.017045 -0.159400 0.173625
v -0.012749 -0.171762 0.220102
v -0.013893 -0.155056 0.240098
v -0.012289 -0.170439 0.222200
v -0.018653 -0.157903 0.176873
v -0.016279 -0.160387 0.171281
v -0.020289 -0.156689 0.168919
v -0.031297 -0.141208 0.164032
v -0.013593 -0.171299 0.216573
v -0.012497 -0.163723 0.227410
v -0.011647 -0.166715 0.226449
v -0.017794 -0.159407 0.169696
v -0.026305 -0.149119 0.162747
v -0.032810 -0.136845 0.162235
v -0.011372 -0.160547 0.237099
v -0.018404 -0.158718 0.187815
v -0.029881 -0.141584 0.160663
v -0.011302 -0.174313 0.218348
v -0.010670 -0.175002 0.219889
v -0.018370 -0.159123 0.182919
v -0.016090 -0.160192 0.175544
v -0.023670 -0.152880 0.165766
v -0.027752 -0.146401 0.161465
v -0.030243 -0.140314 0.160357
v -0.008924 -0.176904 0.220198
v -0.010503 -0.172672 0.224218
v -0.018586 -0.161505 0.194638
v -0.009382 -0.166329 0.231532
v -0.010038 -0.170609 0.227141
v -0.016891 -0.159898 0.178699
v -0.015071 -0.161338 0.177792
v -0.009087 -0.174391 0.225018
v -0.014068 -0.164317 0.201859
v -0.015991 -0.163888 0.196534
v -0.015708 -0.162310 0.185421
v -0.016949 -0.159988 0.188823
v -0.015238 -0.162985 0.166235
v -0.019676 -0.158778 0.163387
v -0.007606 -0.177570 0.222390
v -0.008992 -0.176655 0.217860
v -0.009166 -0.175595 0.222964
v -0.013554 -0.162042 0.173881
v -0.007352 -0.178201 0.218690
v -0.009169 -0.168130 0.230285
v -0.026367 -0.146122 0.158239
v -0.014709 -0.162702 0.187845
v -0.017133 -0.161653 0.163653
v -0.012433 -0.166003 0.199789
v -0.027397 -0.146102 0.160011
v -0.004528 -0.179520 0.223675
v -0.010631 -0.163832 0.232050
v -0.016088 -0.161803 0.180957
v -0.012553 -0.165242 0.185526
v -0.012958 -0.163477 0.179576
v -0.006865 -0.164287 0.240141
v -0.015359 -0.163228 0.163738
v -0.020057 -0.158405 0.161452
v -0.024541 -0.151290 0.159935
v -0.004852 -0.167290 0.239584
v -0.020457 -0.157440 0.159067
v -0.006902 -0.176202 0.226174
v -0.007088 -0.170821 0.231673
v -0.005292 -0.161205 0.250224
v -0.017452 -0.161187 0.160188
v -0.021261 -0.155202 0.157144
v -0.010793 -0.166602 0.185852
v -0.010497 -0.166286 0.187706
v -0.015533 -0.163037 0.161196
v -0.005966 -0.158443 0.253657
v -0.005420 -0.175853 0.228600
v -0.005636 -0.169313 0.235245
v -0.011172 -0.167544 0.198164
v -0.014161 -0.163562 0.158988
v -0.006821 -0.155780 0.260142
v -0.009224 -0.167833 0.184376
v -0.005806 -0.157192 0.257334
v -0.004368 -0.171492 0.234709
v -0.005153 -0.159673 0.253041
v -0.017090 -0.160581 0.157401
v -0.019301 -0.157872 0.156918
v -0.003241 -0.172305 0.234887
v -0.015322 -0.161962 0.157261
v -0.005905 -0.156647 0.259161
v -0.004298 -0.169590 0.237139
v -0.004411 -0.157492 0.259690
v -0.003954 -0.162123 0.250726
v -0.003066 -0.170204 0.237839
v -0.004016 -0.158516 0.257647
v -0.002972 -0.165712 0.245719
v -0.069736 -0.055010 0.254804
v -0.005860 -0.171144 0.197900
v -0.005879 -0.170216 0.199240
v -0.005485 -0.169646 0.201083
v -0.002768 -0.181034 0.217612
v -0.002934 -0.180247 0.215578
v -0.003990 -0.180594 0.218702
v -0.004150 -0.180519 0.220747
v -0.006029 -0.166623 0.213501
v -0.011032 -0.164285 0.212830
v -0.011076 -0.164487 0.209786
v -0.021253 -0.150652 0.236515
v -0.017912 -0.158747 0.217750
v -0.027160 -0.146925 0.238649
v -0.031953 -0.145211 0.266585
v -0.034849 -0.144250 0.266874
v -0.032694 -0.144842 0.238248
v -0.030597 -0.151706 0.212523
v -0.038916 -0.145597 0.277257
v -0.035055 -0.143541 0.239781
v -0.041056 -0.143912 0.278834
v -0.039064 -0.141428 0.240780
v -0.040592 -0.140619 0.239052
v -0.038430 -0.142753 0.266515
v -0.015702 -0.147671 0.250505
v -0.016231 -0.148666 0.247159
v -0.017723 -0.148031 0.245278
v -0.018573 -0.147123 0.246948
v -0.018966 -0.147123 0.245749
v -0.020188 -0.147770 0.243488
v -0.021905 -0.146770 0.243871
v -0.020224 -0.146661 0.245846
v -0.028415 -0.145627 0.240847
v -0.033395 -0.146142 0.263378
v -0.034851 -0.144408 0.266019
v -0.032628 -0.146873 0.261665
v -0.033733 -0.146353 0.262354
v -0.033142 -0.147512 0.259560
v -0.035546 -0.147110 0.258541
v -0.035495 -0.145465 0.263803
v -0.035156 -0.146598 0.260838
v -0.030506 -0.146091 0.245244
v -0.034176 -0.148248 0.258285
v -0.037975 -0.145423 0.260027
v -0.038316 -0.143652 0.263908
v -0.033353 -0.144874 0.244408
v -0.038061 -0.143124 0.265226
v -0.036963 -0.147534 0.256249
v -0.032060 -0.145888 0.245286
v -0.038582 -0.145544 0.257641
v -0.038671 -0.144193 0.262386
v -0.038273 -0.142759 0.266029
v -0.037741 -0.147010 0.256098
v -0.033963 -0.145314 0.245373
v -0.041322 -0.142841 0.261343
v -0.035964 -0.144405 0.245376
v -0.037652 -0.142670 0.243729
v -0.040889 -0.141342 0.265265
v -0.045286 -0.136956 0.251085
v -0.042772 -0.139597 0.237695
v -0.038542 -0.146148 0.224280
v -0.040475 -0.142335 0.234181
v -0.040824 -0.143670 0.229210
v -0.037761 -0.147163 0.219541
v -0.037163 -0.143011 0.237419
v -0.034579 -0.148981 0.220300
v -0.034769 -0.148994 0.212599
v -0.033953 -0.147643 0.228607
v -0.036720 -0.145636 0.230385
v -0.033540 -0.145632 0.235059
v -0.033640 -0.148781 0.224531
v -0.031414 -0.147032 0.233347
v -0.037580 -0.140362 0.287685
v -0.026727 -0.153560 0.218388
v -0.028073 -0.150665 0.227734
v -0.028722 -0.149069 0.231930
v -0.027009 -0.153814 0.214141
v -0.026305 -0.153200 0.221440
v -0.027289 -0.147779 0.235674
v -0.026212 -0.152654 0.224030
v -0.029166 -0.152292 0.207769
v -0.021355 -0.156988 0.214495
v -0.025508 -0.151864 0.227866
v -0.024175 -0.150005 0.234526
v -0.021029 -0.148400 0.240424
v -0.019410 -0.156815 0.223739
v -0.022445 -0.153736 0.227371
v -0.019722 -0.157324 0.220533
v -0.020744 -0.155248 0.226034
v -0.022830 -0.151745 0.231740
v -0.022307 -0.156742 0.210323
v -0.023156 -0.156506 0.207054
v -0.019997 -0.153227 0.232527
v -0.018797 -0.158267 0.214819
v -0.018471 -0.158838 0.211860
v -0.018071 -0.159949 0.208338
v -0.013989 -0.163293 0.206499
v -0.013503 -0.162479 0.171683
v -0.004377 -0.168922 0.208392
v -0.013109 -0.162575 0.177068
v -0.003953 -0.178208 0.226684
v -0.008854 -0.167289 0.203597
v -0.013357 -0.164659 0.163483
v -0.008403 -0.168447 0.200516
v -0.005303 -0.169172 0.203168
v -0.020026 0.026851 0.222055
v -0.073817 0.139220 0.382264
v -0.060172 0.166761 0.396412
v -0.017906 -0.018059 0.179498
v -0.019865 -0.021754 0.173333
v -0.016257 -0.018042 0.175806
v -0.016767 -0.013401 0.185582
v -0.013744 -0.015410 0.179826
v -0.027428 0.150115 0.361215
v -0.006615 -0.115946 0.376797
v -0.029869 -0.064412 0.472850
v -0.011750 -0.100871 0.140286
v -0.019287 -0.092649 0.138940
v -0.023532 -0.068902 0.091958
v -0.040670 -0.045931 0.100038
v -0.033009 -0.056385 0.091804
v -0.029775 -0.058693 0.082712
v -0.030388 -0.061660 0.096180
v -0.021453 -0.064179 0.073936
v -0.036447 -0.054597 0.111349
v -0.041291 -0.044071 0.109472
v -0.025922 -0.066664 0.092270
v -0.046052 -0.035329 0.106328
v -0.037948 -0.052842 0.121460
v -0.040097 -0.045269 0.119370
v -0.035037 -0.071552 0.140558
v -0.034768 -0.078488 0.150838
v -0.044200 -0.032728 0.112105
v -0.031809 -0.071157 0.123485
v -0.038707 -0.049817 0.128854
v -0.027328 -0.073909 0.114863
v -0.028228 -0.083325 0.141848
v -0.030978 -0.076426 0.133766
v -0.037860 -0.040184 0.132889
v -0.027582 -0.091278 0.150393
v -0.019860 -0.076165 0.106107
v -0.022096 -0.084054 0.129392
v -0.017496 -0.099105 0.144939
v -0.006001 -0.091690 0.117749
v -0.013602 -0.089970 0.125274
v -0.003733 -0.101962 0.131870
v 0.000563 -0.093254 0.114743
v -0.019696 -0.068633 0.085025
v -0.003361 -0.066599 0.072036
v -0.007770 -0.070985 0.081098
v -0.017223 -0.072481 0.092681
v -0.009814 -0.078432 0.095875
v -0.000226 -0.078602 0.088318
v -0.005084 -0.106210 0.141170
v 0.000672 -0.109561 0.144189
v 0.002725 -0.103603 0.130556
v -0.007780 -0.108182 0.145818
v -0.032967 0.004375 0.109703
v -0.048139 -0.023537 0.107811
v -0.040431 -0.036942 0.121125
v -0.037194 -0.026685 0.124296
v -0.036791 -0.041299 0.139861
v -0.038727 -0.000436 0.109332
v -0.028082 0.001423 0.116025
v -0.036206 -0.017025 0.119631
v -0.034990 -0.039924 0.146363
v -0.032178 -0.003937 0.116225
v -0.035539 -0.031324 0.131521
v -0.032167 -0.025394 0.133164
v -0.030047 -0.008642 0.122019
v -0.026141 -0.006748 0.126063
v -0.027501 -0.029427 0.152040
v -0.022864 0.000637 0.122027
v -0.016692 -0.001771 0.131385
v -0.020484 -0.015392 0.147971
v -0.021540 -0.024225 0.169151
v -0.021679 -0.011282 0.138936
v -0.020657 -0.020672 0.159688
v -0.015948 -0.010232 0.145971
v -0.016952 -0.018858 0.168355
v -0.057918 -0.010225 0.100491
v -0.039766 0.006241 0.104981
v -0.074488 -0.002264 0.091417
v -0.065544 0.009611 0.091691
v -0.051838 -0.020783 0.104653
v -0.048494 -0.014251 0.107237
v -0.043659 -0.015920 0.111302
v -0.015763 -0.162623 0.190840
v -0.013830 -0.165131 0.192782
v -0.017073 -0.163091 0.193615
v -0.013084 -0.164597 0.190723
v -0.000564 -0.171292 0.194177
v -0.001652 -0.171306 0.194960
v -0.002382 -0.171285 0.196003
v -0.003727 -0.171199 0.197465
v -0.004712 -0.170819 0.196088
v -0.011401 -0.165794 0.190846
v -0.010276 -0.168370 0.195964
v -0.012772 -0.167255 0.196239
v -0.025467 -0.153445 0.191286
v -0.024267 -0.151295 0.189042
v -0.024801 -0.151585 0.189409
v -0.025512 -0.151002 0.188841
v -0.026074 -0.150483 0.186900
v -0.027133 -0.150679 0.188850
v -0.026263 -0.152029 0.190197
v -0.024213 -0.154101 0.191613
v -0.011389 -0.166921 0.193113
v -0.009619 -0.166839 0.190963
v -0.007675 -0.169155 0.195051
v -0.004335 -0.168951 0.191168
v -0.003447 -0.170248 0.193610
v -0.003010 -0.168604 0.190061
v -0.001455 -0.172317 0.208508
v -0.002006 -0.170634 0.208304
v -0.002440 -0.174017 0.209599
v -0.011220 -0.173834 0.216446
v -0.011122 -0.165202 0.210765
v -0.013642 -0.162522 0.210365
v -0.013391 -0.170588 0.214699
v -0.013950 -0.163521 0.210752
v -0.016461 -0.164045 0.212738
v -0.015460 -0.166072 0.212688
v -0.015122 -0.164447 0.211536
v -0.013641 -0.166925 0.211896
v -0.007562 -0.176871 0.215874
v -0.006197 -0.178521 0.216904
v -0.003360 -0.178936 0.213980
v -0.002176 -0.169677 0.207359
v -0.001716 -0.178127 0.211820
v -0.003136 -0.177103 0.211869
v -0.005400 -0.175194 0.212992
v -0.010935 -0.172230 0.214613
v -0.002075 -0.176018 0.210258
v -0.016832 -0.159229 0.155236
v -0.018703 -0.156791 0.155001
v -0.022544 -0.151746 0.156353
v -0.037083 -0.127140 0.162883
v -0.038273 -0.120604 0.161920
v -0.039948 -0.120590 0.163740
v -0.040411 -0.116909 0.163204
v -0.042025 -0.114423 0.164471
v -0.042868 -0.117535 0.166535
v -0.035197 -0.129222 0.161429
v -0.034343 -0.128671 0.160380
v -0.027374 -0.095994 0.153383
v -0.029775 -0.138392 0.158995
v -0.028127 -0.142280 0.158653
v -0.023985 -0.148554 0.156601
v -0.019789 -0.154794 0.154909
v -0.010892 -0.164765 0.157430
v -0.014673 -0.161078 0.155212
v -0.011316 -0.162328 0.154159
v -0.005244 -0.162538 0.152335
v -0.011974 -0.160268 0.152867
v -0.014518 -0.159388 0.153596
v -0.023250 -0.139592 0.155404
v -0.025859 -0.138134 0.156403
v -0.031286 -0.132851 0.158804
v -0.036809 -0.117562 0.160326
v -0.038869 -0.117202 0.161812
v -0.041149 -0.103877 0.163546
v -0.041357 -0.108227 0.163481
v -0.040374 -0.113458 0.162727
v -0.038985 -0.107476 0.161734
v -0.037403 -0.096729 0.161799
v -0.038999 -0.111394 0.161629
v -0.036205 -0.099969 0.160644
v -0.034908 -0.093284 0.160093
v -0.036691 -0.110485 0.160154
v -0.032768 -0.097727 0.158354
v -0.034552 -0.112938 0.158914
v -0.033298 -0.100690 0.158685
v -0.034776 -0.124130 0.159756
v -0.031875 -0.122226 0.157851
v -0.030392 -0.109452 0.156980
v -0.030164 -0.102448 0.156714
v -0.030075 -0.113641 0.156904
v -0.031209 -0.105762 0.157370
v -0.031392 -0.127905 0.158059
v -0.027891 -0.118114 0.156013
v -0.028290 -0.100604 0.155386
v -0.029181 -0.132644 0.157452
v -0.023187 -0.114291 0.154047
v -0.024702 -0.145394 0.156483
v -0.027040 -0.139665 0.157148
v -0.026504 -0.127822 0.155818
v -0.026621 -0.107666 0.155155
v -0.023210 -0.144679 0.155517
v -0.024791 -0.103340 0.153575
v -0.021518 -0.151037 0.155150
v -0.024914 -0.105815 0.154110
v -0.026707 -0.132457 0.156255
v -0.023144 -0.122709 0.154373
v -0.023286 -0.129479 0.154695
v -0.021434 -0.111499 0.153165
v -0.021791 -0.107835 0.152792
v -0.018988 -0.152733 0.153727
v -0.020872 -0.144127 0.154495
v -0.020317 -0.105721 0.151527
v -0.020041 -0.123975 0.153331
v -0.016117 -0.156861 0.153174
v -0.018779 -0.149161 0.153435
v -0.014870 -0.143930 0.152593
v -0.017495 -0.139222 0.153498
v -0.015876 -0.153937 0.152386
v -0.017213 -0.114044 0.151836
v -0.012473 -0.157287 0.151743
v -0.017864 -0.128923 0.152864
v -0.018005 -0.121588 0.152466
v -0.015082 -0.108375 0.149654
v -0.020667 -0.101357 0.149905
v -0.009034 -0.162182 0.152968
v -0.014215 -0.151711 0.151767
v -0.014944 -0.133522 0.152375
v -0.014887 -0.110870 0.150378
v -0.005452 -0.160834 0.151313
v -0.011181 -0.110815 0.149010
v -0.003827 -0.112778 0.147889
v 0.002570 -0.169725 0.185907
v -0.000406 -0.169702 0.186129
v -0.001681 -0.170019 0.183289
v -0.004349 -0.169519 0.185825
v -0.006801 -0.168549 0.187029
v -0.007344 -0.168840 0.185130
v -0.007151 -0.168997 0.183297
v -0.008195 -0.168155 0.186502
v -0.004416 -0.169720 0.183723
v -0.001234 -0.169977 0.185061
v 0.002673 -0.169967 0.183519
v -0.012097 -0.164581 0.180216
v -0.013493 -0.163823 0.167996
v 0.004968 -0.165530 0.174794
v 0.002733 -0.165598 0.175539
v -0.004251 -0.167677 0.164604
v -0.006981 -0.167203 0.161817
v -0.004638 -0.167303 0.166876
v -0.003604 -0.166351 0.170850
v -0.013308 -0.164489 0.165773
v -0.011223 -0.163526 0.176903
v -0.011059 -0.163756 0.172387
v -0.011154 -0.163380 0.174288
v -0.011381 -0.165166 0.167732
v -0.009128 -0.164364 0.173114
v -0.008670 -0.164274 0.175011
v -0.008918 -0.165954 0.168542
v -0.006661 -0.165179 0.172723
v -0.008787 -0.164446 0.176620
v -0.006053 -0.166406 0.169518
v -0.010413 -0.164581 0.178611
v -0.006603 -0.164775 0.174742
v -0.009855 -0.166275 0.164967
v -0.013005 -0.164695 0.160904
v -0.007141 -0.166820 0.166942
v -0.010071 -0.166253 0.162288
v -0.003278 -0.165500 0.173617
v -0.002995 -0.165343 0.175124
v -0.007353 -0.167052 0.164614
v -0.010294 -0.165649 0.159214
v -0.002051 -0.167446 0.167484
v -0.001173 -0.167852 0.165596
v 0.000866 -0.165863 0.173360
v 0.001200 -0.168068 0.164804
v 0.002658 -0.167181 0.169086
v 0.004944 -0.167575 0.167080
v 0.005163 -0.166031 0.172538
v 0.005865 -0.166576 0.170628
v -0.008758 -0.154896 0.264866
v -0.011780 -0.152616 0.265101
v -0.010301 -0.152544 0.261767
v -0.008872 -0.154172 0.262592
v -0.043948 -0.140844 0.266069
v -0.013503 -0.150303 0.261689
v -0.016013 -0.148295 0.261316
v -0.018492 -0.146900 0.262815
v -0.021135 -0.146865 0.265024
v -0.046960 -0.139083 0.266240
v -0.047489 -0.138324 0.265030
v -0.048087 -0.137624 0.264257
v -0.048914 -0.137159 0.264796
v -0.048551 -0.136985 0.263678
v -0.049310 -0.136407 0.263624
v -0.053186 -0.130171 0.258776
v -0.051893 -0.131421 0.259000
v -0.006490 -0.155891 0.266273
v -0.006804 -0.155799 0.264274
v -0.011113 -0.154277 0.267984
v -0.012720 -0.153980 0.271620
v -0.008422 -0.155420 0.267893
v -0.013579 -0.153476 0.269657
v -0.014020 -0.151741 0.266656
v -0.016917 -0.152691 0.272021
v -0.018072 -0.149457 0.266294
v -0.020468 -0.147796 0.265501
v -0.020559 -0.151776 0.274102
v -0.024408 -0.146502 0.266467
v -0.026638 -0.146169 0.267037
v -0.024629 -0.146311 0.266095
v -0.024049 -0.150291 0.272262
v -0.027942 -0.145887 0.266581
v -0.027668 -0.147353 0.268553
v -0.031550 -0.145272 0.267223
v -0.030430 -0.145989 0.267957
v -0.036373 -0.144650 0.268177
v -0.033956 -0.144875 0.267742
v -0.037110 -0.146634 0.276338
v -0.038326 -0.145823 0.272409
v -0.039139 -0.145719 0.274724
v -0.041602 -0.144417 0.275562
v -0.042987 -0.141811 0.267455
v -0.042856 -0.142947 0.269830
v -0.045772 -0.140464 0.267765
v -0.045891 -0.139457 0.265454
v -0.047877 -0.138311 0.265921
v -0.015897 -0.149452 0.263749
v -0.018662 -0.147694 0.263778
v -0.017495 -0.146916 0.261226
v -0.016470 -0.147506 0.252126
v -0.016413 -0.147580 0.254170
v -0.015866 -0.147552 0.254852
v -0.015778 -0.147454 0.258598
v -0.016288 -0.147467 0.251687
v -0.016677 -0.147369 0.256532
v -0.016706 -0.147364 0.257334
v -0.017496 -0.146956 0.260106
v -0.018724 -0.147639 0.255027
v -0.018724 -0.146841 0.260646
v -0.020248 -0.146538 0.263562
v -0.022050 -0.146448 0.264239
v -0.047133 -0.137884 0.263772
v -0.046872 -0.136984 0.262181
v -0.048977 -0.135767 0.262199
v -0.050738 -0.133934 0.261191
v -0.049985 -0.133433 0.259782
v -0.043249 -0.143394 0.272947
v -0.041905 -0.144059 0.271924
v -0.037715 -0.144944 0.269373
v -0.040725 -0.141839 0.266182
v -0.035844 -0.147189 0.275109
v -0.035352 -0.146918 0.272378
v -0.032850 -0.146409 0.269041
v -0.033009 -0.148103 0.274516
v -0.024341 -0.150725 0.274236
v -0.023302 -0.149332 0.269688
v -0.023537 -0.147690 0.267206
v -0.019746 -0.151718 0.272062
v -0.015100 -0.153330 0.273245
v -0.015327 -0.152956 0.270567
v -0.005962 -0.156234 0.261947
v -0.004726 -0.172981 0.215286
v -0.011668 -0.164481 0.188639
v -0.014735 -0.161998 0.188815
v -0.017751 -0.159120 0.189425
v -0.019646 -0.157354 0.189500
v -0.022579 -0.153413 0.189914
v -0.008767 -0.166899 0.188259
v -0.006299 -0.167311 0.215553
v -0.003580 -0.170206 0.215216
v -0.009959 -0.165928 0.214653
v -0.098110 -0.008241 0.077307
v -0.095819 0.011568 0.074781
v -0.093821 0.022271 0.068743
v -0.097393 -0.002644 0.069291
v -0.100003 -0.029485 0.054441
v -0.092378 0.030446 0.052370
v -0.098637 -0.024442 0.042263
v -0.088979 0.042636 0.040391
v -0.099952 -0.035853 0.045460
v -0.099262 -0.043448 0.026436
v -0.086523 0.054068 0.025561
v -0.098601 -0.038229 0.016892
v -0.097470 -0.050443 0.014841
v -0.097857 -0.042899 0.016785
v -0.098005 -0.051908 -0.001361
v -0.097612 -0.042076 0.013640
v -0.098157 -0.049005 0.006971
v -0.096997 -0.024374 0.006944
v -0.096894 -0.055160 -0.001499
v -0.098669 -0.044276 0.008548
v -0.084308 0.061070 0.007220
v -0.085433 0.056944 0.004151
v -0.097910 -0.052070 -0.006671
v -0.087481 0.047495 0.000544
v -0.097660 -0.049440 -0.013135
v -0.096902 -0.032154 -0.005570
v -0.096637 0.007977 0.021542
v -0.083525 0.063420 -0.007668
v -0.096645 -0.040939 -0.019655
v -0.085278 0.057456 -0.007835
v -0.096202 -0.028507 -0.010765
v -0.094583 -0.015635 -0.012052
v -0.086233 0.051357 -0.014167
v -0.093916 -0.011090 -0.017021
v -0.090141 0.021415 -0.018754
v -0.091609 0.009331 -0.015612
v -0.097338 -0.056112 0.000860
v -0.094625 -0.026820 -0.019655
v -0.085033 0.051043 -0.017671
v -0.083847 0.057966 -0.019410
v -0.085772 0.047425 -0.019138
v -0.089638 0.028468 -0.017434
v -0.093418 -0.010354 -0.017422
v -0.090930 0.012063 -0.017422
v -0.088515 0.026670 -0.017296
v -0.086153 0.055046 0.015058
v -0.027258 -0.127910 0.336171
v -0.072475 -0.047571 0.221696
v -0.074210 -0.044525 0.225311
v -0.077320 -0.051610 0.212123
v -0.079092 -0.043710 0.246396
v -0.063391 -0.051417 0.220247
v -0.065452 -0.043324 0.228485
v -0.066982 -0.047765 0.220675
v -0.068780 -0.047255 0.221825
v -0.076438 -0.049188 0.218766
v -0.075920 -0.042371 0.228460
v -0.072396 -0.050907 0.215631
v -0.071784 -0.051946 0.212965
v -0.078804 -0.045611 0.225336
v -0.076016 -0.040615 0.233866
v -0.079264 -0.041495 0.234010
v -0.078304 -0.041616 0.241924
v -0.070147 -0.043637 0.245618
v -0.084165 -0.042671 0.252151
v -0.077987 -0.051351 0.220339
v -0.074155 -0.052766 0.222299
v -0.071036 -0.054512 0.222068
v -0.071685 -0.056926 0.220587
v -0.070229 -0.061790 0.220262
v -0.071370 -0.068289 0.219129
v -0.074143 -0.056006 0.220289
v -0.068276 -0.068140 0.219866
v -0.073383 -0.049096 0.229690
v -0.062743 -0.078983 0.209147
v -0.068151 -0.071830 0.201443
v -0.068618 -0.052802 0.232277
v -0.064284 -0.022349 0.094053
v -0.085369 -0.009734 0.085141
v -0.099294 -0.033985 0.054809
v -0.096709 -0.049655 0.023039
v -0.080830 -0.065584 -0.001253
v -0.095250 -0.053196 0.016777
v -0.097176 -0.057121 0.006299
v -0.095684 -0.060237 0.001044
v -0.078475 -0.024718 0.081371
v -0.046226 -0.040063 0.095897
v -0.052535 -0.033886 0.096494
v -0.047019 -0.036624 0.102010
v -0.055976 -0.026744 0.098792
v -0.050263 -0.028991 0.103841
v -0.042386 -0.025719 0.115457
v -0.087070 -0.063638 0.000527
v -0.024023 -0.062540 0.056566
v -0.015203 -0.065772 0.050355
v -0.053595 -0.037481 0.087177
v -0.036139 -0.051717 0.077247
v -0.069296 -0.034543 0.076837
v -0.054082 -0.062937 0.025008
v -0.050372 -0.056486 0.051456
v -0.063670 -0.070322 -0.002061
v -0.070455 -0.069000 -0.008456
v -0.076236 -0.066854 -0.006930
v -0.081699 -0.066171 -0.005246
v -0.087413 -0.063839 -0.002910
v -0.089959 -0.061951 -0.000685
v -0.092698 -0.062757 -0.003423
v -0.099835 -0.026616 0.064014
v -0.075423 -0.042005 0.063029
v -0.064974 -0.073986 0.220311
v -0.069157 -0.054510 0.222507
v -0.069693 -0.055734 0.224008
v -0.066975 -0.055759 0.221686
v -0.070416 -0.052341 0.222845
v -0.069394 -0.069670 0.226468
v -0.068965 -0.068068 0.230376
v -0.063997 -0.066439 0.229570
v -0.067875 -0.064963 0.233059
v -0.083753 -0.047229 0.256076
v -0.061082 -0.063353 0.231984
v -0.085586 -0.044620 0.248745
v -0.082123 -0.048791 0.252207
v -0.081263 -0.045150 0.254411
v -0.070548 -0.056946 0.253864
v -0.076791 -0.052991 0.256782
v -0.068574 -0.058923 0.253933
v -0.072865 -0.058137 0.255613
v -0.064832 -0.065062 0.226355
v -0.076062 -0.059577 0.251503
v -0.097907 -0.042581 0.038284
v -0.099365 -0.041696 0.034591
v -0.097933 -0.045133 0.032432
v -0.098779 -0.045049 0.021901
v -0.097006 -0.050749 0.019287
v -0.097927 -0.051216 0.011367
v -0.086522 -0.062150 -0.010171
v -0.085543 -0.062495 -0.011364
v -0.096913 -0.058022 -0.001976
v -0.093909 -0.060217 -0.004275
v -0.090618 -0.060536 -0.008111
v -0.096715 -0.057729 -0.005896
v -0.097770 -0.054396 -0.005292
v -0.095856 -0.054816 -0.011791
v -0.097169 -0.051231 -0.011167
v -0.097574 -0.054473 0.011251
v -0.094744 -0.051352 -0.015599
v -0.087398 -0.063079 -0.006373
v -0.093815 -0.056751 -0.010660
v -0.087419 -0.061901 -0.009099
v -0.081009 0.137542 0.391700
v -0.079001 0.141356 0.394437
v -0.080017 0.132607 0.398858
v -0.087377 0.131774 0.395419
v -0.077298 0.146782 0.399741
v -0.070245 0.150022 0.400528
v -0.068360 0.157130 0.400015
v -0.087306 0.127415 0.401013
v -0.096757 0.120235 0.403180
v -0.075599 0.137296 0.402443
v -0.082885 0.128165 0.402196
v -0.090602 0.124648 0.408447
v -0.063826 0.139823 0.406702
v -0.099203 0.114507 0.406698
v -0.089262 0.116863 0.414881
v -0.071968 0.129932 0.409760
v -0.082523 0.126618 0.408548
v -0.085666 0.121862 0.411545
v -0.073123 0.134759 0.404127
v -0.075960 0.141002 0.399927
v -0.077276 0.132196 0.403720
v -0.089624 0.118528 0.412029
v -0.017521 -0.147514 0.249767
v -0.018624 -0.147473 0.251239
v -0.018851 -0.147020 0.251308
v -0.020821 -0.147867 0.253517
v -0.019413 -0.147924 0.252111
v -0.024741 -0.147914 0.255454
v -0.023129 -0.147060 0.254540
v -0.021539 -0.146930 0.253799
v -0.021960 -0.147742 0.254120
v -0.020713 -0.145267 0.252678
v -0.020041 -0.146910 0.252620
v -0.017673 -0.143885 0.248879
v -0.017285 -0.145851 0.249076
v -0.019029 -0.144603 0.251536
v -0.025036 -0.144963 0.255653
v -0.023746 -0.145127 0.254716
v -0.022368 -0.148153 0.254457
v -0.017446 -0.144284 0.248408
v -0.022539 -0.145546 0.253744
v -0.029285 -0.148846 0.256372
v -0.028040 -0.145642 0.256246
v -0.026634 -0.147676 0.256035
v -0.027304 -0.149163 0.256230
v -0.024366 -0.148733 0.255442
v -0.040424 -0.144886 0.254743
v -0.038146 -0.146197 0.255408
v -0.041963 -0.142138 0.253723
v -0.035060 -0.147728 0.256085
v -0.044280 -0.136679 0.251672
v -0.045069 -0.137744 0.251827
v -0.041879 -0.138348 0.252880
v -0.043529 -0.139451 0.252614
v -0.041721 -0.141707 0.253622
v -0.038762 -0.141616 0.254385
v -0.040518 -0.140049 0.253515
v -0.039221 -0.144810 0.254780
v -0.037913 -0.143374 0.255091
v -0.037675 -0.145229 0.255214
v -0.035988 -0.146762 0.255736
v -0.036772 -0.143201 0.255178
v -0.034270 -0.144672 0.255836
v -0.033899 -0.147926 0.256163
v -0.032496 -0.147040 0.256252
v -0.032924 -0.148574 0.256370
v -0.030744 -0.149046 0.256451
v -0.030837 -0.144978 0.255756
v -0.029436 -0.146293 0.256210
v -0.045155 -0.137053 0.251459
v -0.031681 -0.145110 0.256026
v -0.034100 -0.148176 0.256487
v -0.029825 -0.145185 0.255764
v -0.020436 -0.146561 0.247570
v -0.020745 -0.146564 0.246243
v -0.023197 -0.146214 0.245765
v -0.025246 -0.146101 0.247720
v -0.022834 -0.146429 0.246404
v -0.020588 -0.146206 0.248142
v -0.025246 -0.145917 0.243741
v -0.026105 -0.146031 0.245284
v -0.025872 -0.146296 0.246029
v -0.029248 -0.145392 0.242343
v -0.028200 -0.146295 0.245742
v -0.027414 -0.146203 0.247031
v -0.028141 -0.145912 0.244772
v -0.029671 -0.146207 0.246889
v -0.032764 -0.144399 0.240124
v -0.032464 -0.144625 0.242458
v -0.031567 -0.145237 0.244010
v -0.033680 -0.145463 0.246901
v -0.031661 -0.145973 0.246717
v -0.035368 -0.143541 0.241676
v -0.035220 -0.143952 0.243640
v -0.035793 -0.144706 0.246950
v -0.037357 -0.143992 0.247062
v -0.038383 -0.143305 0.247626
v -0.040006 -0.141976 0.248251
v -0.032325 -0.148892 0.256677
v -0.021014 -0.143972 0.248453
v -0.020817 -0.143515 0.248706
v -0.019436 -0.143815 0.248502
v -0.036914 -0.140613 0.247836
v -0.019283 -0.146654 0.247476
v -0.027650 -0.145979 0.247232
v -0.031607 -0.145733 0.246945
v -0.043036 -0.139412 0.249534
v -0.028986 -0.144547 0.247107
v -0.044738 -0.137086 0.250718
v -0.042501 -0.137347 0.249864
v -0.040445 -0.139048 0.248891
v -0.040997 -0.137925 0.249277
v -0.038215 -0.140515 0.248133
v -0.039771 -0.138992 0.248939
v -0.037740 -0.140238 0.248340
v -0.036437 -0.144100 0.247153
v -0.035034 -0.144699 0.246996
v -0.035158 -0.141253 0.247470
v -0.035076 -0.141119 0.247901
v -0.033125 -0.141764 0.247456
v -0.031313 -0.142395 0.247296
v -0.033210 -0.142894 0.247133
v -0.028864 -0.142797 0.247348
v -0.029765 -0.142448 0.247418
v -0.027265 -0.142859 0.247626
v -0.025236 -0.143204 0.247865
v -0.021877 -0.145342 0.248322
v -0.020126 -0.145906 0.248269
v -0.022859 -0.143267 0.248319
v -0.018482 -0.145984 0.247962
v -0.016956 -0.146557 0.247646
v -0.017435 -0.144747 0.247975
v -0.025282 -0.143009 0.248045
v -0.018577 -0.143781 0.248525
v -0.038580 -0.139835 0.249122
v -0.036674 -0.140757 0.248617
v -0.042171 -0.136981 0.250324
v -0.032536 -0.142052 0.248013
v -0.030626 -0.142374 0.247728
v -0.027066 -0.142891 0.247987
v -0.044191 -0.136352 0.251220
v -0.043444 -0.136359 0.250991
v -0.082038 0.062041 -0.019455
v -0.059339 0.066261 -0.018487
v -0.071796 0.065206 -0.019214
v 0.005656 -0.170245 0.199189
v 0.003560 -0.170520 0.198757
v 0.004405 -0.169135 0.203689
v 0.001898 -0.169649 0.200162
v -0.000368 -0.170971 0.197930
v -0.004575 -0.170444 0.198984
v -0.003190 -0.169250 0.206485
v -0.003868 -0.169145 0.204077
v 0.000489 -0.169046 0.204331
v 0.001112 -0.169186 0.202049
v -0.002927 -0.169657 0.200551
v -0.001249 -0.170535 0.198517
v -0.072519 -0.064849 0.203312
v -0.059796 -0.059071 0.217158
v -0.061505 -0.054842 0.218606
v -0.060889 -0.067038 0.214838
v -0.061825 -0.059525 0.215758
v -0.067657 -0.057972 0.215314
v -0.072474 -0.047459 0.220201
v -0.064125 -0.069577 0.203366
v -0.073938 -0.051904 0.210038
v -0.068752 -0.066061 0.202319
v -0.063188 -0.075136 0.204222
v -0.070816 -0.054791 0.209821
v -0.059449 -0.072366 0.209946
v -0.075671 -0.048675 0.250775
v -0.043555 -0.136512 0.250567
v 0.011437 -0.164565 0.213775
v 0.012584 -0.165138 0.214025
v -0.009753 -0.166605 0.215396
v -0.009396 -0.169226 0.216276
v -0.012502 -0.165390 0.213453
v -0.013684 -0.169096 0.213652
v -0.012171 -0.167983 0.214474
v -0.008122 -0.174409 0.214439
v -0.006224 -0.171200 0.216609
v -0.018607 -0.147848 0.253722
v -0.016082 -0.147921 0.249989
v -0.017413 -0.147836 0.250655
v -0.016718 -0.147783 0.251148
v -0.017921 -0.147988 0.251599
v -0.018788 -0.147323 0.258668
v -0.019594 -0.147942 0.253303
v -0.018993 -0.147585 0.258213
v -0.021542 -0.147276 0.261670
v -0.018512 -0.147915 0.251961
v -0.021056 -0.148490 0.256821
v -0.024185 -0.146541 0.264486
v -0.021506 -0.148340 0.257843
v -0.022762 -0.148180 0.259066
v -0.021819 -0.147881 0.260101
v -0.020760 -0.148445 0.255524
v -0.024080 -0.147693 0.261950
v -0.026687 -0.147176 0.262677
v -0.022121 -0.148664 0.254989
v -0.023010 -0.148510 0.257834
v -0.025016 -0.147904 0.260498
v -0.025795 -0.147273 0.261770
v -0.023503 -0.148980 0.256832
v -0.024612 -0.148318 0.258442
v -0.028350 -0.147235 0.262010
v -0.025945 -0.148440 0.258697
v -0.029124 -0.148317 0.259088
v -0.025261 -0.149192 0.257271
v -0.025598 -0.148951 0.258271
v -0.030601 -0.146835 0.263677
v -0.027997 -0.149418 0.257313
v -0.029504 -0.149097 0.256832
v -0.028305 -0.149089 0.258562
v -0.025644 -0.149191 0.256199
v -0.029240 -0.149278 0.257784
v -0.030799 -0.147561 0.261110
v -0.030913 -0.148161 0.259164
v -0.031418 -0.148874 0.258596
v -0.031259 -0.147139 0.262208
v -0.032977 -0.148879 0.257439
v -0.033692 -0.147722 0.258797
v -0.036312 -0.147776 0.256958
v -0.085378 -0.049082 0.251815
v 0.018463 -0.072757 -0.011463
v 0.092548 0.035139 -0.014610
v 0.093144 0.043564 -0.013615
v 0.095512 0.018109 -0.013981
v -0.104233 0.099823 0.419209
v -0.020436 0.064983 -0.017422
v -0.019915 -0.143899 0.249858
v -0.022064 -0.144493 0.251098
v -0.024134 -0.144691 0.252009
v -0.025972 -0.144653 0.252761
v -0.027823 -0.144539 0.253412
v -0.030012 -0.144441 0.253882
v -0.031871 -0.144068 0.254008
v -0.033388 -0.143652 0.254195
v -0.034787 -0.143201 0.254439
v -0.036635 -0.142472 0.254519
v -0.021130 -0.143714 0.249198
v -0.023613 -0.143942 0.249908
v -0.026012 -0.144009 0.250493
v -0.028152 -0.143885 0.251029
v -0.030222 -0.143623 0.251508
v -0.032274 -0.143280 0.251951
v -0.034216 -0.142741 0.252314
v -0.036021 -0.142044 0.252713
v -0.037523 -0.141388 0.253091
v -0.038939 -0.140711 0.253366
v -0.023109 -0.143479 0.248743
v -0.025417 -0.143423 0.248922
v -0.028125 -0.143267 0.249114
v -0.030376 -0.142994 0.249441
v -0.032591 -0.142489 0.249738
v -0.034568 -0.141994 0.250229
v -0.036584 -0.141205 0.250739
v -0.038808 -0.139989 0.251404
v -0.040229 -0.139260 0.251937
v -0.041091 -0.138813 0.252352
vt 0.247467 0.756912
vt 0.250420 0.752274
vt 0.250740 0.761490
vt 0.255180 0.755493
vt 0.258621 0.763931
vt 0.249146 0.740341
vt 0.253540 0.738220
vt 0.251396 0.747665
vt 0.244102 0.744949
vt 0.258842 0.759506
vt 0.246117 0.752731
vt 0.808842 0.778038
vt 0.808842 0.783562
vt 0.806679 0.779701
vt 0.553177 0.754017
vt 0.550262 0.751698
vt 0.551849 0.745171
vt 0.267334 0.768837
vt 0.265564 0.774536
vt 0.266739 0.764030
vt 0.543213 0.756107
vt 0.547241 0.761597
vt 0.545547 0.763908
vt 0.553207 0.761974
vt 0.550415 0.759892
vt 0.545654 0.745590
vt 0.267334 0.777367
vt 0.242559 0.691376
vt 0.245251 0.690094
vt 0.245153 0.694244
vt 0.242872 0.699127
vt 0.244850 0.686890
vt 0.250099 0.688690
vt 0.248964 0.692459
vt 0.245491 0.699524
vt 0.251093 0.681534
vt 0.244787 0.682358
vt 0.247330 0.680969
vt 0.546021 0.755165
vt 0.258427 0.689880
vt 0.252007 0.682709
vt 0.259897 0.678543
vt 0.559235 0.740387
vt 0.559235 0.755661
vt 0.268299 0.669220
vt 0.266863 0.683594
vt 0.266161 0.694046
vt 0.258425 0.705750
vt 0.543930 0.750736
vt 0.255478 0.674744
vt 0.246014 0.703308
vt 0.243805 0.744202
vt 0.245102 0.749512
vt 0.242561 0.740341
vt 0.540512 0.745995
vt 0.556763 0.718704
vt 0.559853 0.716187
vt 0.559853 0.725311
vt 0.548325 0.742905
vt 0.550507 0.737591
vt 0.543564 0.740295
vt 0.552078 0.735397
vt 0.547943 0.729019
vt 0.549820 0.733410
vt 0.541443 0.735210
vt 0.546021 0.727177
vt 0.541824 0.729431
vt 0.555496 0.722916
vt 0.477402 0.810410
vt 0.481934 0.810783
vt 0.482437 0.814674
vt 0.487534 0.805176
vt 0.486549 0.813789
vt 0.199005 0.776443
vt 0.189163 0.780411
vt 0.201172 0.770172
vt 0.207703 0.774109
vt 0.695114 0.801163
vt 0.696716 0.798538
vt 0.698067 0.808609
vt 0.703560 0.805740
vt 0.698364 0.812805
vt 0.704491 0.818649
vt 0.190399 0.773987
vt 0.522234 0.804520
vt 0.516282 0.801285
vt 0.521303 0.800323
vt 0.516515 0.806107
vt 0.194031 0.818237
vt 0.187439 0.815681
vt 0.194923 0.810944
vt 0.190277 0.821495
vt 0.194923 0.825111
vt 0.273422 0.820543
vt 0.270523 0.823368
vt 0.268555 0.815643
vt 0.274139 0.811222
vt 0.743965 0.823669
vt 0.740013 0.824524
vt 0.745422 0.817886
vt 0.775757 0.811615
vt 0.769672 0.813156
vt 0.771210 0.810013
vt 0.268402 0.806070
vt 0.273682 0.804081
vt 0.275742 0.805617
vt 0.739532 0.829132
vt 0.744011 0.826492
vt 0.283519 0.669220
vt 0.283519 0.750458
vt 0.268402 0.687286
vt 0.571342 0.763077
vt 0.560196 0.763107
vt 0.584557 0.746368
vt 0.130062 0.546417
vt 0.187332 0.546448
vt 0.187332 0.618042
vt 0.506409 0.556419
vt 0.506882 0.491955
vt 0.560089 0.557854
vt 0.538513 0.476713
vt 0.577339 0.687225
vt 0.609207 0.687103
vt 0.617752 0.554016
vt 0.476379 0.450769
vt 0.474045 0.364468
vt 0.362396 0.086323
vt 0.357285 0.085047
vt 0.354034 0.079580
vt 0.363998 0.089724
vt 0.364548 0.086683
vt 0.374573 0.096231
vt 0.375793 0.094526
vt 0.380905 0.099714
vt 0.382080 0.103577
vt 0.460114 0.225815
vt 0.475845 0.223209
vt 0.465546 0.273769
vt 0.423569 0.197750
vt 0.423035 0.189976
vt 0.426331 0.198133
vt 0.419235 0.194883
vt 0.417007 0.193014
vt 0.504364 0.255760
vt 0.515915 0.335304
vt 0.385193 0.102190
vt 0.427536 0.117037
vt 0.429565 0.103580
vt 0.438507 0.119108
vt 0.387115 0.105953
vt 0.559372 0.624008
vt 0.559372 0.640560
vt 0.555557 0.634991
vt 0.390213 0.105141
vt 0.383926 0.107803
vt 0.389236 0.111420
vt 0.425171 0.119629
vt 0.421478 0.113167
vt 0.392578 0.110451
vt 0.395721 0.109934
vt 0.433136 0.125137
vt 0.455109 0.132364
vt 0.465927 0.113575
vt 0.467148 0.127628
vt 0.280029 0.659180
vt 0.282013 0.655342
vt 0.285797 0.660110
vt 0.393188 0.113380
vt 0.401138 0.113329
vt 0.396835 0.118017
vt 0.400497 0.117538
vt 0.423843 0.124565
vt 0.421860 0.119539
vt 0.471649 0.140617
vt 0.455505 0.147715
vt 0.673073 0.418747
vt 0.679314 0.409027
vt 0.679558 0.417282
vt 0.391281 0.117189
vt 0.427979 0.126259
vt 0.673546 0.407944
vt 0.407578 0.121021
vt 0.406982 0.116186
vt 0.418381 0.123005
vt 0.397430 0.125221
vt 0.686325 0.424545
vt 0.670235 0.428040
vt 0.405014 0.122087
vt 0.426453 0.129635
vt 0.405685 0.126719
vt 0.412979 0.122992
vt 0.480743 0.181335
vt 0.488937 0.178637
vt 0.489838 0.189665
vt 0.430618 0.131605
vt 0.428238 0.134047
vt 0.410645 0.126102
vt 0.423904 0.133286
vt 0.416000 0.128872
vt 0.462280 0.153656
vt 0.481705 0.194996
vt 0.494095 0.199915
vt 0.396133 0.129753
vt 0.402985 0.130299
vt 0.439697 0.136854
vt 0.447571 0.130632
vt 0.447327 0.150009
vt 0.411331 0.131180
vt 0.431488 0.137991
vt 0.473343 0.156597
vt 0.425812 0.139265
vt 0.417709 0.135271
vt 0.429779 0.140093
vt 0.401062 0.136480
vt 0.407867 0.135206
vt 0.487350 0.202749
vt 0.395752 0.135948
vt 0.434326 0.142206
vt 0.434204 0.154184
vt 0.398270 0.142347
vt 0.415558 0.141344
vt 0.460556 0.166580
vt 0.412033 0.138254
vt 0.422623 0.140961
vt 0.470963 0.169794
vt 0.466721 0.181414
vt 0.402939 0.144777
vt 0.431519 0.146240
vt 0.748074 0.808327
vt 0.739532 0.798168
vt 0.745125 0.774067
vt 0.407913 0.145140
vt 0.428375 0.146883
vt 0.473587 0.191248
vt 0.742336 0.817783
vt 0.412247 0.143923
vt 0.396591 0.148607
vt 0.420074 0.144575
vt 0.452728 0.178314
vt 0.429214 0.151133
vt 0.443192 0.169874
vt 0.473480 0.207890
vt 0.397461 0.152428
vt 0.423294 0.152212
vt 0.404739 0.151722
vt 0.414032 0.150658
vt 0.417114 0.151600
vt 0.400970 0.155659
vt 0.769676 0.792625
vt 0.776413 0.788879
vt 0.776413 0.809921
vt 0.413223 0.157490
vt 0.420868 0.153982
vt 0.414108 0.388720
vt 0.429840 0.158667
vt 0.463013 0.193069
vt 0.409851 0.161922
vt 0.403992 0.161518
vt 0.423309 0.160139
vt 0.416199 0.162384
vt 0.451691 0.188871
vt 0.418854 0.162998
vt 0.434296 0.186857
vt 0.373322 0.274786
vt 0.434204 0.267948
vt 0.402084 0.169487
vt 0.411850 0.168730
vt 0.423340 0.168188
vt 0.457779 0.201097
vt 0.419403 0.169653
vt 0.415009 0.174328
vt 0.405472 0.179707
vt 0.748074 0.763218
vt 0.417877 0.181419
vt 0.421051 0.175100
vt 0.467346 0.223139
vt 0.425583 0.177526
vt 0.406601 0.190037
vt 0.410904 0.183491
vt 0.423477 0.180391
vt 0.449432 0.204094
vt 0.414536 0.181087
vt 0.420212 0.185318
vt 0.425827 0.183859
vt 0.409561 0.195738
vt 0.287222 0.562897
vt 0.286985 0.559372
vt 0.287222 0.555145
vt 0.422455 0.186989
vt 0.412125 0.199213
vt 0.426224 0.188093
vt 0.432465 0.207487
vt 0.445358 0.223494
vt 0.448380 0.234270
vt 0.446365 0.247316
vt 0.432449 0.258850
vt 0.265228 0.628017
vt 0.269165 0.621704
vt 0.273621 0.634418
vt 0.266312 0.634289
vt 0.270050 0.637619
vt 0.279358 0.644024
vt 0.270126 0.641151
vt 0.267822 0.640354
vt 0.272980 0.648468
vt 0.495483 0.827719
vt 0.488464 0.827719
vt 0.491959 0.824772
vt 0.248642 0.660118
vt 0.242310 0.660034
vt 0.239731 0.655468
vt 0.232910 0.653671
vt 0.237976 0.658188
vt 0.277725 0.648354
vt 0.275299 0.651073
vt 0.492081 0.816000
vt 0.247467 0.661957
vt 0.280289 0.655788
vt 0.253159 0.665115
vt 0.256042 0.663200
vt 0.276138 0.657913
vt 0.258911 0.666538
vt 0.262558 0.662048
vt 0.419800 0.116499
vt 0.273788 0.665363
vt 0.265335 0.666492
vt 0.271423 0.661198
vt 0.282196 0.661129
vt 0.278183 0.665955
vt 0.272003 0.669117
vt 0.516350 0.640160
vt 0.520172 0.635086
vt 0.522537 0.641937
vt 0.745422 0.830490
vt 0.522537 0.666435
vt 0.518723 0.666702
vt 0.518585 0.663643
vt 0.522507 0.648582
vt 0.515045 0.647461
vt 0.520233 0.655357
vt 0.514099 0.662926
vt 0.737465 0.826828
vt 0.734879 0.822723
vt 0.737465 0.820923
vt 0.522514 0.671837
vt 0.206116 0.783482
vt 0.210480 0.781662
vt 0.208328 0.786652
vt 0.266552 0.707306
vt 0.268299 0.720566
vt 0.251261 0.717926
vt 0.249950 0.714157
vt 0.248032 0.709518
vt 0.275742 0.825596
vt 0.204529 0.793659
vt 0.198502 0.804268
vt 0.197647 0.797619
vt 0.201157 0.787216
vt 0.198685 0.792294
vt 0.738586 0.820824
vt 0.734879 0.820824
vt 0.735016 0.816025
vt 0.737488 0.815346
vt 0.202408 0.799915
vt 0.210480 0.798672
vt 0.206848 0.790894
vt 0.256136 0.721390
vt 0.516449 0.635979
vt 0.516606 0.796356
vt 0.522234 0.792343
vt 0.517313 0.790802
vt 0.190140 0.748596
vt 0.190933 0.755905
vt 0.189438 0.756012
vt 0.540375 0.798676
vt 0.538467 0.805649
vt 0.538109 0.797134
vt 0.223400 0.822433
vt 0.227417 0.827194
vt 0.222954 0.828415
vt 0.540375 0.814743
vt 0.533974 0.819641
vt 0.533539 0.816162
vt 0.228405 0.821243
vt 0.487534 0.819382
vt 0.481606 0.819405
vt 0.532974 0.808273
vt 0.477486 0.815956
vt 0.237030 0.758675
vt 0.237030 0.754200
vt 0.242218 0.760727
vt 0.498672 0.824265
vt 0.502579 0.828583
vt 0.497063 0.829628
vt 0.228405 0.830414
vt 0.502579 0.821411
vt 0.776581 0.821472
vt 0.782623 0.821518
vt 0.782623 0.828064
vt 0.776764 0.827179
vt 0.520462 0.767593
vt 0.521484 0.760330
vt 0.522324 0.764267
vt 0.522324 0.773430
vt 0.419708 0.256870
vt 0.410416 0.251106
vt 0.412415 0.253395
vt 0.408463 0.250633
vt 0.406387 0.257122
vt 0.520004 0.787832
vt 0.522614 0.784039
vt 0.522614 0.790709
vt 0.797379 0.826767
vt 0.794510 0.823143
vt 0.797379 0.821777
vt 0.514496 0.822045
vt 0.515305 0.827751
vt 0.510056 0.827751
vt 0.225662 0.787636
vt 0.234894 0.788010
vt 0.222946 0.791389
vt 0.234894 0.803398
vt 0.231705 0.808189
vt 0.233826 0.796646
vt 0.225342 0.799484
vt 0.415421 0.226954
vt 0.416931 0.230474
vt 0.412476 0.231726
vt 0.251816 0.803627
vt 0.254204 0.798851
vt 0.254204 0.806786
vt 0.412247 0.245138
vt 0.704491 0.797394
vt 0.701134 0.795807
vt 0.201630 0.778152
vt 0.201401 0.781555
vt 0.193680 0.781250
vt 0.434753 0.548239
vt 0.369141 0.538351
vt 0.788467 0.766541
vt 0.789291 0.773849
vt 0.781830 0.774674
vt 0.295959 0.523331
vt 0.305984 0.288662
vt 0.365875 0.339926
vt 0.336639 0.078058
vt 0.334579 0.074337
vt 0.337814 0.075396
vt 0.334808 0.080837
vt 0.340714 0.081177
vt 0.338150 0.072313
vt 0.341583 0.074623
vt 0.336823 0.088762
vt 0.342026 0.085985
vt 0.342560 0.077095
vt 0.343704 0.079540
vt 0.343826 0.074219
vt 0.346069 0.077707
vt 0.344772 0.090380
vt 0.341736 0.092890
vt 0.347992 0.089758
vt 0.348007 0.076614
vt 0.352051 0.081188
vt 0.355804 0.088091
vt 0.345856 0.095390
vt 0.349792 0.094547
vt 0.352432 0.093065
vt 0.345596 0.100435
vt 0.350006 0.102688
vt 0.346832 0.108936
vt 0.334900 0.120142
vt 0.338989 0.113247
vt 0.343628 0.114546
vt 0.343872 0.108286
vt 0.357880 0.097851
vt 0.327072 0.130428
vt 0.324249 0.125685
vt 0.331268 0.128416
vt 0.354111 0.108822
vt 0.363571 0.093601
vt 0.337677 0.124588
vt 0.332458 0.131859
vt 0.329803 0.123625
vt 0.362000 0.112164
vt 0.355225 0.116463
vt 0.364777 0.101860
vt 0.352997 0.123333
vt 0.342209 0.128782
vt 0.375473 0.101208
vt 0.335068 0.134031
vt 0.372833 0.103317
vt 0.339279 0.134727
vt 0.351379 0.131355
vt 0.358521 0.121006
vt 0.371033 0.107782
vt 0.343460 0.135792
vt 0.334976 0.140947
vt 0.305984 0.262245
vt 0.305710 0.256420
vt 0.311493 0.257490
vt 0.308716 0.251575
vt 0.309814 0.262337
vt 0.264275 0.761520
vt 0.210068 0.768143
vt 0.198624 0.757248
vt 0.195694 0.764771
vt 0.246841 0.729156
vt 0.248024 0.725281
vt 0.253082 0.721481
vt 0.194107 0.749557
vt 0.258339 0.730469
vt 0.259315 0.721664
vt 0.264275 0.723022
vt 0.199654 0.812164
vt 0.203888 0.818588
vt 0.197662 0.817719
vt 0.200302 0.822021
vt 0.421921 0.233181
vt 0.410522 0.234871
vt 0.385925 0.251698
vt 0.376129 0.257528
vt 0.388947 0.154181
vt 0.391678 0.149948
vt 0.361084 0.258854
vt 0.354477 0.254511
vt 0.362366 0.252226
vt 0.385590 0.143419
vt 0.383301 0.152071
vt 0.379166 0.156975
vt 0.378159 0.154795
vt 0.377960 0.156006
vt 0.375656 0.147814
vt 0.373459 0.154800
vt 0.369293 0.152470
vt 0.374039 0.143957
vt 0.380295 0.138166
vt 0.382828 0.134108
vt 0.384033 0.138723
vt 0.324066 0.230341
vt 0.317764 0.231192
vt 0.321304 0.228167
vt 0.319016 0.234898
vt 0.314163 0.235327
vt 0.314789 0.262569
vt 0.322067 0.264843
vt 0.313324 0.264532
vt 0.312073 0.233105
vt 0.306854 0.235415
vt 0.303421 0.235933
vt 0.305771 0.237265
vt 0.306976 0.233112
vt 0.301422 0.233276
vt 0.310959 0.246006
vt 0.304459 0.242449
vt 0.341721 0.143841
vt 0.349442 0.137939
vt 0.307266 0.230732
vt 0.311386 0.229912
vt 0.310989 0.238823
vt 0.314041 0.253899
vt 0.362183 0.131926
vt 0.332809 0.166071
vt 0.335434 0.162733
vt 0.338562 0.170202
vt 0.336136 0.173536
vt 0.340134 0.164865
vt 0.315674 0.229237
vt 0.316101 0.249195
vt 0.316452 0.259390
vt 0.339188 0.158171
vt 0.312653 0.226183
vt 0.372772 0.120939
vt 0.382721 0.111637
vt 0.316910 0.254189
vt 0.335709 0.184935
vt 0.332245 0.181303
vt 0.335419 0.178072
vt 0.317719 0.224239
vt 0.319336 0.226488
vt 0.316956 0.240812
vt 0.348267 0.147104
vt 0.366226 0.125942
vt 0.343094 0.153688
vt 0.343750 0.157955
vt 0.321960 0.258060
vt 0.322952 0.248625
vt 0.362991 0.141396
vt 0.379227 0.122238
vt 0.325409 0.260914
vt 0.340729 0.182245
vt 0.341904 0.175896
vt 0.343109 0.169817
vt 0.346481 0.162800
vt 0.348846 0.155897
vt 0.322357 0.224972
vt 0.320023 0.223503
vt 0.331345 0.188244
vt 0.337982 0.191038
vt 0.360352 0.147717
vt 0.325531 0.251266
vt 0.322586 0.221699
vt 0.322571 0.241812
vt 0.387482 0.114454
vt 0.353149 0.161039
vt 0.355042 0.150536
vt 0.371048 0.131165
vt 0.346283 0.176035
vt 0.359528 0.153404
vt 0.331787 0.222404
vt 0.343369 0.187414
vt 0.349960 0.168022
vt 0.383896 0.119402
vt 0.334442 0.194050
vt 0.338837 0.199301
vt 0.345444 0.182920
vt 0.348572 0.171480
vt 0.329041 0.247070
vt 0.329834 0.254330
vt 0.327209 0.221979
vt 0.329285 0.238581
vt 0.331619 0.226852
vt 0.352295 0.172743
vt 0.354538 0.166193
vt 0.331329 0.259441
vt 0.348740 0.178787
vt 0.332581 0.242262
vt 0.331360 0.263243
vt 0.334229 0.249493
vt 0.342209 0.194925
vt 0.329376 0.219639
vt 0.345673 0.192493
vt 0.351532 0.183365
vt 0.354080 0.176851
vt 0.349136 0.192278
vt 0.333481 0.229246
vt 0.369995 0.142021
vt 0.360077 0.159063
vt 0.332809 0.213482
vt 0.334244 0.209017
vt 0.336395 0.213100
vt 0.335052 0.217564
vt 0.330780 0.216354
vt 0.337601 0.256552
vt 0.356476 0.168369
vt 0.366226 0.151148
vt 0.338623 0.208506
vt 0.334808 0.234417
vt 0.338837 0.241600
vt 0.378860 0.135815
vt 0.387863 0.126833
vt 0.345016 0.199261
vt 0.360199 0.165771
vt 0.338089 0.220800
vt 0.337509 0.218235
vt 0.337387 0.215645
vt 0.341492 0.247894
vt 0.343140 0.207691
vt 0.340408 0.229691
vt 0.338989 0.260990
vt 0.353973 0.186501
vt 0.353058 0.191319
vt 0.359894 0.172010
vt 0.366287 0.157913
vt 0.340729 0.212490
vt 0.391235 0.127764
vt 0.340942 0.222742
vt 0.348709 0.204645
vt 0.350601 0.201029
vt 0.358368 0.184872
vt 0.361115 0.178244
vt 0.343475 0.214424
vt 0.347290 0.245035
vt 0.350510 0.260571
vt 0.354797 0.199018
vt 0.357010 0.194185
vt 0.370804 0.160719
vt 0.344208 0.218752
vt 0.343460 0.224739
vt 0.359955 0.191303
vt 0.349106 0.234110
vt 0.347214 0.209450
vt 0.388123 0.133390
vt 0.363220 0.185600
vt 0.390579 0.135712
vt 0.348648 0.254431
vt 0.377701 0.161726
vt 0.381088 0.148203
vt 0.376389 0.156700
vt 0.349319 0.215418
vt 0.350632 0.229195
vt 0.356979 0.209881
vt 0.350052 0.222683
vt 0.357803 0.248051
vt 0.388885 0.144205
vt 0.392456 0.142151
vt 0.375458 0.171667
vt 0.353073 0.217617
vt 0.365067 0.203623
vt 0.367340 0.192093
vt 0.375137 0.174063
vt 0.363220 0.207037
vt 0.365265 0.198069
vt 0.393936 0.143200
vt 0.377457 0.181908
vt 0.361221 0.236097
vt 0.384430 0.161600
vt 0.362137 0.214682
vt 0.363144 0.246788
vt 0.365494 0.210888
vt 0.372772 0.198400
vt 0.378357 0.174664
vt 0.361450 0.223944
vt 0.363495 0.230488
vt 0.390259 0.163940
vt 0.373917 0.207750
vt 0.367538 0.240704
vt 0.372025 0.237173
vt 0.370880 0.210737
vt 0.366180 0.226002
vt 0.373001 0.216686
vt 0.382538 0.189831
vt 0.367538 0.245329
vt 0.367737 0.220356
vt 0.373383 0.232826
vt 0.373001 0.247223
vt 0.378250 0.203981
vt 0.375031 0.228178
vt 0.395782 0.168882
vt 0.397751 0.161243
vt 0.376068 0.243830
vt 0.379562 0.211544
vt 0.385544 0.192772
vt 0.391617 0.181162
vt 0.374115 0.219868
vt 0.376724 0.214485
vt 0.380081 0.237108
vt 0.384644 0.202114
vt 0.379456 0.232525
vt 0.381226 0.219200
vt 0.381790 0.240944
vt 0.380722 0.244608
vt 0.384033 0.211643
vt 0.379517 0.224531
vt 0.382080 0.247175
vt 0.394821 0.185534
vt 0.392395 0.196436
vt 0.386765 0.249386
vt 0.384460 0.216921
vt 0.389526 0.246340
vt 0.387222 0.235788
vt 0.395279 0.202789
vt 0.384796 0.225187
vt 0.389404 0.240915
vt 0.388947 0.231010
vt 0.391342 0.219393
vt 0.389084 0.225206
vt 0.392532 0.223528
vt 0.391602 0.228380
vt 0.393539 0.235165
vt 0.393570 0.216055
vt 0.393997 0.247900
vt 0.401260 0.198284
vt 0.395187 0.226963
vt 0.397202 0.237856
vt 0.395844 0.241913
vt 0.399979 0.244823
vt 0.398636 0.234056
vt 0.398636 0.215704
vt 0.397949 0.223436
vt 0.403961 0.247446
vt 0.403702 0.251812
vt 0.402267 0.229572
vt 0.401062 0.238619
vt 0.401581 0.224771
vt 0.400223 0.221613
vt 0.401459 0.212679
vt 0.404694 0.224678
vt 0.406998 0.251240
vt 0.405136 0.244535
vt 0.403641 0.218042
vt 0.405472 0.238489
vt 0.406647 0.230658
vt 0.406296 0.249094
vt 0.407196 0.246532
vt 0.411301 0.221025
vt 0.408279 0.243742
vt 0.411606 0.238392
vt 0.777451 0.792184
vt 0.778152 0.786400
vt 0.784271 0.793425
vt 0.416214 0.219475
vt 0.205124 0.824692
vt 0.187424 0.764175
vt 0.191742 0.762314
vt 0.786636 0.781547
vt 0.776581 0.781086
vt 0.194534 0.769547
vt 0.205124 0.808685
vt 0.201508 0.804367
vt 0.256310 0.741135
vt 0.781387 0.763217
vt 0.541458 0.750839
vt 0.243530 0.733932
vt 0.210068 0.780426
vt 0.789291 0.786695
vt 0.559307 0.764008
vt 0.559307 0.785828
vt 0.555233 0.777985
vt 0.553959 0.765732
vt 0.256470 0.756393
vt 0.605072 0.749008
vt 0.617950 0.759796
vt 0.684891 0.467682
vt 0.639580 0.478821
vt 0.722282 0.421631
vt 0.711098 0.433777
vt 0.712585 0.420517
vt 0.736084 0.481445
vt 0.728271 0.565826
vt 0.677505 0.553162
vt 0.728485 0.410126
vt 0.721725 0.415482
vt 0.721466 0.409058
vt 0.732338 0.423248
vt 0.708565 0.407791
vt 0.706779 0.414276
vt 0.701439 0.421036
vt 0.692215 0.414261
vt 0.684181 0.408569
vt 0.691734 0.404694
vt 0.680367 0.693863
vt 0.744080 0.710632
vt 0.702644 0.762192
vt 0.655548 0.762299
vt 0.675018 0.760864
vt 0.645477 0.021469
vt 0.684753 0.004158
vt 0.660866 0.016472
vt 0.643318 0.678192
vt 0.318283 0.207029
vt 0.316086 0.205076
vt 0.314377 0.202148
vt 0.312790 0.199903
vt 0.315002 0.201694
vt 0.556229 0.688526
vt 0.555481 0.683147
vt 0.556442 0.684425
vt 0.556992 0.689144
vt 0.557236 0.693501
vt 0.557770 0.692455
vt 0.558685 0.695881
vt 0.556671 0.691212
vt 0.318359 0.208981
vt 0.319824 0.209070
vt 0.555573 0.679779
vt 0.556305 0.678730
vt 0.315704 0.208790
vt 0.313904 0.209185
vt 0.313705 0.208099
vt 0.314651 0.205332
vt 0.313766 0.203648
vt 0.310242 0.208735
vt 0.306625 0.208477
vt 0.305115 0.207218
vt 0.306793 0.206924
vt 0.287140 0.630196
vt 0.287292 0.629379
vt 0.287292 0.631966
vt 0.526810 0.707809
vt 0.527206 0.705414
vt 0.529175 0.706726
vt 0.530823 0.714523
vt 0.529449 0.711380
vt 0.534775 0.712631
vt 0.534912 0.715103
vt 0.239370 0.783569
vt 0.239370 0.787338
vt 0.236464 0.784882
vt 0.058247 0.946716
vt 0.061108 0.944672
vt 0.062542 0.946655
vt 0.228996 0.817383
vt 0.226112 0.821152
vt 0.225235 0.819244
vt 0.072815 0.873413
vt 0.072075 0.867432
vt 0.074455 0.871643
vt 0.555283 0.673187
vt 0.552765 0.668274
vt 0.554153 0.667755
vt 0.520844 0.732773
vt 0.520508 0.731949
vt 0.521240 0.732468
vt 0.304642 0.208256
vt 0.302170 0.207918
vt 0.303772 0.207191
vt 0.308182 0.207565
vt 0.553238 0.708786
vt 0.554779 0.713074
vt 0.551407 0.711807
vt 0.553360 0.715652
vt 0.552246 0.717987
vt 0.549194 0.715591
vt 0.552704 0.720169
vt 0.548080 0.718323
vt 0.554855 0.705704
vt 0.552475 0.704865
vt 0.555344 0.699936
vt 0.553635 0.699356
vt 0.549103 0.709000
vt 0.555023 0.695190
vt 0.550201 0.703430
vt 0.545670 0.717072
vt 0.553101 0.694336
vt 0.074013 0.878937
vt 0.550552 0.699829
vt 0.546783 0.714523
vt 0.073174 0.893646
vt 0.073315 0.886505
vt 0.074917 0.887756
vt 0.554657 0.687943
vt 0.214737 0.810760
vt 0.217743 0.811972
vt 0.215027 0.814535
vt 0.553741 0.674530
vt 0.555206 0.680466
vt 0.553802 0.681839
vt 0.552429 0.663940
vt 0.553802 0.663803
vt 0.547226 0.704956
vt 0.231415 0.820770
vt 0.545990 0.708176
vt 0.544846 0.719025
vt 0.539520 0.717194
vt 0.546005 0.698639
vt 0.548996 0.692078
vt 0.549728 0.670074
vt 0.539978 0.715439
vt 0.543976 0.712662
vt 0.549576 0.681183
vt 0.548203 0.667068
vt 0.544998 0.701370
vt 0.551697 0.661224
vt 0.554184 0.660385
vt 0.541443 0.702271
vt 0.540741 0.713593
vt 0.547012 0.663925
vt 0.546722 0.679642
vt 0.554077 0.657394
vt 0.540970 0.698547
vt 0.537827 0.707062
vt 0.547791 0.660126
vt 0.544281 0.696228
vt 0.544510 0.687561
vt 0.546875 0.671097
vt 0.538513 0.718231
vt 0.532578 0.716187
vt 0.535690 0.708374
vt 0.534698 0.710175
vt 0.542145 0.691025
vt 0.542786 0.683517
vt 0.539673 0.694519
vt 0.553345 0.655884
vt 0.546188 0.656799
vt 0.540451 0.670609
vt 0.534134 0.703873
vt 0.543243 0.661087
vt 0.541718 0.666306
vt 0.541733 0.677353
vt 0.320160 0.100136
vt 0.317932 0.097654
vt 0.320038 0.096289
vt 0.533249 0.702072
vt 0.532791 0.707062
vt 0.486748 0.735744
vt 0.483337 0.739426
vt 0.483955 0.735367
vt 0.531815 0.718323
vt 0.528961 0.716537
vt 0.323303 0.099800
vt 0.531174 0.710129
vt 0.058662 0.942963
vt 0.054314 0.945618
vt 0.054947 0.947174
vt 0.315201 0.102392
vt 0.316696 0.097816
vt 0.318344 0.101519
vt 0.530670 0.706711
vt 0.537888 0.688583
vt 0.538773 0.683884
vt 0.538635 0.674164
vt 0.488663 0.733265
vt 0.488945 0.737194
vt 0.327286 0.088951
vt 0.329910 0.092049
vt 0.327576 0.093390
vt 0.333023 0.077049
vt 0.328720 0.080612
vt 0.330002 0.077568
vt 0.331406 0.082884
vt 0.533234 0.696854
vt 0.530151 0.705582
vt 0.528336 0.713165
vt 0.539810 0.663467
vt 0.313568 0.104824
vt 0.318710 0.105371
vt 0.526657 0.715591
vt 0.538025 0.669296
vt 0.254730 0.819916
vt 0.254730 0.826080
vt 0.252096 0.824051
vt 0.490227 0.733482
vt 0.315491 0.107553
vt 0.319153 0.101109
vt 0.321808 0.104837
vt 0.321503 0.102301
vt 0.529007 0.707886
vt 0.539017 0.663071
vt 0.333923 0.090244
vt 0.329407 0.085756
vt 0.309311 0.114985
vt 0.311874 0.115030
vt 0.309479 0.116606
vt 0.325485 0.096886
vt 0.330750 0.097342
vt 0.527466 0.709793
vt 0.525894 0.711685
vt 0.535889 0.682587
vt 0.536636 0.667267
vt 0.535416 0.672882
vt 0.489578 0.731453
vt 0.534317 0.689346
vt 0.526031 0.709259
vt 0.533798 0.670776
vt 0.313141 0.117355
vt 0.311035 0.112314
vt 0.313812 0.112898
vt 0.309570 0.113539
vt 0.327133 0.103182
vt 0.529083 0.698166
vt 0.523544 0.715103
vt 0.523880 0.717285
vt 0.522736 0.716629
vt 0.537415 0.663803
vt 0.535049 0.667892
vt 0.310669 0.119659
vt 0.317200 0.109104
vt 0.334198 0.094749
vt 0.524460 0.714218
vt 0.524185 0.712479
vt 0.525162 0.709808
vt 0.533890 0.680679
vt 0.535950 0.665024
vt 0.314606 0.120405
vt 0.530029 0.691177
vt 0.523178 0.711624
vt 0.316193 0.115616
vt 0.526367 0.699417
vt 0.524658 0.704865
vt 0.058399 0.876221
vt 0.061668 0.876617
vt 0.056953 0.884338
vt 0.058678 0.885742
vt 0.053406 0.895752
vt 0.054203 0.890045
vt 0.531235 0.685715
vt 0.532883 0.676865
vt 0.322388 0.111279
vt 0.332092 0.103012
vt 0.323746 0.113377
vt 0.325302 0.110052
vt 0.531158 0.674286
vt 0.055321 0.874054
vt 0.055897 0.871216
vt 0.056797 0.872620
vt 0.317657 0.117529
vt 0.317993 0.115948
vt 0.339752 0.100710
vt 0.529709 0.678574
vt 0.052002 0.883423
vt 0.051968 0.880554
vt 0.054558 0.878693
vt 0.320541 0.117374
vt 0.321899 0.119474
vt 0.320068 0.120945
vt 0.327652 0.113420
vt 0.048580 0.935333
vt 0.045410 0.938141
vt 0.039337 0.933105
vt 0.326233 0.115021
vt 0.334991 0.106764
vt 0.320618 0.131857
vt 0.315735 0.125685
vt 0.320084 0.127277
vt 0.047237 0.884033
vt 0.317810 0.123564
vt 0.324402 0.121246
vt 0.341492 0.106995
vt 0.318787 0.136162
vt 0.324707 0.134665
vt 0.326752 0.122395
vt 0.337845 0.112431
vt 0.328979 0.119022
vt 0.332794 0.118465
vt 0.019035 0.804291
vt 0.022949 0.804047
vt 0.019241 0.807922
vt 0.020828 0.820587
vt 0.023033 0.813843
vt 0.023594 0.821259
vt 0.021317 0.827423
vt 0.019558 0.814209
vt 0.295502 0.256449
vt 0.295074 0.250072
vt 0.297958 0.254686
vt 0.329132 0.136560
vt 0.016026 0.831696
vt 0.017139 0.829742
vt 0.019447 0.831726
vt 0.017231 0.827881
vt 0.298752 0.244888
vt 0.299622 0.251484
vt 0.300583 0.212675
vt 0.298599 0.211510
vt 0.302628 0.212900
vt 0.026596 0.852417
vt 0.023918 0.854584
vt 0.022369 0.851898
vt 0.296097 0.240807
vt 0.293060 0.243357
vt 0.295471 0.236670
vt 0.026695 0.845154
vt 0.025169 0.847290
vt 0.022778 0.845612
vt 0.017395 0.823822
vt 0.295731 0.260128
vt 0.299606 0.260641
vt 0.305450 0.213041
vt 0.303864 0.210413
vt 0.302902 0.215685
vt 0.021507 0.849243
vt 0.298569 0.235565
vt 0.295532 0.234838
vt 0.296967 0.233158
vt 0.302963 0.248621
vt 0.287415 0.266029
vt 0.301239 0.263779
vt 0.302139 0.257694
vt 0.307205 0.214638
vt 0.301575 0.219046
vt 0.303848 0.218187
vt 0.299408 0.231602
vt 0.299713 0.238256
vt 0.328506 0.142509
vt 0.020721 0.846924
vt 0.021645 0.845428
vt 0.302322 0.243176
vt 0.302582 0.219444
vt 0.305679 0.219465
vt 0.791340 0.821442
vt 0.793045 0.824280
vt 0.788025 0.823303
vt 0.309952 0.196005
vt 0.311417 0.197966
vt 0.308350 0.197405
vt 0.308533 0.211813
vt 0.309753 0.213085
vt 0.304901 0.252487
vt 0.300369 0.228867
vt 0.300598 0.226076
vt 0.305359 0.227165
vt 0.317200 0.195370
vt 0.312927 0.194805
vt 0.315277 0.191933
vt 0.304840 0.230356
vt 0.308578 0.218489
vt 0.310181 0.199526
vt 0.311935 0.214321
vt 0.307709 0.209829
vt 0.311523 0.209970
vt 0.311493 0.212000
vt 0.310898 0.196171
vt 0.312881 0.198793
vt 0.312759 0.202389
vt 0.311844 0.201571
vt 0.311081 0.199875
vt 0.315643 0.199730
vt 0.331177 0.168728
vt 0.328217 0.169065
vt 0.328232 0.164408
vt 0.328537 0.177416
vt 0.332077 0.172838
vt 0.308762 0.227356
vt 0.331009 0.159283
vt 0.314133 0.212202
vt 0.314880 0.210171
vt 0.319382 0.199217
vt 0.330826 0.152708
vt 0.334351 0.157093
vt 0.332458 0.146654
vt 0.310150 0.218405
vt 0.337448 0.150705
vt 0.311096 0.223591
vt 0.557281 0.583160
vt 0.556305 0.582352
vt 0.558121 0.582306
vt 0.320633 0.216015
vt 0.315216 0.217777
vt 0.314590 0.217487
vt 0.320633 0.210342
vt 0.318451 0.210512
vt 0.317139 0.209446
vt 0.312256 0.218443
vt 0.555649 0.575485
vt 0.556839 0.573471
vt 0.556366 0.576324
vt 0.316086 0.207245
vt 0.315872 0.205935
vt 0.317200 0.213184
vt 0.312134 0.207664
vt 0.308319 0.219305
vt 0.310059 0.207912
vt 0.310730 0.207195
vt 0.309723 0.206932
vt 0.304718 0.209307
vt 0.304657 0.206362
vt 0.301529 0.206793
vt 0.300766 0.209866
vt 0.301254 0.208748
vt 0.057449 0.874481
vt 0.055241 0.876099
vt 0.053833 0.920471
vt 0.053570 0.922150
vt 0.052250 0.917236
vt 0.320755 0.197605
vt 0.321304 0.203686
vt 0.317093 0.215305
vt 0.327179 0.183586
vt 0.314651 0.223328
vt 0.315430 0.221062
vt 0.325684 0.190022
vt 0.323746 0.205982
vt 0.322937 0.213621
vt 0.318100 0.221882
vt 0.323090 0.208622
vt 0.323776 0.211100
vt 0.328995 0.193966
vt 0.325653 0.203194
vt 0.320297 0.219198
vt 0.326111 0.212444
vt 0.010204 0.865326
vt 0.015766 0.869812
vt 0.010292 0.870026
vt 0.324860 0.215322
vt 0.007156 0.875214
vt 0.005241 0.864807
vt 0.331299 0.209661
vt 0.325806 0.198492
vt 0.330765 0.204771
vt 0.324997 0.218994
vt 0.323456 0.217545
vt 0.328354 0.213495
vt 0.327835 0.216606
vt 0.316132 0.218660
vt 0.314392 0.220169
vt 0.265045 0.730637
vt 0.266464 0.732094
vt 0.266083 0.732124
vt 0.725479 0.801525
vt 0.725174 0.801270
vt 0.726669 0.799553
vt 0.264374 0.730331
vt 0.265274 0.729408
vt 0.520935 0.728775
vt 0.521133 0.727173
vt 0.521729 0.727463
vt 0.521515 0.728989
vt 0.521103 0.730118
vt 0.521408 0.730881
vt 0.787205 0.822418
vt 0.785633 0.824951
vt 0.519394 0.736526
vt 0.520844 0.735825
vt 0.521149 0.737183
vt 0.196457 0.808794
vt 0.195969 0.809053
vt 0.196899 0.805315
vt 0.025215 0.844391
vt 0.035328 0.870392
vt 0.035736 0.872223
vt 0.033993 0.871429
vt 0.034657 0.870148
vt 0.197418 0.799049
vt 0.196716 0.797974
vt 0.197159 0.797754
vt 0.038200 0.870789
vt 0.040318 0.870941
vt 0.039951 0.871826
vt 0.189651 0.790297
vt 0.187546 0.791452
vt 0.188263 0.789282
vt 0.723770 0.770229
vt 0.724182 0.769192
vt 0.725098 0.768406
vt 0.050785 0.870697
vt 0.051682 0.870026
vt 0.052731 0.870544
vt 0.052578 0.869965
vt 0.195526 0.783291
vt 0.194214 0.782795
vt 0.195084 0.782270
vt 0.307983 0.111956
vt 0.801087 0.821991
vt 0.801087 0.827896
vt 0.798804 0.825195
vt 0.307129 0.112974
vt 0.306091 0.114738
vt 0.060715 0.949158
vt 0.058212 0.948608
vt 0.216599 0.818277
vt 0.213959 0.817978
vt 0.214691 0.816877
vt 0.711578 0.780113
vt 0.711548 0.783722
vt 0.710281 0.779099
vt 0.483406 0.743568
vt 0.484459 0.746300
vt 0.481232 0.746422
vt 0.238693 0.680514
vt 0.239426 0.682975
vt 0.237923 0.683421
vt 0.212555 0.814144
vt 0.072338 0.862823
vt 0.071693 0.859436
vt 0.074894 0.864136
vt 0.075100 0.858795
vt 0.073219 0.866577
vt 0.077137 0.872406
vt 0.075851 0.879547
vt 0.266998 0.731270
vt 0.267471 0.731880
vt 0.726852 0.800117
vt 0.267014 0.723557
vt 0.266479 0.724007
vt 0.267471 0.721489
vt 0.559052 0.787342
vt 0.557587 0.787842
vt 0.558502 0.786602
vt 0.300415 0.207609
vt 0.720016 0.780151
vt 0.719879 0.782562
vt 0.719559 0.780437
vt 0.197159 0.795507
vt 0.196609 0.794924
vt 0.196182 0.792561
vt 0.038857 0.845581
vt 0.036499 0.844269
vt 0.040730 0.844910
vt 0.191498 0.786360
vt 0.192657 0.783558
vt 0.540176 0.654892
vt 0.540482 0.654541
vt 0.541763 0.655319
vt 0.539856 0.655945
vt 0.072681 0.933624
vt 0.071110 0.934540
vt 0.070953 0.931244
vt 0.076305 0.892395
vt 0.074692 0.893738
vt 0.231483 0.819046
vt 0.232704 0.820068
vt 0.233925 0.821152
vt 0.076965 0.884613
vt 0.077538 0.864960
vt 0.075535 0.870300
vt 0.076397 0.862335
vt 0.068741 0.934906
vt 0.069954 0.937866
vt 0.224991 0.687408
vt 0.222679 0.683554
vt 0.226524 0.682558
vt 0.225143 0.679637
vt 0.221069 0.680782
vt 0.069141 0.940033
vt 0.219101 0.684800
vt 0.075050 0.855316
vt 0.072708 0.856232
vt 0.066170 0.939423
vt 0.482147 0.750065
vt 0.230026 0.686248
vt 0.233078 0.682738
vt 0.059639 0.926361
vt 0.068977 0.942230
vt 0.066711 0.943298
vt 0.477402 0.748211
vt 0.477425 0.745216
vt 0.479675 0.744423
vt 0.217934 0.681774
vt 0.071457 0.850586
vt 0.060017 0.938477
vt 0.235909 0.683995
vt 0.235207 0.680605
vt 0.481422 0.742756
vt 0.219765 0.676296
vt 0.218208 0.678433
vt 0.478004 0.741234
vt 0.230782 0.678300
vt 0.057327 0.935364
vt 0.069958 0.852570
vt 0.070068 0.856628
vt 0.521519 0.691376
vt 0.522460 0.688232
vt 0.522460 0.692078
vt 0.238960 0.678284
vt 0.486504 0.743935
vt 0.233932 0.678133
vt 0.223511 0.675749
vt 0.227455 0.675867
vt 0.068966 0.926270
vt 0.061962 0.942352
vt 0.240578 0.677825
vt 0.066063 0.944397
vt 0.485962 0.741013
vt 0.067291 0.847351
vt 0.479408 0.736614
vt 0.237656 0.674591
vt 0.067841 0.852600
vt 0.554810 0.653214
vt 0.241104 0.681334
vt 0.242455 0.676403
vt 0.225342 0.672300
vt 0.222122 0.672016
vt 0.218132 0.673314
vt 0.066315 0.850281
vt 0.214928 0.676608
vt 0.217560 0.822977
vt 0.214203 0.820906
vt 0.065716 0.845154
vt 0.488350 0.740967
vt 0.487816 0.743977
vt 0.062077 0.845306
vt 0.055065 0.927948
vt 0.062405 0.842743
vt 0.060558 0.846252
vt 0.052990 0.939545
vt 0.233894 0.672721
vt 0.311905 0.100361
vt 0.241882 0.671431
vt 0.214920 0.672297
vt 0.058350 0.949707
vt 0.320145 0.094255
vt 0.230247 0.670873
vt 0.521523 0.683273
vt 0.522415 0.679085
vt 0.522415 0.683517
vt 0.226967 0.669222
vt 0.220963 0.669352
vt 0.554535 0.646011
vt 0.555389 0.650833
vt 0.548126 0.650375
vt 0.324432 0.092180
vt 0.330750 0.073509
vt 0.545044 0.653458
vt 0.055645 0.948578
vt 0.238121 0.671176
vt 0.059254 0.842438
vt 0.542313 0.657944
vt 0.052628 0.942871
vt 0.334457 0.070822
vt 0.056282 0.924377
vt 0.539337 0.659042
vt 0.055912 0.836975
vt 0.544281 0.652313
vt 0.055782 0.842194
vt 0.537552 0.662094
vt 0.053341 0.837952
vt 0.054409 0.842926
vt 0.060024 0.851654
vt 0.055412 0.848450
vt 0.285500 0.722809
vt 0.285500 0.725708
vt 0.283623 0.722916
vt 0.059742 0.865021
vt 0.058990 0.868256
vt 0.057602 0.864960
vt 0.047771 0.926453
vt 0.544525 0.649902
vt 0.541763 0.653473
vt 0.309296 0.122807
vt 0.281906 0.755315
vt 0.282486 0.750562
vt 0.285309 0.754043
vt 0.541702 0.651154
vt 0.056911 0.867004
vt 0.048714 0.942963
vt 0.053230 0.915039
vt 0.051273 0.914032
vt 0.053291 0.910339
vt 0.050663 0.846344
vt 0.058605 0.871307
vt 0.057041 0.869904
vt 0.044228 0.940613
vt 0.052990 0.835815
vt 0.047016 0.836853
vt 0.056396 0.853851
vt 0.055225 0.853058
vt 0.054062 0.851166
vt 0.058292 0.857208
vt 0.056053 0.862091
vt 0.055622 0.864166
vt 0.055729 0.880859
vt 0.523834 0.708374
vt 0.281952 0.760158
vt 0.050724 0.896484
vt 0.051086 0.904724
vt 0.049313 0.903198
vt 0.053513 0.902802
vt 0.050797 0.910461
vt 0.044914 0.839600
vt 0.284851 0.758207
vt 0.048637 0.917542
vt 0.045357 0.838043
vt 0.046867 0.843872
vt 0.284348 0.761580
vt 0.283295 0.764801
vt 0.049320 0.920380
vt 0.052299 0.849579
vt 0.051853 0.850311
vt 0.051380 0.887360
vt 0.045898 0.911041
vt 0.038330 0.833557
vt 0.046906 0.835083
vt 0.044647 0.899017
vt 0.048489 0.894348
vt 0.049892 0.878143
vt 0.046047 0.845703
vt 0.050770 0.874451
vt 0.053440 0.873413
vt 0.042488 0.906219
vt 0.044254 0.925995
vt 0.051975 0.871765
vt 0.051254 0.872528
vt 0.049610 0.871460
vt 0.048019 0.882355
vt 0.047123 0.874847
vt 0.048420 0.872345
vt 0.038399 0.918579
vt 0.722046 0.817734
vt 0.722046 0.827164
vt 0.713882 0.823883
vt 0.193939 0.787098
vt 0.048328 0.869354
vt 0.492195 0.722401
vt 0.490120 0.721416
vt 0.491524 0.719288
vt 0.044994 0.892517
vt 0.046734 0.886597
vt 0.040264 0.911652
vt 0.040581 0.914886
vt 0.034122 0.836121
vt 0.324936 0.119829
vt 0.493439 0.718979
vt 0.033253 0.837921
vt 0.038120 0.839661
vt 0.195251 0.786226
vt 0.195648 0.789419
vt 0.188950 0.787601
vt 0.046356 0.871521
vt 0.028603 0.833527
vt 0.193192 0.790781
vt 0.046200 0.870148
vt 0.046642 0.869232
vt 0.042229 0.881836
vt 0.335266 0.108543
vt 0.328857 0.115477
vt 0.039505 0.893738
vt 0.035866 0.900726
vt 0.483269 0.717861
vt 0.488045 0.717735
vt 0.042221 0.887726
vt 0.039871 0.928558
vt 0.036991 0.924316
vt 0.037251 0.888275
vt 0.033897 0.831390
vt 0.492165 0.718063
vt 0.491264 0.718239
vt 0.491241 0.717365
vt 0.479797 0.713543
vt 0.481972 0.715248
vt 0.042614 0.845764
vt 0.030624 0.840027
vt 0.039528 0.875977
vt 0.028858 0.831268
vt 0.493645 0.713741
vt 0.495705 0.716587
vt 0.493996 0.716278
vt 0.488670 0.714832
vt 0.039272 0.843384
vt 0.284348 0.780469
vt 0.280807 0.772993
vt 0.284317 0.771677
vt 0.281296 0.764061
vt 0.042252 0.870453
vt 0.044651 0.869659
vt 0.043823 0.871582
vt 0.026577 0.835785
vt 0.191315 0.794067
vt 0.040504 0.880005
vt 0.034302 0.906036
vt 0.187485 0.795351
vt 0.194443 0.795624
vt 0.041000 0.872253
vt 0.040321 0.877747
vt 0.492355 0.716034
vt 0.033310 0.910309
vt 0.558044 0.671589
vt 0.556854 0.672340
vt 0.558685 0.668873
vt 0.031551 0.805237
vt 0.029102 0.809967
vt 0.026253 0.807465
vt 0.486397 0.714100
vt 0.335526 0.112597
vt 0.338226 0.108292
vt 0.034271 0.919891
vt 0.024796 0.837921
vt 0.190765 0.798325
vt 0.196030 0.796688
vt 0.036770 0.877502
vt 0.032001 0.812408
vt 0.030685 0.817230
vt 0.027851 0.813324
vt 0.026634 0.796722
vt 0.027546 0.803589
vt 0.023121 0.833954
vt 0.027195 0.841156
vt 0.187424 0.799322
vt 0.024372 0.831329
vt 0.028511 0.892792
vt 0.033772 0.927399
vt 0.034904 0.931183
vt 0.194885 0.799658
vt 0.286514 0.688493
vt 0.287262 0.686817
vt 0.287262 0.689876
vt 0.024643 0.827728
vt 0.026905 0.825317
vt 0.026905 0.818604
vt 0.485443 0.712196
vt 0.022419 0.836365
vt 0.286865 0.778708
vt 0.187561 0.802050
vt 0.192383 0.802197
vt 0.034378 0.880768
vt 0.032593 0.884277
vt 0.028996 0.907104
vt 0.556885 0.675182
vt 0.556000 0.676468
vt 0.036274 0.875793
vt 0.037212 0.872528
vt 0.022644 0.893036
vt 0.028278 0.900879
vt 0.286942 0.781320
vt 0.197174 0.800568
vt 0.036980 0.871002
vt 0.022438 0.830292
vt 0.023746 0.842102
vt 0.287033 0.783847
vt 0.029678 0.842194
vt 0.032246 0.843170
vt 0.030056 0.842865
vt 0.197266 0.803202
vt 0.033642 0.872620
vt 0.029995 0.919891
vt 0.034813 0.844940
vt 0.035133 0.847839
vt 0.029232 0.848114
vt 0.190384 0.804541
vt 0.030857 0.878326
vt 0.028255 0.884857
vt 0.026382 0.912109
vt 0.018703 0.835022
vt 0.029694 0.845337
vt 0.028233 0.843140
vt 0.188019 0.804375
vt 0.189468 0.805826
vt 0.021992 0.902405
vt 0.019051 0.839722
vt 0.029606 0.844482
vt 0.193390 0.805399
vt 0.032448 0.872070
vt 0.030228 0.875549
vt 0.323959 0.138489
vt 0.020981 0.894165
vt 0.031212 0.850922
vt 0.027237 0.850098
vt 0.027630 0.854797
vt 0.027061 0.855713
vt 0.190659 0.807241
vt 0.188599 0.807013
vt 0.027966 0.857758
vt 0.023323 0.857788
vt 0.023987 0.856781
vt 0.192429 0.808146
vt 0.022610 0.906525
vt 0.323166 0.146322
vt 0.293640 0.232397
vt 0.295563 0.229393
vt 0.016090 0.839142
vt 0.189377 0.809605
vt 0.032074 0.870850
vt 0.029236 0.871246
vt 0.030609 0.869873
vt 0.028290 0.871460
vt 0.194168 0.807812
vt 0.026855 0.881165
vt 0.021397 0.886292
vt 0.021896 0.844421
vt 0.024319 0.851715
vt 0.532822 0.817009
vt 0.532822 0.819305
vt 0.531128 0.818321
vt 0.026581 0.874512
vt 0.026909 0.878082
vt 0.018993 0.843231
vt 0.017128 0.897980
vt 0.559738 0.557953
vt 0.560074 0.561539
vt 0.557678 0.563278
vt 0.015060 0.890930
vt 0.792881 0.819336
vt 0.794418 0.820221
vt 0.793083 0.821442
vt 0.018379 0.886902
vt 0.019619 0.908600
vt 0.018204 0.910614
vt 0.027195 0.924561
vt 0.192459 0.809982
vt 0.194275 0.810574
vt 0.521790 0.738968
vt 0.520355 0.739517
vt 0.018055 0.903931
vt 0.559631 0.565918
vt 0.024033 0.869354
vt 0.794418 0.825745
vt 0.793102 0.826141
vt 0.015678 0.884552
vt 0.301498 0.220303
vt 0.306335 0.206463
vt 0.022732 0.874176
vt 0.023331 0.871002
vt 0.790848 0.825806
vt 0.021805 0.877411
vt 0.013832 0.843597
vt 0.014732 0.903900
vt 0.013424 0.894775
vt 0.328308 0.157339
vt 0.012894 0.899414
vt 0.325958 0.158951
vt 0.790516 0.819550
vt 0.787472 0.825989
vt 0.266800 0.725464
vt 0.265503 0.727867
vt 0.306961 0.222530
vt 0.559097 0.568848
vt 0.786339 0.826050
vt 0.019844 0.875671
vt 0.010086 0.891388
vt 0.326263 0.173466
vt 0.019691 0.871277
vt 0.013218 0.880066
vt 0.010105 0.885101
vt 0.521790 0.725464
vt 0.318146 0.191032
vt 0.555557 0.569275
vt 0.311813 0.220264
vt 0.557648 0.584869
vt 0.557617 0.577423
vt 0.266586 0.732971
vt 0.265686 0.732094
vt 0.725433 0.802517
vt 0.724167 0.801201
vt 0.312073 0.190859
vt 0.521179 0.735382
vt 0.559570 0.785934
vt 0.559570 0.790009
vt 0.792732 0.816956
vt 0.720932 0.788406
vt 0.722641 0.792168
vt 0.720795 0.790089
vt 0.531296 0.821518
vt 0.191025 0.809977
vt 0.028294 0.870087
vt 0.023857 0.855743
vt 0.027786 0.856537
vt 0.197556 0.801516
vt 0.027748 0.827576
vt 0.721878 0.773720
vt 0.720413 0.777420
vt 0.721359 0.773899
vt 0.722839 0.771000
vt 0.196243 0.789951
vt 0.196548 0.792156
vt 0.496956 0.715595
vt 0.195724 0.787699
vt 0.048855 0.847504
vt 0.047096 0.847290
vt 0.191147 0.784979
vt 0.189484 0.786720
vt 0.054596 0.871277
vt 0.537308 0.821304
vt 0.537888 0.821732
vt 0.537613 0.821930
vt 0.055088 0.870819
vt 0.055515 0.869171
vt 0.542526 0.648346
vt 0.060081 0.866699
vt 0.059986 0.861664
vt 0.058746 0.858643
vt 0.524551 0.719467
vt 0.267426 0.730743
vt 0.723572 0.801353
vt 0.557495 0.788757
vt 0.027740 0.868683
vt 0.029140 0.869476
vt 0.720093 0.778156
vt 0.535263 0.820816
vt 0.015301 0.872681
vt 0.495392 0.791153
vt 0.496803 0.788864
vt 0.496803 0.792786
vt 0.559143 0.572784
vt 0.559448 0.575638
vt 0.010761 0.878418
vt 0.313171 0.221117
vt 0.560074 0.580765
vt 0.559662 0.585205
vt 0.321609 0.218019
vt 0.072395 0.898407
vt 0.074764 0.897308
vt 0.072697 0.904236
vt 0.069851 0.904449
vt 0.559692 0.689613
vt 0.559692 0.693581
vt 0.558792 0.692329
vt 0.030308 0.855774
vt 0.030556 0.857330
vt 0.716110 0.773075
vt 0.716461 0.771244
vt 0.717209 0.771168
vt 0.716919 0.770187
vt 0.718369 0.769100
vt 0.717590 0.769264
vt 0.717728 0.774712
vt 0.718857 0.770973
vt 0.720413 0.772343
vt 0.720413 0.775284
vt 0.715942 0.774429
vt 0.715836 0.772053
vt 0.717148 0.769302
vt 0.723007 0.798916
vt 0.721649 0.798557
vt 0.722321 0.797020
vt 0.722641 0.799755
vt 0.718948 0.782990
vt 0.715759 0.777565
vt 0.714600 0.779427
vt 0.714661 0.777328
vt 0.717560 0.768375
vt 0.718201 0.767723
vt 0.721786 0.772617
vt 0.719131 0.767200
vt 0.717422 0.778801
vt 0.715576 0.780617
vt 0.715668 0.783661
vt 0.714874 0.784946
vt 0.714615 0.782829
vt 0.719254 0.787674
vt 0.720123 0.785412
vt 0.716553 0.787170
vt 0.715393 0.787678
vt 0.716736 0.790966
vt 0.720474 0.792622
vt 0.719070 0.792854
vt 0.721146 0.797394
vt 0.725143 0.796394
vt 0.724182 0.800148
vt 0.718994 0.794334
vt 0.717804 0.793106
vt 0.559921 0.605042
vt 0.559799 0.601402
vt 0.559921 0.600601
vt 0.717957 0.767258
vt 0.720490 0.766048
vt 0.719681 0.765610
vt 0.815189 0.707016
vt 0.836884 0.707420
vt 0.823418 0.713440
vt 0.844299 0.720016
vt 0.838062 0.725731
vt 0.834702 0.719543
vt 0.529648 0.098957
vt 0.538879 0.100851
vt 0.524582 0.106045
vt 0.509262 0.103865
vt 0.512756 0.098288
vt 0.539200 0.109621
vt 0.543579 0.115818
vt 0.551620 0.119646
vt 0.533615 0.126451
vt 0.823647 0.730972
vt 0.818707 0.721840
vt 0.521667 0.117937
vt 0.509628 0.116133
vt 0.811142 0.732079
vt 0.515472 0.131546
vt 0.815777 0.738266
vt 0.518845 0.142904
vt 0.492630 0.116907
vt 0.507217 0.154320
vt 0.493408 0.134453
vt 0.500534 0.148462
vt 0.675064 0.381302
vt 0.672096 0.367966
vt 0.678345 0.370560
vt 0.480896 0.121811
vt 0.485596 0.134596
vt 0.680077 0.386871
vt 0.487183 0.166006
vt 0.679672 0.397690
vt 0.674942 0.395187
vt 0.486176 0.147991
vt 0.496490 0.166750
vt 0.521835 0.821541
vt 0.516281 0.815216
vt 0.521835 0.806206
vt 0.531033 0.826847
vt 0.522738 0.826847
vt 0.526459 0.817013
vt 0.686241 0.378159
vt 0.685051 0.395645
vt 0.000053 0.543243
vt 0.005817 0.778229
vt 0.054050 0.544525
vt 0.093468 0.691742
vt 0.049706 0.780151
vt 0.514816 0.694095
vt 0.517410 0.692629
vt 0.516556 0.695303
vt 0.514648 0.692276
vt 0.514450 0.693014
vt 0.519608 0.676320
vt 0.521072 0.674848
vt 0.521072 0.677249
vt 0.520126 0.678734
vt 0.520676 0.679105
vt 0.520355 0.681009
vt 0.197556 0.797489
vt 0.053585 0.870331
vt 0.533539 0.820206
vt 0.533646 0.819733
vt 0.521408 0.707345
vt 0.518387 0.709806
vt 0.517868 0.705993
vt 0.048752 0.869049
vt 0.521103 0.706177
vt 0.518341 0.705376
vt 0.521317 0.704420
vt 0.521027 0.702131
vt 0.520477 0.699975
vt 0.518066 0.700695
vt 0.515732 0.699538
vt 0.520065 0.696583
vt 0.517426 0.696768
vt 0.519638 0.694616
vt 0.515396 0.697751
vt 0.514908 0.695988
vt 0.519760 0.693007
vt 0.519363 0.690567
vt 0.516663 0.688403
vt 0.519592 0.688814
vt 0.514084 0.688249
vt 0.514236 0.686702
vt 0.519592 0.685621
vt 0.517288 0.684791
vt 0.514923 0.685093
vt 0.519882 0.683111
vt 0.515259 0.681578
vt 0.516296 0.678833
vt 0.516922 0.677402
vt 0.517685 0.675653
vt 0.518250 0.674311
vt 0.520447 0.672339
vt 0.519028 0.672424
vt 0.519592 0.671936
vt 0.521408 0.673409
vt 0.197098 0.806343
vt 0.516312 0.702149
vt 0.517365 0.703943
vt 0.521179 0.710405
vt 0.518707 0.710771
vt 0.519531 0.711503
vt 0.048264 0.868652
vt 0.195755 0.786026
vt 0.195663 0.784821
vt 0.518127 0.711952
vt 0.037037 0.857208
vt 0.037518 0.858490
vt 0.035450 0.857849
vt 0.039848 0.857971
vt 0.037663 0.855804
vt 0.715240 0.773792
vt 0.715393 0.772827
vt 0.049591 0.861115
vt 0.047447 0.859955
vt 0.050526 0.860046
vt 0.047569 0.858490
vt 0.049610 0.862091
vt 0.052338 0.862152
vt 0.714539 0.775463
vt 0.035477 0.856934
vt 0.034767 0.855774
vt 0.043434 0.856720
vt 0.522614 0.675894
vt 0.522614 0.677261
vt 0.522324 0.676741
vt 0.044086 0.860260
vt 0.044621 0.859894
vt 0.045090 0.860382
vt 0.533447 0.821167
vt 0.532990 0.819839
vt 0.057602 0.861603
vt 0.056309 0.857849
vt 0.057907 0.857635
vt 0.054745 0.859009
vt 0.055405 0.865448
vt 0.055359 0.866791
vt 0.053394 0.864807
vt 0.053780 0.867035
vt 0.052998 0.855438
vt 0.052979 0.859497
vt 0.053551 0.862000
vt 0.052044 0.865112
vt 0.054726 0.869934
vt 0.051689 0.857269
vt 0.049885 0.852814
vt 0.047386 0.854553
vt 0.049679 0.857300
vt 0.050488 0.864166
vt 0.045799 0.850677
vt 0.047272 0.856110
vt 0.050640 0.858978
vt 0.047306 0.857117
vt 0.047089 0.848083
vt 0.049007 0.862457
vt 0.048286 0.861755
vt 0.044491 0.855469
vt 0.047718 0.860992
vt 0.046638 0.860962
vt 0.042728 0.846893
vt 0.046276 0.860352
vt 0.039688 0.849884
vt 0.041962 0.853973
vt 0.039986 0.854889
vt 0.041527 0.852264
vt 0.042694 0.858612
vt 0.041134 0.858795
vt 0.042439 0.859650
vt 0.037689 0.851440
vt 0.037121 0.853180
vt 0.036125 0.854614
vt 0.034798 0.851685
vt 0.032291 0.854156
vt 0.035530 0.850342
vt 0.032955 0.852539
vt 0.035744 0.858826
vt 0.033226 0.858124
vt 0.030067 0.852997
vt 0.031395 0.858429
vt 0.030460 0.858734
vt 0.028492 0.858856
vt 0.026028 0.858765
vt 0.299896 0.205355
vt 0.302704 0.205820
vt 0.033127 0.856903
vt 0.714264 0.781757
vt 0.713882 0.779755
vt 0.033710 0.858856
vt 0.039295 0.858856
vt 0.040268 0.858856
vt 0.041115 0.859406
vt 0.716141 0.770748
vt 0.716660 0.770046
vt 0.043236 0.860168
vt 0.045246 0.858673
vt 0.719009 0.766041
vt 0.522079 0.684952
vt 0.521866 0.686188
vt 0.521515 0.684067
vt 0.522354 0.683609
vt 0.535202 0.822693
vt 0.533737 0.823425
vt 0.534576 0.825851
vt 0.533218 0.825195
vt 0.538513 0.823624
vt 0.538422 0.825394
vt 0.536346 0.825821
vt 0.538315 0.822693
vt 0.538513 0.829254
vt 0.538452 0.827225
vt 0.720520 0.765400
vt 0.721603 0.763771
vt 0.722748 0.765873
vt 0.559814 0.620420
vt 0.559845 0.623268
vt 0.558594 0.623268
vt 0.722977 0.763218
vt 0.726852 0.766338
vt 0.720963 0.767601
vt 0.724380 0.766891
vt 0.719864 0.768703
vt 0.721191 0.769669
vt 0.721115 0.771564
vt 0.721832 0.770008
vt 0.722794 0.768475
vt 0.723969 0.767735
vt 0.724960 0.767891
vt 0.533005 0.826797
vt 0.195892 0.781660
vt 0.196091 0.782001
vt 0.287170 0.633896
vt 0.287292 0.632072
vt 0.287292 0.634605
vt 0.726273 0.767056
vt 0.532959 0.824387
vt 0.270981 0.787834
vt 0.270111 0.782837
vt 0.272202 0.784248
vt 0.316696 0.112930
vt 0.318588 0.113876
vt 0.274780 0.794159
vt 0.274078 0.792137
vt 0.276657 0.795883
vt 0.323166 0.116779
vt 0.320618 0.116158
vt 0.274582 0.795952
vt 0.276428 0.797951
vt 0.272781 0.793839
vt 0.272949 0.790092
vt 0.274078 0.789238
vt 0.066048 0.948242
vt 0.065395 0.945648
vt 0.074192 0.954987
vt 0.070259 0.951996
vt 0.074112 0.952698
vt 0.269440 0.766121
vt 0.268402 0.765251
vt 0.269333 0.763802
vt 0.071091 0.947083
vt 0.069771 0.948608
vt 0.067890 0.946045
vt 0.073273 0.949646
vt 0.075459 0.949188
vt 0.076263 0.951324
vt 0.076328 0.953979
vt 0.075809 0.955719
vt 0.269363 0.769180
vt 0.270844 0.766693
vt 0.287308 0.652077
vt 0.286026 0.649616
vt 0.287308 0.647567
vt 0.268646 0.773186
vt 0.270813 0.775604
vt 0.271255 0.770164
vt 0.064175 0.949249
vt 0.063618 0.950806
vt 0.066708 0.953644
vt 0.060394 0.951843
vt 0.268677 0.779854
vt 0.270416 0.780312
vt 0.308182 0.109631
vt 0.310928 0.110054
vt 0.324722 0.118259
vt 0.278488 0.798340
vt 0.277695 0.799622
vt 0.496918 0.785110
vt 0.496918 0.788773
vt 0.495392 0.786697
vt 0.494751 0.718918
vt 0.277603 0.803978
vt 0.276733 0.800896
vt 0.278519 0.802673
vt 0.492081 0.717186
vt 0.493423 0.717865
vt 0.493881 0.719028
vt 0.278290 0.801010
vt 0.274292 0.796684
vt 0.271667 0.792152
vt 0.286072 0.669224
vt 0.285919 0.674816
vt 0.284332 0.676361
vt 0.492424 0.728954
vt 0.491493 0.725018
vt 0.492767 0.726868
vt 0.493484 0.723904
vt 0.493950 0.721581
vt 0.493317 0.725742
vt 0.491776 0.731468
vt 0.489677 0.739723
vt 0.285568 0.678391
vt 0.283707 0.679260
vt 0.489014 0.742355
vt 0.488632 0.745148
vt 0.488625 0.750263
vt 0.487190 0.749184
vt 0.285568 0.686378
vt 0.286346 0.685749
vt 0.285797 0.686714
vt 0.486153 0.753773
vt 0.487808 0.756035
vt 0.490425 0.759094
vt 0.491455 0.756012
vt 0.492210 0.757622
vt 0.491852 0.757309
vt 0.492653 0.760784
vt 0.492699 0.759735
vt 0.560066 0.597218
vt 0.559814 0.594265
vt 0.560066 0.593969
vt 0.492851 0.760700
vt 0.493103 0.763432
vt 0.493385 0.765671
vt 0.491577 0.764542
vt 0.491051 0.762253
vt 0.489090 0.759052
vt 0.805786 0.821991
vt 0.805786 0.824997
vt 0.803589 0.824875
vt 0.486549 0.759140
vt 0.559647 0.685284
vt 0.559052 0.687490
vt 0.559113 0.686304
vt 0.559647 0.689507
vt 0.558792 0.688894
vt 0.490074 0.752033
vt 0.485329 0.749790
vt 0.489655 0.749664
vt 0.286545 0.684486
vt 0.283615 0.682175
vt 0.285904 0.681309
vt 0.285736 0.677067
vt 0.286545 0.671268
vt 0.494278 0.720070
vt 0.490982 0.735470
vt 0.272949 0.770378
vt 0.271988 0.768410
vt 0.559525 0.624840
vt 0.559906 0.626678
vt 0.559464 0.627045
vt 0.274704 0.787071
vt 0.276306 0.790665
vt 0.278366 0.794487
vt 0.279022 0.796219
vt 0.279785 0.798004
vt 0.273560 0.783936
vt 0.273010 0.780983
vt 0.272751 0.768867
vt 0.272995 0.770119
vt 0.522568 0.671936
vt 0.522568 0.673988
vt 0.522324 0.672165
vt 0.265564 0.790627
vt 0.266556 0.790123
vt 0.266891 0.794258
vt 0.265945 0.792931
vt 0.265961 0.795204
vt 0.058044 0.460480
vt 0.061066 0.458466
vt 0.059418 0.460541
vt 0.060120 0.457672
vt 0.496826 0.796295
vt 0.495773 0.796616
vt 0.495392 0.793823
vt 0.496826 0.792892
vt 0.521515 0.702286
vt 0.521744 0.700912
vt 0.522568 0.702286
vt 0.218567 0.814743
vt 0.219360 0.815308
vt 0.219131 0.816910
vt 0.218246 0.817139
vt 0.063293 0.454254
vt 0.065247 0.452148
vt 0.066193 0.453339
vt 0.066986 0.453827
vt 0.064972 0.455139
vt 0.219604 0.812958
vt 0.218155 0.810760
vt 0.062256 0.456421
vt 0.063995 0.457397
vt 0.058441 0.457794
vt 0.059814 0.454926
vt 0.274307 0.762535
vt 0.274109 0.764488
vt 0.272644 0.765442
vt 0.271118 0.763451
vt 0.272354 0.776283
vt 0.272598 0.777596
vt 0.274124 0.759743
vt 0.275253 0.760689
vt 0.276443 0.758797
vt 0.493439 0.763676
vt 0.278610 0.752937
vt 0.278168 0.755135
vt 0.274780 0.757027
vt 0.494225 0.765827
vt 0.494080 0.768089
vt 0.266373 0.788185
vt 0.267090 0.787010
vt 0.265701 0.789101
vt 0.219101 0.818710
vt 0.220093 0.820297
vt 0.218903 0.820084
vt 0.272446 0.772736
vt 0.218262 0.819046
vt 0.272003 0.766998
vt 0.220245 0.818283
vt 0.219894 0.816635
vt 0.495117 0.768616
vt 0.276642 0.757835
vt 0.274597 0.763412
vt 0.286987 0.679222
vt 0.286789 0.680473
vt 0.286636 0.678062
vt 0.280701 0.800934
vt 0.280716 0.802071
vt 0.279327 0.802139
vt 0.279617 0.803871
vt 0.273697 0.765846
vt 0.286972 0.564529
vt 0.287170 0.563019
vt 0.287170 0.567032
vt 0.509720 0.049133
vt 0.520676 0.044559
vt 0.515549 0.062901
vt 0.524170 0.064600
vt 0.504883 0.063257
vt 0.531799 0.079063
vt 0.532364 0.067684
vt 0.542206 0.080723
vt 0.524445 0.072884
vt 0.537506 0.092184
vt 0.546997 0.086229
vt 0.533279 0.085266
vt 0.513199 0.079798
vt 0.551819 0.093584
vt 0.523041 0.083118
vt 0.480682 0.055382
vt 0.476700 0.075748
vt 0.486511 0.077538
vt 0.500549 0.082310
vt 0.817341 0.687004
vt 0.830528 0.689018
vt 0.809929 0.698929
vt 0.525360 0.093098
vt 0.831268 0.698990
vt 0.484177 0.093212
vt 0.492081 0.107561
vt 0.469193 0.069836
vt 0.452011 0.102556
vt 0.454941 0.112661
vt 0.441681 0.110624
vt 0.340164 0.071804
vt 0.339371 0.070232
vt 0.343521 0.071522
vt 0.347916 0.073910
vt 0.355164 0.078058
vt 0.197968 0.621265
vt 0.195679 0.622845
vt 0.195587 0.619373
vt 0.224457 0.580643
vt 0.228485 0.580276
vt 0.223389 0.587231
vt 0.204742 0.588760
vt 0.208954 0.585411
vt 0.208344 0.590504
vt 0.214127 0.585026
vt 0.218750 0.584324
vt 0.217056 0.587273
vt 0.243469 0.584461
vt 0.247849 0.579437
vt 0.252945 0.583050
vt 0.211655 0.593349
vt 0.227097 0.588886
vt 0.232422 0.583935
vt 0.238129 0.579842
vt 0.237900 0.586922
vt 0.204651 0.593159
vt 0.257965 0.580296
vt 0.251984 0.588737
vt 0.257584 0.584927
vt 0.201752 0.587936
vt 0.201645 0.595257
vt 0.197525 0.597591
vt 0.198532 0.592621
vt 0.200287 0.602036
vt 0.220840 0.591080
vt 0.244827 0.589752
vt 0.196716 0.602787
vt 0.215469 0.596981
vt 0.255112 0.590454
vt 0.258469 0.590160
vt 0.204163 0.602215
vt 0.209549 0.599602
vt 0.220184 0.596249
vt 0.195877 0.609718
vt 0.199738 0.610123
vt 0.225815 0.596745
vt 0.237061 0.593033
vt 0.253708 0.595573
vt 0.214722 0.603485
vt 0.203812 0.609875
vt 0.208344 0.610413
vt 0.210876 0.606445
vt 0.243942 0.597473
vt 0.196899 0.615723
vt 0.221191 0.601665
vt 0.256714 0.595810
vt 0.261261 0.593269
vt 0.194458 0.614460
vt 0.202118 0.613708
vt 0.232971 0.598267
vt 0.224350 0.603306
vt 0.192688 0.618793
vt 0.199814 0.616375
vt 0.221771 0.611496
vt 0.257965 0.598957
vt 0.261627 0.598404
vt 0.260864 0.604088
vt 0.252472 0.600552
vt 0.196899 0.626217
vt 0.194000 0.624336
vt 0.200577 0.621243
vt 0.203735 0.617477
vt 0.207413 0.614864
vt 0.211395 0.615376
vt 0.216812 0.607800
vt 0.232040 0.602287
vt 0.247910 0.601936
vt 0.264496 0.595131
vt 0.264633 0.599663
vt 0.243149 0.607719
vt 0.224655 0.609653
vt 0.229370 0.607002
vt 0.197449 0.629116
vt 0.251083 0.604225
vt 0.199310 0.625729
vt 0.205521 0.622944
vt 0.207657 0.620316
vt 0.257767 0.604691
vt 0.263672 0.604000
vt 0.218948 0.615425
vt 0.201935 0.630295
vt 0.202988 0.625919
vt 0.216309 0.618710
vt 0.201248 0.631809
vt 0.198090 0.631050
vt 0.211884 0.623535
vt 0.253555 0.610134
vt 0.208420 0.625423
vt 0.226456 0.615376
vt 0.237961 0.613026
vt 0.251617 0.612637
vt 0.261627 0.609612
vt 0.204071 0.630486
vt 0.207092 0.629177
vt 0.263458 0.609455
vt 0.205399 0.634937
vt 0.257248 0.613060
vt 0.206635 0.634171
vt 0.245239 0.613079
vt 0.208435 0.633595
vt 0.223343 0.620285
vt 0.233932 0.621647
vt 0.244263 0.621372
vt 0.212524 0.629860
vt 0.219040 0.627071
vt 0.215500 0.630436
vt 0.220032 0.631969
vt 0.262375 0.613674
vt 0.227615 0.622406
vt 0.264969 0.613728
vt 0.247116 0.620663
vt 0.249207 0.617088
vt 0.213211 0.634415
vt 0.255478 0.616989
vt 0.212540 0.638943
vt 0.260223 0.616768
vt 0.227249 0.628532
vt 0.232071 0.628086
vt 0.262833 0.616932
vt 0.214935 0.638870
vt 0.244446 0.626434
vt 0.259415 0.622787
vt 0.262604 0.623039
vt 0.252869 0.624405
vt 0.265442 0.620132
vt 0.238052 0.630016
vt 0.256821 0.623787
vt 0.221085 0.639839
vt 0.222473 0.636379
vt 0.226837 0.638844
vt 0.222290 0.643192
vt 0.221771 0.646675
vt 0.253052 0.630623
vt 0.246780 0.636211
vt 0.258636 0.626499
vt 0.262787 0.627316
vt 0.238586 0.638519
vt 0.226898 0.644428
vt 0.257141 0.631588
vt 0.234604 0.640686
vt 0.259003 0.634010
vt 0.254456 0.636391
vt 0.263199 0.631802
vt 0.232605 0.644157
vt 0.251511 0.642929
vt 0.244522 0.646011
vt 0.264160 0.638130
vt 0.233337 0.650658
vt 0.262436 0.640724
vt 0.239334 0.649635
vt 0.258102 0.644554
vt 0.266449 0.642487
vt 0.262115 0.648239
vt 0.250214 0.651478
vt 0.246353 0.655609
vt 0.270599 0.650204
vt 0.257950 0.655357
vt 0.266846 0.653385
vt 0.257599 0.658859
vt 0.272491 0.656002
vt 0.559891 0.630501
vt 0.559555 0.629860
vt 0.803162 0.792530
vt 0.803833 0.797508
vt 0.801559 0.792480
vt 0.803650 0.799395
vt 0.801392 0.794931
vt 0.804794 0.799757
vt 0.237434 0.698215
vt 0.238258 0.695439
vt 0.238884 0.702483
vt 0.804764 0.768064
vt 0.803192 0.770649
vt 0.802322 0.768501
vt 0.806030 0.771883
vt 0.805450 0.774000
vt 0.804276 0.771418
vt 0.803207 0.773787
vt 0.804077 0.778650
vt 0.800201 0.772764
vt 0.805008 0.781013
vt 0.802460 0.777821
vt 0.799301 0.777437
vt 0.802200 0.785725
vt 0.799011 0.780787
vt 0.239395 0.691229
vt 0.239403 0.697821
vt 0.803925 0.785238
vt 0.238617 0.690181
vt 0.798798 0.784687
vt 0.239555 0.688072
vt 0.802338 0.788694
vt 0.803879 0.788397
vt 0.237610 0.686471
vt 0.799133 0.788034
vt 0.803864 0.791836
vt 0.805130 0.793512
vt 0.240265 0.684655
vt 0.804520 0.795193
vt 0.806564 0.800201
vt 0.316635 0.096209
vt 0.799774 0.791016
vt 0.800873 0.770685
vt 0.517349 0.007839
vt 0.527237 0.009521
vt 0.522278 0.018160
vt 0.916920 0.463356
vt 0.910686 0.460037
vt 0.924427 0.459557
vt 0.919743 0.453400
vt 0.928234 0.433090
vt 0.926250 0.451683
vt 0.507980 0.020613
vt 0.520493 0.024664
vt 0.498947 0.033209
vt 0.519211 0.029802
vt 0.527832 0.048132
vt 0.439789 0.060741
vt 0.444458 0.073507
vt 0.421188 0.074379
vt 0.453186 0.086430
vt 0.462631 0.060049
vt 0.418091 0.089119
vt 0.440552 0.095804
vt 0.418365 0.101309
vt 0.411865 0.093498
vt 0.477401 0.620575
vt 0.482273 0.623199
vt 0.482022 0.633698
vt 0.926212 0.462151
vt 0.903721 0.490471
vt 0.902481 0.480003
vt 0.911842 0.489090
vt 0.929512 0.630341
vt 0.953491 0.601837
vt 0.954712 0.628540
vt 0.910309 0.475243
vt 0.921429 0.473175
vt 0.930031 0.517601
vt 0.919659 0.519356
vt 0.919621 0.513992
vt 0.915707 0.505722
vt 0.933140 0.513092
vt 0.919533 0.499496
vt 0.920769 0.485924
vt 0.911137 0.465790
vt 0.925838 0.498947
vt 0.923641 0.465706
vt 0.910301 0.451035
vt 0.941185 0.521645
vt 0.508488 0.632080
vt 0.494792 0.634979
vt 0.501209 0.624268
vt 0.934204 0.466469
vt 0.931175 0.448471
vt 0.492360 0.623047
vt 0.508672 0.609543
vt 0.944496 0.436913
vt 0.532501 0.030005
vt 0.498160 0.610031
vt 0.285910 0.558891
vt 0.286881 0.555161
vt 0.286881 0.569923
vt 0.534273 0.737453
vt 0.540417 0.727177
vt 0.539901 0.758163
vt 0.505271 0.598343
vt 0.494013 0.600266
vt 0.476044 0.047684
vt 0.522738 0.753819
vt 0.503258 0.578232
vt 0.540417 0.772049
vt 0.532866 0.816910
vt 0.522738 0.799255
vt 0.532866 0.797142
vt 0.497796 0.575882
vt 0.514383 0.560394
vt 0.508292 0.557953
vt 0.467468 0.039248
vt 0.499520 0.558929
vt 0.776482 0.763218
vt 0.775307 0.771952
vt 0.761734 0.773153
vt 0.763016 0.764563
vt 0.405853 0.086161
vt 0.267426 0.604351
vt 0.267990 0.613182
vt 0.279541 0.632645
vt 0.836731 0.684273
vt 0.824032 0.679893
vt 0.833767 0.674477
vt 0.844204 0.686523
vt 0.296173 0.932741
vt 0.289207 0.919918
vt 0.294937 0.926983
vt 0.354126 0.967129
vt 0.360977 0.967699
vt 0.365593 0.970684
vt 0.282661 0.799791
vt 0.283752 0.803349
vt 0.280815 0.803349
vt 0.395592 0.977667
vt 0.388641 0.976479
vt 0.392426 0.974821
vt 0.843300 0.644180
vt 0.864643 0.636383
vt 0.860962 0.668968
vt 0.864056 0.698853
vt 0.850430 0.690269
vt 0.846935 0.686546
vt 0.818047 0.681122
vt 0.844254 0.702667
vt 0.851460 0.707855
vt 0.857349 0.715164
vt 0.788895 0.793533
vt 0.787186 0.800621
vt 0.784500 0.799416
vt 0.994644 0.233093
vt 0.999947 0.235565
vt 0.990082 0.237320
vt 0.919914 0.246742
vt 0.913696 0.248489
vt 0.915169 0.243622
vt 0.923683 0.245491
vt 0.785439 0.793655
vt 0.907902 0.866173
vt 0.919964 0.877876
vt 0.918900 0.881187
vt 0.908455 0.884262
vt 0.902252 0.882103
vt 0.944016 0.242508
vt 0.932655 0.242119
vt 0.942459 0.235687
vt 0.861446 0.723495
vt 0.867241 0.714073
vt 0.874947 0.731682
vt 0.477402 0.788500
vt 0.488373 0.775175
vt 0.481087 0.795893
vt 0.917526 0.037643
vt 0.914490 0.005180
vt 0.926834 0.014580
vt 0.957405 0.127563
vt 0.906845 0.163712
vt 0.918037 0.098328
vt 0.929008 0.004692
vt 0.937660 0.004250
vt 0.954758 0.003220
vt 0.950356 0.007973
vt 0.947655 0.003975
vt 0.955719 0.056824
vt 0.992622 0.101181
vt 0.981804 0.004501
vt 0.974541 0.003014
vt 0.976463 0.000053
vt 0.988571 0.000366
vt 0.987175 0.029457
vt 0.984039 0.009514
vt 0.989136 0.018883
vt 0.994560 0.014648
vt 0.995682 0.118866
vt 0.990509 0.037262
vt 0.994888 0.035309
vt 0.993828 0.070816
vt 0.998474 0.079758
vt 0.998100 0.090508
vt 0.343277 0.851576
vt 0.335930 0.852879
vt 0.346786 0.847420
vt 0.983971 0.237541
vt 0.964355 0.221436
vt 0.994987 0.023827
vt 0.996399 0.042923
vt 0.988960 0.045464
vt 0.993629 0.051636
vt 0.997223 0.109871
vt 0.996559 0.136620
vt 0.984535 0.139519
vt 0.997200 0.142410
vt 0.997231 0.151505
vt 0.981339 0.167351
vt 0.994781 0.158882
vt 0.994476 0.173058
vt 0.331451 0.698135
vt 0.476021 0.657372
vt 0.475594 0.666550
vt 0.996590 0.180420
vt 0.990547 0.193810
vt 0.994164 0.185928
vt 0.997589 0.189095
vt 0.995270 0.205147
vt 0.997459 0.204353
vt 0.994576 0.223244
vt 0.961769 0.005424
vt 0.940346 0.017792
vt 0.788895 0.801964
vt 0.953934 0.182785
vt 0.929226 0.875496
vt 0.903961 0.205589
vt 0.891594 0.233078
vt 0.884163 0.122215
vt 0.899311 0.784073
vt 0.929226 0.795937
vt 0.926731 0.837944
vt 0.315048 0.951572
vt 0.309105 0.947525
vt 0.315804 0.948078
vt 0.903351 0.637398
vt 0.913605 0.637459
vt 0.925041 0.669609
vt 0.887367 0.046585
vt 0.906059 0.755676
vt 0.898533 0.639351
vt 0.895851 0.680130
vt 0.859516 0.798759
vt 0.887253 0.638611
vt 0.880005 0.638115
vt 0.869308 0.852058
vt 0.858540 0.818069
vt 0.880157 0.761490
vt 0.858818 0.788223
vt 0.865345 0.768921
vt 0.872009 0.752502
vt 0.864536 0.755692
vt 0.488373 0.805067
vt 0.854603 0.769608
vt 0.852951 0.763290
vt 0.853580 0.792801
vt 0.867561 0.745209
vt 0.864571 0.740051
vt 0.862331 0.734680
vt 0.854656 0.746704
vt 0.842609 0.785339
vt 0.848125 0.734787
vt 0.836037 0.776863
vt 0.840664 0.770210
vt 0.838062 0.788918
vt 0.841614 0.749290
vt 0.263031 0.814476
vt 0.263031 0.827385
vt 0.255249 0.815571
vt 0.831161 0.787605
vt 0.829060 0.780731
vt 0.826611 0.738800
vt 0.827869 0.761520
vt 0.832657 0.750481
vt 0.721062 0.363327
vt 0.727997 0.359146
vt 0.722244 0.376465
vt 0.283813 0.823116
vt 0.275837 0.823116
vt 0.275879 0.804081
vt 0.729660 0.367798
vt 0.717354 0.356400
vt 0.704201 0.370987
vt 0.701843 0.361633
vt 0.730370 0.380112
vt 0.732582 0.393723
vt 0.724998 0.392319
vt 0.242561 0.823738
vt 0.251915 0.816017
vt 0.251915 0.826431
vt 0.724297 0.401535
vt 0.731911 0.403793
vt 0.822746 0.746140
vt 0.721901 0.388779
vt 0.686348 0.366516
vt 0.705566 0.388565
vt 0.708916 0.397476
vt 0.704811 0.401276
vt 0.691391 0.390671
vt 0.967773 0.006165
vt 0.286423 0.686817
vt 0.286423 0.694077
vt 0.283623 0.692611
vt 0.283684 0.698159
vt 0.826431 0.578575
vt 0.818638 0.557510
vt 0.864933 0.566475
vt 0.954254 0.240158
vt 0.965378 0.238861
vt 0.993065 0.065102
vt 0.996025 0.005486
vt 0.975075 0.237740
vt 0.528412 0.718018
vt 0.532516 0.720001
vt 0.536453 0.719742
vt 0.533997 0.720703
vt 0.710159 0.775475
vt 0.710007 0.774040
vt 0.711304 0.774239
vt 0.525131 0.718369
vt 0.233696 0.811630
vt 0.231529 0.810471
vt 0.230904 0.808289
vt 0.233604 0.814957
vt 0.230347 0.813934
vt 0.710663 0.773125
vt 0.708832 0.771317
vt 0.560036 0.616127
vt 0.560036 0.618797
vt 0.559822 0.617241
vt 0.233719 0.818207
vt 0.548691 0.720810
vt 0.549698 0.722549
vt 0.545425 0.721573
vt 0.548050 0.724777
vt 0.540985 0.721405
vt 0.541336 0.719452
vt 0.529434 0.720108
vt 0.709702 0.795708
vt 0.709244 0.793724
vt 0.711929 0.795303
vt 0.713562 0.790672
vt 0.713776 0.795212
vt 0.524902 0.716431
vt 0.526611 0.718506
vt 0.527023 0.722198
vt 0.711136 0.788658
vt 0.708847 0.790833
vt 0.698990 0.768326
vt 0.696915 0.769547
vt 0.696609 0.767311
vt 0.072186 0.923523
vt 0.070587 0.921844
vt 0.073410 0.922577
vt 0.078438 0.928772
vt 0.076015 0.928741
vt 0.077709 0.926697
vt 0.705490 0.791130
vt 0.705902 0.789986
vt 0.699081 0.766548
vt 0.697678 0.765121
vt 0.070827 0.919189
vt 0.074333 0.924377
vt 0.075554 0.926697
vt 0.073807 0.926147
vt 0.073994 0.928925
vt 0.067738 0.921326
vt 0.066486 0.919464
vt 0.069069 0.923309
vt 0.071201 0.925934
vt 0.552765 0.724304
vt 0.555389 0.725250
vt 0.552307 0.727066
vt 0.552963 0.722198
vt 0.711807 0.771416
vt 0.713058 0.772911
vt 0.713074 0.770294
vt 0.712082 0.776001
vt 0.711075 0.776138
vt 0.234070 0.819504
vt 0.706360 0.792679
vt 0.700470 0.786102
vt 0.701233 0.784454
vt 0.698853 0.780533
vt 0.699402 0.773796
vt 0.699097 0.777687
vt 0.697769 0.773895
vt 0.696899 0.777695
vt 0.700470 0.771927
vt 0.699707 0.770012
vt 0.703018 0.770775
vt 0.705597 0.771126
vt 0.702744 0.769089
vt 0.702148 0.767723
vt 0.703369 0.772476
vt 0.706146 0.768448
vt 0.706619 0.773460
vt 0.229736 0.811295
vt 0.702469 0.774956
vt 0.700226 0.777664
vt 0.242382 0.783600
vt 0.242382 0.787231
vt 0.239475 0.785675
vt 0.695099 0.772018
vt 0.296204 0.899063
vt 0.293289 0.888119
vt 0.300232 0.891529
vt 0.294243 0.912498
vt 0.287430 0.907333
vt 0.290375 0.900988
vt 0.299255 0.876616
vt 0.318565 0.866089
vt 0.311859 0.879211
vt 0.359764 0.959896
vt 0.323929 0.947229
vt 0.335655 0.871649
vt 0.334351 0.859432
vt 0.341660 0.856665
vt 0.313881 0.945469
vt 0.353729 0.850740
vt 0.363907 0.845835
vt 0.365715 0.849697
vt 0.388321 0.847776
vt 0.363052 0.858009
vt 0.280579 0.565994
vt 0.268845 0.575829
vt 0.265533 0.573910
vt 0.392754 0.841784
vt 0.397865 0.843765
vt 0.379311 0.971981
vt 0.374077 0.974514
vt 0.553230 0.829262
vt 0.550079 0.829197
vt 0.549889 0.824997
vt 0.401756 0.848475
vt 0.404892 0.843006
vt 0.382172 0.976067
vt 0.286728 0.802979
vt 0.283852 0.801758
vt 0.286728 0.799793
vt 0.405273 0.848215
vt 0.403580 0.851341
vt 0.409843 0.843851
vt 0.386276 0.972902
vt 0.411606 0.847347
vt 0.409630 0.850662
vt 0.414330 0.858427
vt 0.410820 0.869486
vt 0.406807 0.858505
vt 0.295761 0.656891
vt 0.296021 0.661964
vt 0.292770 0.657364
vt 0.417038 0.875984
vt 0.410347 0.875725
vt 0.386612 0.972029
vt 0.415642 0.935205
vt 0.396576 0.975861
vt 0.413063 0.905499
vt 0.418076 0.926228
vt 0.417725 0.868561
vt 0.417900 0.958752
vt 0.417099 0.966526
vt 0.419060 0.969315
vt 0.414764 0.973778
vt 0.400764 0.849163
vt 0.401352 0.851679
vt 0.411560 0.854210
vt 0.416039 0.849327
vt 0.409920 0.978144
vt 0.418190 0.860292
vt 0.418915 0.903929
vt 0.418297 0.914307
vt 0.441513 0.812630
vt 0.452141 0.813118
vt 0.437149 0.815201
vt 0.398376 0.848766
vt 0.395821 0.851046
vt 0.823994 0.446320
vt 0.861671 0.459450
vt 0.819969 0.454094
vt 0.926838 0.388588
vt 0.908146 0.361496
vt 0.925198 0.359505
vt 0.385880 0.843622
vt 0.343422 0.961857
vt 0.344765 0.965744
vt 0.327576 0.958822
vt 0.350136 0.854231
vt 0.300339 0.938709
vt 0.324951 0.862722
vt 0.212128 0.490601
vt 0.213165 0.504272
vt 0.189056 0.481232
vt 0.320534 0.860844
vt 0.406479 0.851273
vt 0.417778 0.888250
vt 0.414017 0.899544
vt 0.285606 0.702557
vt 0.161133 0.494415
vt 0.159210 0.481720
vt 0.182404 0.492035
vt 0.416344 0.844650
vt 0.171875 0.476135
vt 0.399651 0.833735
vt 0.398849 0.827019
vt 0.401367 0.829165
vt 0.405388 0.831404
vt 0.405647 0.838915
vt 0.407616 0.827066
vt 0.398422 0.838209
vt 0.878914 0.358551
vt 0.849369 0.368561
vt 0.855080 0.359467
vt 0.518814 0.000051
vt 0.964588 0.420883
vt 0.946522 0.429916
vt 0.949459 0.404831
vt 0.902771 0.460327
vt 0.886784 0.458733
vt 0.901756 0.463554
vt 0.894184 0.465958
vt 0.866589 0.516953
vt 0.885811 0.512115
vt 0.886185 0.529007
vt 0.209015 0.821218
vt 0.205605 0.817370
vt 0.210228 0.814224
vt 0.206734 0.804373
vt 0.210228 0.807611
vt 0.205231 0.811921
vt 0.840424 0.367226
vt 0.842239 0.376755
vt 0.836243 0.380295
vt 0.822002 0.439957
vt 0.824661 0.434448
vt 0.280167 0.579327
vt 0.268295 0.592838
vt 0.275162 0.575191
vt 0.409073 0.832998
vt 0.822910 0.416122
vt 0.826534 0.414696
vt 0.821075 0.424706
vt 0.823898 0.541183
vt 0.820724 0.546967
vt 0.820660 0.494705
vt 0.815723 0.500786
vt 0.814281 0.498451
vt 0.813972 0.536453
vt 0.816860 0.544418
vt 0.291931 0.684265
vt 0.292259 0.681839
vt 0.293892 0.686729
vt 0.819389 0.514267
vt 0.818153 0.518921
vt 0.831360 0.377480
vt 0.832401 0.369774
vt 0.816452 0.480560
vt 0.819347 0.474564
vt 0.834003 0.391426
vt 0.871033 0.417809
vt 0.838093 0.409027
vt 0.841160 0.405510
vt 0.872055 0.356407
vt 0.874123 0.484634
vt 0.884048 0.499290
vt 0.897781 0.514351
vt 0.906906 0.526596
vt 0.896145 0.362625
vt 0.886715 0.488441
vt 0.893517 0.503464
vt 0.885040 0.469269
vt 0.892113 0.441902
vt 0.895275 0.491508
vt 0.890705 0.479599
vt 0.903996 0.501152
vt 0.910030 0.513893
vt 0.266296 0.582989
vt 0.906075 0.468849
vt 0.953362 0.374939
vt 0.952641 0.389244
vt 0.823914 0.406448
vt 0.819309 0.463844
vt 0.565926 0.829483
vt 0.638359 0.832481
vt 0.573341 0.847206
vt 0.817852 0.506920
vt 0.300232 0.677612
vt 0.301254 0.667458
vt 0.816555 0.523964
vt 0.815918 0.492012
vt 0.814793 0.484589
vt 0.519402 0.744533
vt 0.521980 0.744267
vt 0.522041 0.750998
vt 0.522041 0.739633
vt 0.554619 0.825218
vt 0.554619 0.821892
vt 0.330780 0.856077
vt 0.264473 0.752317
vt 0.267021 0.756985
vt 0.264381 0.759575
vt 0.348663 0.851105
vt 0.267021 0.763287
vt 0.370857 0.845757
vt 0.392624 0.836948
vt 0.388184 0.840359
vt 0.386284 0.837744
vt 0.399178 0.850883
vt 0.396309 0.848375
vt 0.417397 0.944141
vt 0.401947 0.855333
vt 0.406693 0.853586
vt 0.415718 0.854597
vt 0.414246 0.840860
vt 0.419060 0.850460
vt 0.205215 0.825958
vt 0.209869 0.827347
vt 0.208984 0.830910
vt 0.705780 0.781898
vt 0.709213 0.787529
vt 0.257904 0.810760
vt 0.267029 0.797516
vt 0.267029 0.814392
vt 0.619637 0.047279
vt 0.622032 0.051224
vt 0.609589 0.055595
vt 0.606392 0.759949
vt 0.594490 0.754959
vt 0.585182 0.757843
vt 0.631905 0.044014
vt 0.607468 0.068466
vt 0.595078 0.063042
vt 0.641098 0.055283
vt 0.645554 0.029129
vt 0.255280 0.799164
vt 0.809921 0.685158
vt 0.975887 0.414780
vt 0.973396 0.398285
vt 0.812157 0.645576
vt 0.820072 0.630447
vt 0.850796 0.635048
vt 0.844162 0.632927
vt 0.830887 0.631126
vt 0.950768 0.360390
vt 0.816708 0.668724
vt 0.560089 0.081991
vt 0.557190 0.061930
vt 0.546692 0.055887
vt 0.223701 0.815796
vt 0.226486 0.817230
vt 0.222954 0.819275
vt 0.227074 0.813782
vt 0.224945 0.812332
vt 0.232529 0.818863
vt 0.709030 0.775627
vt 0.707443 0.777962
vt 0.705124 0.774879
vt 0.704193 0.777748
vt 0.711304 0.778618
vt 0.709686 0.783607
vt 0.205429 0.822388
vt 0.208832 0.821320
vt 0.209869 0.823906
vt 0.313637 0.796181
vt 0.313980 0.792702
vt 0.315453 0.794266
vt 0.829880 0.386276
vt 0.827682 0.389664
vt 0.831085 0.382820
vt 0.315941 0.788742
vt 0.562714 0.132393
vt 0.582939 0.073914
vt 0.115517 0.873444
vt 0.116528 0.875183
vt 0.113655 0.875549
vt 0.816734 0.027657
vt 0.820580 0.066689
vt 0.884064 0.199921
vt 0.855331 0.111916
vt 0.883331 0.158066
vt 0.689354 0.356300
vt 0.581047 0.269409
vt 0.823891 0.323189
vt 0.560196 0.206367
vt 0.636116 0.333389
vt 0.732384 0.000053
vt 0.704445 0.002403
vt 0.682510 0.879333
vt 0.684326 0.863197
vt 0.765427 0.356300
vt 0.849510 0.093002
vt 0.854240 0.100792
vt 0.831230 0.081116
vt 0.827477 0.041901
vt 0.858986 0.281746
vt 0.865211 0.125198
vt 0.879143 0.137627
vt 0.883965 0.144753
vt 0.158142 0.008698
vt 0.104553 0.033508
vt 0.074738 0.029083
vt 0.784973 0.827778
vt 0.782730 0.825542
vt 0.784973 0.821480
vt 0.195026 0.815386
vt 0.197273 0.810940
vt 0.197273 0.818525
vt 0.292900 0.706169
vt 0.298553 0.706558
vt 0.295349 0.711578
vt 0.298454 0.710091
vt 0.297890 0.712875
vt 0.299797 0.710960
vt 0.299919 0.701736
vt 0.296822 0.700233
vt 0.290100 0.712593
vt 0.295921 0.716347
vt 0.292824 0.716843
vt 0.294060 0.719429
vt 0.290955 0.723030
vt 0.295418 0.696068
vt 0.298172 0.695869
vt 0.300255 0.698494
vt 0.296501 0.691826
vt 0.301880 0.692726
vt 0.390884 0.821487
vt 0.380363 0.823471
vt 0.386032 0.819153
vt 0.319138 0.766792
vt 0.308868 0.740891
vt 0.463661 0.809494
vt 0.397545 0.816994
vt 0.477303 0.628220
vt 0.422668 0.566254
vt 0.999481 0.063248
vt 0.340607 0.808434
vt 0.474770 0.746124
vt 0.407127 0.819160
vt 0.419197 0.817406
vt 0.694717 0.877548
vt 0.694633 0.895111
vt 0.115852 0.873108
vt 0.118587 0.873718
vt 0.332787 0.802078
vt 0.322769 0.799530
vt 0.327637 0.790932
vt 0.994560 0.000427
vt 0.999947 0.001160
vt 0.998428 0.023781
vt 0.998520 0.036125
vt 0.360191 0.826920
vt 0.352539 0.825226
vt 0.344841 0.817223
vt 0.689293 0.831818
vt 0.691795 0.828484
vt 0.691704 0.856659
vt 0.471771 0.773636
vt 0.315338 0.584373
vt 0.320160 0.570930
vt 0.353531 0.560112
vt 0.476875 0.729347
vt 0.477303 0.718513
vt 0.403549 0.563576
vt 0.476387 0.699158
vt 0.048687 0.862640
vt 0.048088 0.861969
vt 0.720367 0.765030
vt 0.286987 0.676765
vt 0.287033 0.756548
vt 0.286362 0.758381
vt 0.285797 0.761913
vt 0.284760 0.766399
vt 0.286163 0.770152
vt 0.286804 0.774410
vt 0.286758 0.674751
vt 0.286713 0.676323
vt 0.522354 0.686661
vt 0.464546 0.571228
vt 0.474503 0.587341
vt 0.450600 0.569061
vt 0.296394 0.652596
vt 0.298615 0.653114
vt 0.295647 0.682045
vt 0.297661 0.686226
vt 0.294800 0.670525
vt 0.303619 0.638588
vt 0.304924 0.628517
vt 0.998604 0.221382
vt 0.472046 0.786003
vt 0.469971 0.573517
vt 0.317467 0.785568
vt 0.319199 0.792648
vt 0.818508 0.587608
vt 0.817303 0.594604
vt 0.815708 0.591591
vt 0.299545 0.593376
vt 0.301277 0.591248
vt 0.303596 0.593735
vt 0.818268 0.459915
vt 0.315598 0.804962
vt 0.314026 0.799675
vt 0.318459 0.800667
vt 0.316978 0.797218
vt 0.267281 0.743681
vt 0.264381 0.738445
vt 0.267281 0.736076
vt 0.287193 0.543237
vt 0.287193 0.555056
vt 0.285912 0.549955
vt 0.817665 0.440773
vt 0.819893 0.436371
vt 0.820210 0.533913
vt 0.287895 0.708542
vt 0.816116 0.529587
vt 0.251816 0.796041
vt 0.254875 0.791872
vt 0.254875 0.798750
vt 0.814411 0.552322
vt 0.816978 0.535759
vt 0.297813 0.730339
vt 0.296150 0.721535
vt 0.301819 0.723747
vt 0.289398 0.698296
vt 0.292549 0.699730
vt 0.288567 0.702415
vt 0.814682 0.507721
vt 0.287430 0.682205
vt 0.289391 0.684410
vt 0.292397 0.692650
vt 0.813454 0.558769
vt 0.812447 0.512672
vt 0.811932 0.506859
vt 0.292145 0.675804
vt 0.814419 0.563133
vt 0.815964 0.569008
vt 0.287750 0.659042
vt 0.293739 0.664688
vt 0.812336 0.545761
vt 0.726810 0.828722
vt 0.725155 0.821737
vt 0.726810 0.817740
vt 0.818237 0.600777
vt 0.823502 0.603058
vt 0.819267 0.606575
vt 0.294052 0.748611
vt 0.297577 0.753830
vt 0.298401 0.758049
vt 0.288231 0.690956
vt 0.808956 0.517792
vt 0.289101 0.653351
vt 0.293839 0.651558
vt 0.299492 0.715805
vt 0.291290 0.670044
vt 0.305061 0.710571
vt 0.303360 0.718712
vt 0.295227 0.678230
vt 0.291931 0.619614
vt 0.292473 0.613777
vt 0.297874 0.618729
vt 0.295753 0.645691
vt 0.298012 0.649361
vt 0.296738 0.632942
vt 0.290596 0.630486
vt 0.296410 0.626892
vt 0.425011 0.564644
vt 0.307175 0.724731
vt 0.304253 0.701889
vt 0.298119 0.642532
vt 0.295921 0.639809
vt 0.299782 0.639687
vt 0.292847 0.623909
vt 0.298805 0.645187
vt 0.300461 0.642433
vt 0.302147 0.646271
vt 0.302826 0.655685
vt 0.300392 0.651108
vt 0.304504 0.586548
vt 0.307114 0.587349
vt 0.335014 0.557961
vt 0.325508 0.560234
vt 0.304184 0.574234
vt 0.308464 0.573608
vt 0.306046 0.579094
vt 0.306419 0.570953
vt 0.308098 0.566795
vt 0.319931 0.561104
vt 0.289909 0.646370
vt 0.291954 0.636917
vt 0.264397 0.733078
vt 0.309410 0.771637
vt 0.307373 0.774330
vt 0.305008 0.766953
vt 0.761040 0.810766
vt 0.761040 0.814781
vt 0.758965 0.811657
vt 0.291214 0.686874
vt 0.814693 0.585472
vt 0.821213 0.595551
vt 0.813229 0.595642
vt 0.813980 0.603058
vt 0.817059 0.608101
vt 0.308311 0.730247
vt 0.301941 0.739349
vt 0.294708 0.742973
vt 0.296867 0.748154
vt 0.299225 0.768227
vt 0.304054 0.776184
vt 0.333954 0.817635
vt 0.325020 0.816528
vt 0.329300 0.813812
vt 0.319641 0.812538
vt 0.323799 0.807701
vt 0.798701 0.803030
vt 0.798701 0.816835
vt 0.785632 0.809132
vt 0.300232 0.766624
vt 0.298767 0.746323
vt 0.306107 0.747643
vt 0.298347 0.741852
vt 0.335556 0.810593
vt 0.307510 0.757568
vt 0.292191 0.607506
vt 0.297318 0.608475
vt 0.289215 0.719215
vt 0.297401 0.590981
vt 0.338554 0.816338
vt 0.367599 0.825630
vt 0.287304 0.804081
vt 0.287304 0.810463
vt 0.283920 0.808978
vt 0.168274 0.459625
vt 0.154938 0.468384
vt 0.160828 0.459137
vt 0.295265 0.675003
vt 0.308945 0.775269
vt 0.321754 0.779884
vt 0.470116 0.804550
vt 0.313385 0.593269
vt 0.374191 0.561134
vt 0.307930 0.609741
vt 0.300217 0.635887
vt 0.296028 0.597122
vt 0.302353 0.602379
vt 0.722141 0.821709
vt 0.306473 0.599243
vt 0.313057 0.564705
vt 0.694366 0.784492
vt 0.692406 0.780121
vt 0.694832 0.771545
vt 0.287270 0.726201
vt 0.285698 0.720423
vt 0.287270 0.702660
vt 0.328316 0.823814
vt 0.822353 0.396454
vt 0.758968 0.807301
vt 0.760616 0.805382
vt 0.760616 0.810661
vt 0.559986 0.585308
vt 0.559986 0.593864
vt 0.559811 0.589916
vt 0.290375 0.728943
vt 0.232750 0.757915
vt 0.236946 0.760735
vt 0.231255 0.760735
vt 0.077885 0.891754
vt 0.079128 0.886047
vt 0.079288 0.878967
vt 0.079388 0.873474
vt 0.081688 0.875641
vt 0.075417 0.916962
vt 0.075089 0.913818
vt 0.077118 0.915802
vt 0.076641 0.924622
vt 0.076057 0.922028
vt 0.079121 0.916504
vt 0.099079 0.837952
vt 0.105213 0.834320
vt 0.104931 0.836761
vt 0.099411 0.839844
vt 0.110363 0.833466
vt 0.113991 0.836731
vt 0.114685 0.833679
vt 0.118626 0.835022
vt 0.118462 0.831604
vt 0.121101 0.833191
vt 0.123909 0.831055
vt 0.122730 0.835968
vt 0.128021 0.832336
vt 0.121441 0.828888
vt 0.125477 0.828705
vt 0.126423 0.834412
vt 0.127083 0.830566
vt 0.129025 0.829468
vt 0.132500 0.831177
vt 0.132919 0.828339
vt 0.089672 0.798920
vt 0.064743 0.802063
vt 0.131905 0.808319
vt 0.129425 0.813873
vt 0.125153 0.814087
vt 0.132595 0.834686
vt 0.130081 0.836212
vt 0.125675 0.808136
vt 0.131306 0.818878
vt 0.126030 0.818268
vt 0.137424 0.798920
vt 0.119190 0.806030
vt 0.123493 0.825531
vt 0.119518 0.820465
vt 0.111267 0.801544
vt 0.116619 0.813599
vt 0.117249 0.816864
vt 0.114323 0.827301
vt 0.114773 0.819794
vt 0.115185 0.806061
vt 0.116322 0.837585
vt 0.114380 0.830627
vt 0.112835 0.835144
vt 0.110409 0.808838
vt 0.109192 0.815125
vt 0.108765 0.818695
vt 0.109562 0.829102
vt 0.106174 0.810669
vt 0.106018 0.830627
vt 0.103607 0.816711
vt 0.104359 0.822876
vt 0.104855 0.839935
vt 0.119602 0.750366
vt 0.100361 0.806091
vt 0.098206 0.814301
vt 0.100586 0.821411
vt 0.101269 0.829895
vt 0.000061 0.263855
vt 0.079224 0.217743
vt 0.042145 0.304810
vt 0.097591 0.834717
vt 0.095345 0.822296
vt 0.094204 0.806732
vt 0.094086 0.831268
vt 0.099892 0.842102
vt 0.096569 0.844360
vt 0.091854 0.815643
vt 0.091896 0.839874
vt 0.093899 0.841553
vt 0.081009 0.918640
vt 0.082958 0.916962
vt 0.080635 0.914215
vt 0.082298 0.921173
vt 0.079285 0.920593
vt 0.088158 0.808838
vt 0.077133 0.918945
vt 0.077240 0.920990
vt 0.078934 0.923645
vt 0.090126 0.834961
vt 0.080200 0.923157
vt 0.088333 0.826355
vt 0.089798 0.846741
vt 0.090530 0.849609
vt 0.078003 0.911743
vt 0.074532 0.920319
vt 0.086975 0.820435
vt 0.080532 0.908478
vt 0.082325 0.912506
vt 0.076012 0.911255
vt 0.089737 0.844238
vt 0.072556 0.916718
vt 0.078327 0.809021
vt 0.078903 0.905426
vt 0.077061 0.907074
vt 0.087563 0.838287
vt 0.086361 0.841827
vt 0.074799 0.905701
vt 0.073250 0.910828
vt 0.071571 0.913879
vt 0.069675 0.916473
vt 0.084408 0.833313
vt 0.085835 0.846283
vt 0.087818 0.851807
vt 0.085438 0.849243
vt 0.079639 0.815674
vt 0.070908 0.910004
vt 0.083336 0.869843
vt 0.068146 0.911957
vt 0.076511 0.828674
vt 0.082722 0.841675
vt 0.085163 0.853821
vt 0.082790 0.855835
vt 0.084023 0.863983
vt 0.082172 0.867065
vt 0.080254 0.870819
vt 0.083412 0.846375
vt 0.084755 0.857391
vt 0.081745 0.862244
vt 0.081707 0.894562
vt 0.079632 0.893372
vt 0.080162 0.889496
vt 0.079678 0.898254
vt 0.078049 0.897583
vt 0.075901 0.822723
vt 0.083027 0.859589
vt 0.080223 0.866302
vt 0.077942 0.870087
vt 0.066555 0.914886
vt 0.065678 0.917480
vt 0.079224 0.847321
vt 0.081409 0.859497
vt 0.080456 0.880096
vt 0.081985 0.882446
vt 0.067318 0.908020
vt 0.079704 0.836731
vt 0.080051 0.842102
vt 0.076195 0.897125
vt 0.066299 0.811371
vt 0.077095 0.854156
vt 0.078560 0.857819
vt 0.066956 0.807190
vt 0.069160 0.818451
vt 0.075531 0.836426
vt 0.075607 0.841217
vt 0.074593 0.846130
vt 0.073444 0.848328
vt 0.065666 0.821960
vt 0.073120 0.840485
vt 0.071308 0.826538
vt 0.072056 0.832764
vt 0.069443 0.841064
vt 0.067501 0.832947
vt 0.069462 0.844757
vt 0.061378 0.815948
vt 0.060272 0.821045
vt 0.065670 0.840881
vt 0.056999 0.808777
vt 0.060356 0.829285
vt 0.062870 0.835205
vt 0.055077 0.815491
vt 0.061039 0.838989
vt 0.052521 0.828613
vt 0.051689 0.803192
vt 0.059349 0.835449
vt 0.055252 0.831635
vt 0.049950 0.809082
vt 0.049351 0.815186
vt 0.055168 0.834686
vt 0.047989 0.824036
vt 0.044956 0.828278
vt 0.044624 0.800964
vt 0.046997 0.832306
vt 0.043861 0.808868
vt 0.045551 0.815125
vt 0.040718 0.824646
vt 0.041893 0.814850
vt 0.039730 0.831207
vt 0.039188 0.828461
vt 0.039150 0.805420
vt 0.037109 0.813477
vt 0.034275 0.818909
vt 0.034248 0.827454
vt 0.034435 0.807220
vt 0.033348 0.802307
vt 0.031120 0.827576
vt 0.030670 0.824219
vt 0.081825 0.905823
vt 0.081787 0.899323
vt 0.272171 0.767937
vt 0.215271 0.707975
vt 0.213333 0.708746
vt 0.213188 0.703923
vt 0.189804 0.590439
vt 0.191849 0.588886
vt 0.191849 0.593140
vt 0.214508 0.700586
vt 0.218040 0.703525
vt 0.190048 0.595467
vt 0.187912 0.595310
vt 0.217400 0.699607
vt 0.214500 0.694735
vt 0.189362 0.600883
vt 0.217827 0.695607
vt 0.213005 0.697765
vt 0.192429 0.595867
vt 0.210678 0.698232
vt 0.220047 0.689075
vt 0.221741 0.692451
vt 0.216774 0.689429
vt 0.210953 0.693585
vt 0.214310 0.688039
vt 0.212715 0.691526
vt 0.215759 0.683778
vt 0.188934 0.605549
vt 0.191132 0.604450
vt 0.212685 0.685875
vt 0.187424 0.607708
vt 0.188354 0.613331
vt 0.214256 0.681734
vt 0.191010 0.612892
vt 0.190323 0.617546
vt 0.212021 0.681581
vt 0.212814 0.677843
vt 0.191360 0.621277
vt 0.193100 0.626835
vt 0.190063 0.622616
vt 0.192841 0.600140
vt 0.192886 0.607964
vt 0.195007 0.603649
vt 0.559906 0.633263
vt 0.036465 0.870209
vt 0.038326 0.870392
vt 0.041973 0.869965
vt 0.040154 0.870087
vt 0.242218 0.753574
vt 0.521866 0.703594
vt 0.521515 0.703556
vt 0.521881 0.702389
vt 0.522095 0.688126
vt 0.559692 0.624008
vt 0.521881 0.704449
vt 0.750107 0.429932
vt 0.739319 0.421738
vt 0.186798 0.430756
vt 0.190643 0.420868
vt 0.205872 0.450226
vt 0.166718 0.425018
vt 0.167572 0.427551
vt 0.165344 0.431091
vt 0.520477 0.778809
vt 0.522549 0.773529
vt 0.521877 0.778671
vt 0.122650 0.368164
vt 0.123169 0.355408
vt 0.126007 0.353088
vt 0.219635 0.015808
vt 0.233612 0.163696
vt 0.157013 0.143250
vt 0.287323 0.028290
vt 0.268250 0.014954
vt 0.274231 0.013977
vt 0.258789 0.009705
vt 0.228516 0.017914
vt 0.250671 0.008545
vt 0.232056 0.005432
vt 0.225311 0.009216
vt 0.211273 0.011963
vt 0.216003 0.000061
vt 0.187744 0.220673
vt 0.130005 0.336456
vt 0.131714 0.341278
vt 0.128845 0.342682
vt 0.106201 0.384705
vt 0.104279 0.379242
vt 0.111359 0.379364
vt 0.106506 0.369446
vt 0.109955 0.369598
vt 0.144653 0.334076
vt 0.134888 0.335083
vt 0.138611 0.332367
vt 0.134827 0.341644
vt 0.124237 0.341705
vt 0.121429 0.350098
vt 0.116974 0.388855
vt 0.112579 0.361389
vt 0.128021 0.348358
vt 0.114563 0.375732
vt 0.112549 0.357117
vt 0.116241 0.352173
vt 0.118713 0.353790
vt 0.115295 0.363403
vt 0.137329 0.350006
vt 0.146606 0.343292
vt 0.116486 0.393097
vt 0.104462 0.388947
vt 0.114105 0.397919
vt 0.134674 0.351929
vt 0.125793 0.375793
vt 0.137207 0.308136
vt 0.113251 0.296539
vt 0.166992 0.293884
vt 0.107849 0.397736
vt 0.151886 0.302643
vt 0.126068 0.400482
vt 0.134247 0.367126
vt 0.131531 0.396912
vt 0.129364 0.379578
vt 0.136505 0.401489
vt 0.113647 0.406952
vt 0.119690 0.405914
vt 0.140228 0.412476
vt 0.109100 0.407501
vt 0.147583 0.365540
vt 0.136108 0.387695
vt 0.133667 0.416016
vt 0.139801 0.389099
vt 0.146851 0.409760
vt 0.137604 0.376648
vt 0.146820 0.399231
vt 0.207611 0.299866
vt 0.124908 0.414581
vt 0.151550 0.408081
vt 0.133392 0.426147
vt 0.140808 0.419281
vt 0.149170 0.417786
vt 0.150177 0.370361
vt 0.146362 0.380615
vt 0.149719 0.391357
vt 0.139648 0.427338
vt 0.154694 0.417908
vt 0.155609 0.405701
vt 0.153870 0.389618
vt 0.144745 0.424744
vt 0.156067 0.415222
vt 0.158630 0.408508
vt 0.171204 0.306152
vt 0.156891 0.394836
vt 0.152283 0.423523
vt 0.157745 0.417969
vt 0.146484 0.427277
vt 0.162262 0.406128
vt 0.160980 0.414398
vt 0.134583 0.432465
vt 0.160583 0.394104
vt 0.162567 0.429596
vt 0.159668 0.431854
vt 0.157471 0.424622
vt 0.155365 0.374268
vt 0.157623 0.386719
vt 0.140015 0.432800
vt 0.180481 0.318451
vt 0.159882 0.423462
vt 0.238098 0.302521
vt 0.151031 0.428314
vt 0.167389 0.397339
vt 0.166992 0.406189
vt 0.158905 0.383728
vt 0.146240 0.432709
vt 0.166901 0.413757
vt 0.154694 0.429230
vt 0.167969 0.417206
vt 0.187805 0.323029
vt 0.136475 0.439850
vt 0.173126 0.404938
vt 0.173462 0.420715
vt 0.129211 0.439758
vt 0.149841 0.434540
vt 0.163422 0.384552
vt 0.161530 0.375244
vt 0.132263 0.442505
vt 0.139893 0.443481
vt 0.156921 0.431335
vt 0.163666 0.380127
vt 0.151855 0.435699
vt 0.170380 0.379883
vt 0.769920 0.478958
vt 0.808853 0.732895
vt 0.135040 0.447845
vt 0.143982 0.443390
vt 0.146851 0.444183
vt 0.153442 0.439514
vt 0.168427 0.430756
vt 0.179016 0.437744
vt 0.181732 0.327362
vt 0.157867 0.436920
vt 0.172211 0.431122
vt 0.139465 0.449402
vt 0.131226 0.449585
vt 0.132294 0.453278
vt 0.134705 0.453461
vt 0.190674 0.336517
vt 0.162689 0.436035
vt 0.197144 0.333984
vt 0.155701 0.441895
vt 0.180054 0.337067
vt 0.211426 0.437805
vt 0.187317 0.402588
vt 0.142792 0.450104
vt 0.148499 0.446045
vt 0.165710 0.437073
vt 0.169739 0.352173
vt 0.183075 0.350983
vt 0.136963 0.453949
vt 0.181152 0.359070
vt 0.202332 0.420929
vt 0.183380 0.367065
vt 0.188843 0.380524
vt 0.169586 0.445435
vt 0.162567 0.442200
vt 0.164856 0.443268
vt 0.195099 0.343658
vt 0.216705 0.433319
vt 0.191864 0.365662
vt 0.192993 0.355286
vt 0.195435 0.397522
vt 0.161743 0.447571
vt 0.207886 0.418488
vt 0.206635 0.339111
vt 0.220703 0.426086
vt 0.203491 0.398804
vt 0.210754 0.411804
vt 0.196503 0.376434
vt 0.509287 0.741516
vt 0.519297 0.729843
vt 0.513683 0.749832
vt 0.201599 0.383453
vt 0.206268 0.342682
vt 0.209229 0.359253
vt 0.211090 0.374176
vt 0.519297 0.761795
vt 0.497062 0.747635
vt 0.513836 0.726425
vt 0.498088 0.731461
vt 0.218689 0.352905
vt 0.504480 0.821304
vt 0.497063 0.812546
vt 0.504480 0.799110
vt 0.499281 0.801022
vt 0.221985 0.367279
vt 0.760429 0.434952
vt 0.229858 0.396606
vt 0.214020 0.390106
vt 0.229279 0.390564
vt 0.225037 0.379791
vt 0.503603 0.790813
vt 0.736954 0.399048
vt 0.739059 0.410294
vt 0.734314 0.408585
vt 0.745049 0.422409
vt 0.226196 0.779297
vt 0.236359 0.787537
vt 0.210693 0.787537
vt 0.251709 0.791870
vt 0.251709 0.815887
vt 0.248352 0.806976
vt 0.210693 0.000763
vt 0.197479 0.001770
vt 0.167938 0.362915
vt 0.162170 0.359009
vt 0.159119 0.367310
vt 0.273361 0.545753
vt 0.276001 0.543240
vt 0.282104 0.546337
vt 0.144470 0.451355
vt 0.282043 0.551414
vt 0.265823 0.547691
vt 0.264771 0.544933
vt 0.285797 0.549160
vt 0.509533 0.821930
vt 0.513458 0.817932
vt 0.515419 0.821930
vt 0.508873 0.819855
vt 0.509235 0.814758
vt 0.511894 0.814270
vt 0.090557 0.947174
vt 0.094143 0.946106
vt 0.093025 0.947479
vt 0.542252 0.624847
vt 0.546326 0.627197
vt 0.545578 0.630646
vt 0.094177 0.485779
vt 0.094666 0.487671
vt 0.092560 0.487152
vt 0.056427 0.455658
vt 0.053833 0.456848
vt 0.051788 0.456512
vt 0.528122 0.569878
vt 0.526276 0.571594
vt 0.526154 0.569328
vt 0.524078 0.570671
vt 0.523788 0.573112
vt 0.523605 0.570610
vt 0.527679 0.572792
vt 0.539688 0.572197
vt 0.540924 0.573776
vt 0.533920 0.574593
vt 0.527603 0.574776
vt 0.529831 0.572105
vt 0.523361 0.576393
vt 0.524399 0.575569
vt 0.524796 0.578140
vt 0.525635 0.577477
vt 0.534531 0.576347
vt 0.531723 0.580910
vt 0.530563 0.578377
vt 0.529861 0.581696
vt 0.527145 0.580109
vt 0.524628 0.579376
vt 0.521523 0.693039
vt 0.522556 0.692169
vt 0.522556 0.693558
vt 0.526749 0.580559
vt 0.525589 0.579315
vt 0.527573 0.579147
vt 0.522270 0.694931
vt 0.030731 0.339233
vt 0.029816 0.337280
vt 0.033447 0.336487
vt 0.035583 0.340454
vt 0.037384 0.338135
vt 0.022369 0.305145
vt 0.030823 0.312042
vt 0.038757 0.334686
vt 0.040985 0.337524
vt 0.035522 0.333984
vt 0.038727 0.331116
vt 0.041718 0.339966
vt 0.484512 0.681915
vt 0.482574 0.677002
vt 0.485504 0.675705
vt 0.043640 0.343689
vt 0.047638 0.340668
vt 0.050690 0.345398
vt 0.482147 0.685150
vt 0.039459 0.314667
vt 0.043335 0.314453
vt 0.481827 0.672012
vt 0.480728 0.668777
vt 0.488190 0.663498
vt 0.053436 0.348602
vt 0.057404 0.346130
vt 0.490250 0.691223
vt 0.489319 0.685883
vt 0.069244 0.372467
vt 0.064636 0.378723
vt 0.065155 0.373901
vt 0.483902 0.655426
vt 0.484772 0.644470
vt 0.491882 0.638428
vt 0.497726 0.708282
vt 0.489975 0.704315
vt 0.499451 0.700241
vt 0.762436 0.819321
vt 0.767662 0.828323
vt 0.761208 0.823441
vt 0.501312 0.706757
vt 0.502579 0.705490
vt 0.072479 0.366760
vt 0.073181 0.370697
vt 0.501633 0.653244
vt 0.507629 0.650604
vt 0.502136 0.658127
vt 0.556816 0.656265
vt 0.555496 0.647598
vt 0.559174 0.654144
vt 0.066864 0.355225
vt 0.068237 0.353088
vt 0.071259 0.353851
vt 0.503616 0.700439
vt 0.065948 0.357086
vt 0.513992 0.708237
vt 0.507462 0.712082
vt 0.491989 0.666183
vt 0.154388 0.345428
vt 0.151581 0.351532
vt 0.153412 0.339905
vt 0.560020 0.668762
vt 0.529173 0.782440
vt 0.527340 0.775299
vt 0.536324 0.772156
vt 0.157257 0.331055
vt 0.158752 0.333496
vt 0.154785 0.335052
vt 0.559708 0.585297
vt 0.559708 0.596191
vt 0.558578 0.592834
vt 0.523378 0.778778
vt 0.089996 0.310059
vt 0.071045 0.302094
vt 0.125092 0.330261
vt 0.110535 0.334229
vt 0.105560 0.323120
vt 0.039520 0.112396
vt 0.026337 0.043213
vt 0.515484 0.817963
vt 0.042236 0.346558
vt 0.047760 0.347900
vt 0.050201 0.315308
vt 0.059296 0.308685
vt 0.507233 0.643555
vt 0.501480 0.645813
vt 0.502716 0.640884
vt 0.560020 0.646011
vt 0.551086 0.764008
vt 0.553574 0.766984
vt 0.553848 0.771669
vt 0.752228 0.775715
vt 0.748199 0.780281
vt 0.750641 0.769909
vt 0.544754 0.622414
vt 0.538834 0.617081
vt 0.541565 0.606438
vt 0.547974 0.610283
vt 0.544678 0.618713
vt 0.538223 0.628288
vt 0.539230 0.631111
vt 0.542572 0.633316
vt 0.537415 0.625763
vt 0.536011 0.621887
vt 0.535690 0.607536
vt 0.536179 0.626259
vt 0.534637 0.623680
vt 0.537659 0.631233
vt 0.534988 0.613350
vt 0.535614 0.627342
vt 0.533051 0.615112
vt 0.533264 0.620377
vt 0.534363 0.618896
vt 0.533859 0.624702
vt 0.533035 0.624855
vt 0.533096 0.622635
vt 0.531982 0.618507
vt 0.532349 0.610458
vt 0.530930 0.617531
vt 0.531540 0.621925
vt 0.530121 0.621986
vt 0.531921 0.620361
vt 0.531952 0.622299
vt 0.530518 0.620461
vt 0.528717 0.614769
vt 0.100639 0.876862
vt 0.102219 0.876038
vt 0.102863 0.880341
vt 0.530121 0.611641
vt 0.106853 0.884766
vt 0.101669 0.883087
vt 0.287125 0.606453
vt 0.286865 0.608734
vt 0.286438 0.606812
vt 0.286118 0.609573
vt 0.286835 0.611183
vt 0.225479 0.725548
vt 0.222839 0.726105
vt 0.225128 0.722862
vt 0.286392 0.613831
vt 0.228897 0.727219
vt 0.230637 0.724258
vt 0.230423 0.726112
vt 0.222382 0.720856
vt 0.220413 0.722733
vt 0.219284 0.719948
vt 0.038239 0.361237
vt 0.040100 0.362732
vt 0.037048 0.364685
vt 0.227219 0.722511
vt 0.225922 0.723526
vt 0.037079 0.356415
vt 0.036499 0.353394
vt 0.040619 0.355621
vt 0.037537 0.367004
vt 0.037262 0.366150
vt 0.038940 0.367218
vt 0.039001 0.364990
vt 0.036896 0.359894
vt 0.040680 0.359009
vt 0.287018 0.613609
vt 0.287125 0.616348
vt 0.042511 0.359436
vt 0.038483 0.357910
vt 0.223984 0.718048
vt 0.222351 0.717133
vt 0.039001 0.364227
vt 0.041504 0.363678
vt 0.041260 0.364288
vt 0.040741 0.366608
vt 0.041565 0.365448
vt 0.043396 0.366150
vt 0.040375 0.367218
vt 0.042023 0.357971
vt 0.040375 0.353760
vt 0.043488 0.353882
vt 0.221893 0.715103
vt 0.043671 0.361847
vt 0.043884 0.363098
vt 0.044403 0.355988
vt 0.041718 0.364319
vt 0.044739 0.365479
vt 0.045746 0.357910
vt 0.044098 0.363800
vt 0.286118 0.638557
vt 0.287079 0.636524
vt 0.287079 0.642536
vt 0.049683 0.375854
vt 0.047668 0.376404
vt 0.049042 0.374573
vt 0.047760 0.373840
vt 0.046967 0.358978
vt 0.048279 0.362152
vt 0.040955 0.352142
vt 0.046204 0.352814
vt 0.051178 0.372803
vt 0.047333 0.363922
vt 0.047943 0.365387
vt 0.046143 0.365448
vt 0.048370 0.362762
vt 0.048279 0.353943
vt 0.051727 0.378174
vt 0.052673 0.373352
vt 0.050812 0.360504
vt 0.055420 0.377899
vt 0.050385 0.371857
vt 0.050201 0.364471
vt 0.050476 0.365295
vt 0.053345 0.362488
vt 0.049713 0.370819
vt 0.051788 0.369995
vt 0.050232 0.356720
vt 0.051331 0.369110
vt 0.051331 0.357422
vt 0.053192 0.369507
vt 0.054871 0.369629
vt 0.053680 0.367920
vt 0.052612 0.367523
vt 0.053528 0.366180
vt 0.054352 0.363586
vt 0.051849 0.364624
vt 0.052582 0.366943
vt 0.287094 0.681091
vt 0.287094 0.682999
vt 0.286636 0.681595
vt 0.053619 0.361237
vt 0.053864 0.365356
vt 0.055939 0.364594
vt 0.054382 0.364166
vt 0.053070 0.364838
vt 0.056244 0.365570
vt 0.051056 0.352600
vt 0.054504 0.368073
vt 0.056244 0.362335
vt 0.054779 0.361511
vt 0.055450 0.359680
vt 0.287315 0.585388
vt 0.287216 0.581909
vt 0.287315 0.580933
vt 0.059998 0.369751
vt 0.054840 0.360718
vt 0.058075 0.360413
vt 0.056702 0.354218
vt 0.057617 0.378418
vt 0.058014 0.361694
vt 0.062195 0.371552
vt 0.060303 0.377777
vt 0.058411 0.353302
vt 0.058777 0.362122
vt 0.059753 0.360992
vt 0.064331 0.360809
vt 0.068054 0.362457
vt 0.062378 0.354675
vt 0.068939 0.365051
vt 0.066040 0.353912
vt 0.230606 0.728226
vt 0.230194 0.729202
vt 0.114166 0.313385
vt 0.120850 0.320740
vt 0.102844 0.313690
vt 0.092682 0.323730
vt 0.087280 0.335602
vt 0.134216 0.327942
vt 0.097809 0.341064
vt 0.098541 0.346436
vt 0.143585 0.318604
vt 0.076294 0.317383
vt 0.110413 0.348602
vt 0.115387 0.342834
vt 0.120575 0.340637
vt 0.099396 0.355957
vt 0.105316 0.353271
vt 0.130432 0.331848
vt 0.076080 0.323517
vt 0.090515 0.342224
vt 0.097626 0.370239
vt 0.102966 0.366760
vt 0.102051 0.372284
vt 0.103455 0.360626
vt 0.098663 0.364136
vt 0.094025 0.355347
vt 0.094971 0.363770
vt 0.098114 0.378632
vt 0.092865 0.346802
vt 0.116333 0.347626
vt 0.108276 0.355194
vt 0.088135 0.352448
vt 0.107422 0.362335
vt 0.100494 0.382874
vt 0.087952 0.374969
vt 0.093750 0.375916
vt 0.089111 0.357635
vt 0.084198 0.340851
vt 0.086945 0.348175
vt 0.152191 0.330078
vt 0.059784 0.313080
vt 0.522738 0.783905
vt 0.064484 0.327850
vt 0.088257 0.364075
vt 0.096588 0.389160
vt 0.083160 0.344086
vt 0.089905 0.387421
vt 0.144501 0.311737
vt 0.147644 0.306427
vt 0.072968 0.334625
vt 0.082947 0.356293
vt 0.058990 0.322571
vt 0.088745 0.381775
vt 0.081329 0.350616
vt 0.101868 0.393982
vt 0.532461 0.788666
vt 0.091034 0.394135
vt 0.079865 0.345520
vt 0.096893 0.395477
vt 0.083710 0.371033
vt 0.079315 0.352783
vt 0.748444 0.788441
vt 0.752045 0.787910
vt 0.074341 0.338928
vt 0.531080 0.794250
vt 0.077362 0.347687
vt 0.758698 0.821632
vt 0.760651 0.831007
vt 0.755447 0.822208
vt 0.151550 0.319885
vt 0.157745 0.325134
vt 0.082916 0.381836
vt 0.066589 0.334229
vt 0.075928 0.353790
vt 0.078613 0.356995
vt 0.078125 0.363922
vt 0.090271 0.399353
vt 0.095825 0.401367
vt 0.102509 0.402161
vt 0.081360 0.376038
vt 0.070465 0.341919
vt 0.755554 0.770809
vt 0.076996 0.371979
vt 0.084869 0.391724
vt 0.074341 0.349915
vt 0.073242 0.356232
vt 0.075836 0.359863
vt 0.553848 0.787611
vt 0.544235 0.781695
vt 0.545212 0.777202
vt 0.082794 0.387543
vt 0.090546 0.405304
vt 0.084991 0.397125
vt 0.066071 0.337524
vt 0.083954 0.401611
vt 0.550735 0.790152
vt 0.553528 0.783320
vt 0.545151 0.770318
vt 0.069214 0.344971
vt 0.759247 0.763218
vt 0.760651 0.815685
vt 0.547836 0.765908
vt 0.541611 0.769461
vt 0.168427 0.338257
vt 0.536324 0.797028
vt 0.761108 0.766148
vt 0.168671 0.329834
vt 0.077332 0.379272
vt 0.081177 0.395508
vt 0.059509 0.333740
vt 0.068390 0.348999
vt 0.055084 0.330078
vt 0.497253 0.648163
vt 0.077454 0.386597
vt 0.054810 0.334015
vt 0.058319 0.337219
vt 0.058594 0.340332
vt 0.066040 0.346527
vt 0.066193 0.352783
vt 0.499786 0.711945
vt 0.076538 0.393982
vt 0.063324 0.348785
vt 0.102478 0.416077
vt 0.073517 0.377960
vt 0.045288 0.326752
vt 0.087830 0.409424
vt 0.106415 0.413879
vt 0.287268 0.736359
vt 0.283852 0.734924
vt 0.287268 0.726303
vt 0.077759 0.399841
vt 0.073578 0.384430
vt 0.049866 0.331848
vt 0.053772 0.337982
vt 0.498993 0.695236
vt 0.493942 0.688278
vt 0.497620 0.689514
vt 0.050598 0.335510
vt 0.078064 0.405853
vt 0.060089 0.344421
vt 0.492874 0.692291
vt 0.059692 0.348206
vt 0.082703 0.410156
vt 0.096710 0.419647
vt 0.767662 0.818176
vt 0.070038 0.376862
vt 0.073364 0.391754
vt 0.242176 0.761383
vt 0.242176 0.783478
vt 0.236835 0.768158
vt 0.073700 0.403656
vt 0.110443 0.414673
vt 0.070740 0.398499
vt 0.043945 0.334320
vt 0.050568 0.338989
vt 0.115753 0.416595
vt 0.511398 0.651123
vt 0.043518 0.329803
vt 0.046234 0.337952
vt 0.052704 0.341675
vt 0.067932 0.385529
vt 0.069092 0.391449
vt 0.055084 0.344696
vt 0.500824 0.635071
vt 0.489990 0.669525
vt 0.088440 0.419495
vt 0.513992 0.643280
vt 0.485214 0.697784
vt 0.106842 0.422058
vt 0.068115 0.396576
vt 0.074158 0.412262
vt 0.486145 0.672882
vt 0.069916 0.408661
vt 0.038666 0.323914
vt 0.081146 0.418793
vt 0.481766 0.689835
vt 0.066010 0.403595
vt 0.078339 0.412933
vt 0.098633 0.426483
vt 0.105652 0.426178
vt 0.127167 0.429810
vt 0.488228 0.819504
vt 0.488228 0.829880
vt 0.483383 0.825485
vt 0.065002 0.393066
vt 0.063263 0.399017
vt 0.117432 0.427246
vt 0.139072 0.878601
vt 0.143124 0.881042
vt 0.139263 0.890076
vt 0.062958 0.388733
vt 0.093536 0.428711
vt 0.038574 0.343719
vt 0.067291 0.417389
vt 0.695114 0.826889
vt 0.698944 0.818741
vt 0.702576 0.826889
vt 0.033722 0.332336
vt 0.065521 0.413422
vt 0.115540 0.433289
vt 0.032562 0.318695
vt 0.077148 0.421936
vt 0.084473 0.427551
vt 0.097870 0.434418
vt 0.072174 0.421967
vt 0.092957 0.432800
vt 0.124756 0.433350
vt 0.032043 0.341461
vt 0.035309 0.344482
vt 0.104004 0.435364
vt 0.030792 0.328705
vt 0.029205 0.334045
vt 0.119812 0.435150
vt 0.087189 0.437256
vt 0.095673 0.440613
vt 0.137684 0.820923
vt 0.142952 0.815277
vt 0.141830 0.824799
vt 0.100800 0.441681
vt 0.140575 0.829620
vt 0.079498 0.432434
vt 0.108459 0.441559
vt 0.124390 0.440491
vt 0.025391 0.321075
vt 0.135647 0.815063
vt 0.137379 0.828278
vt 0.068481 0.425201
vt 0.113953 0.443939
vt 0.121552 0.442871
vt 0.075531 0.433838
vt 0.094543 0.449738
vt 0.079987 0.437897
vt 0.088562 0.452545
vt 0.127380 0.446808
vt 0.097443 0.449219
vt 0.069153 0.433746
vt 0.074799 0.437408
vt 0.081146 0.443726
vt 0.124084 0.455109
vt 0.102997 0.451050
vt 0.072784 0.445679
vt 0.083649 0.454529
vt 0.089752 0.457703
vt 0.128296 0.452698
vt 0.108002 0.453003
vt 0.064575 0.431305
vt 0.063721 0.435883
vt 0.071533 0.438293
vt 0.115723 0.457336
vt 0.092834 0.458771
vt 0.076263 0.448242
vt 0.059021 0.432495
vt 0.085938 0.459290
vt 0.082367 0.460480
vt 0.058899 0.436493
vt 0.079437 0.454987
vt 0.064423 0.441925
vt 0.104218 0.465179
vt 0.089630 0.464813
vt 0.123901 0.461609
vt 0.058289 0.441223
vt 0.067230 0.445190
vt 0.075470 0.451294
vt 0.082153 0.462616
vt 0.098572 0.466827
vt 0.093781 0.465790
vt 0.110229 0.460876
vt 0.118256 0.460846
vt 0.526184 0.582169
vt 0.054108 0.435272
vt 0.070068 0.447571
vt 0.078400 0.465973
vt 0.075836 0.457153
vt 0.078094 0.457886
vt 0.525635 0.588104
vt 0.524109 0.584007
vt 0.528671 0.584648
vt 0.526382 0.577301
vt 0.063232 0.444977
vt 0.088318 0.469391
vt 0.106598 0.888672
vt 0.103725 0.885925
vt 0.529099 0.587929
vt 0.529694 0.576538
vt 0.061340 0.446167
vt 0.063965 0.447937
vt 0.529404 0.595856
vt 0.525787 0.574394
vt 0.116699 0.466583
vt 0.101856 0.893921
vt 0.104679 0.894867
vt 0.101353 0.899048
vt 0.535904 0.580292
vt 0.530579 0.574127
vt 0.073395 0.463013
vt 0.073914 0.469604
vt 0.072662 0.452911
vt 0.073792 0.454193
vt 0.071442 0.454254
vt 0.072113 0.457977
vt 0.109344 0.469666
vt 0.532928 0.588890
vt 0.053009 0.446228
vt 0.094055 0.471161
vt 0.098969 0.472900
vt 0.533432 0.583900
vt 0.536270 0.581680
vt 0.533401 0.572029
vt 0.069244 0.457825
vt 0.090790 0.476837
vt 0.538071 0.576393
vt 0.529434 0.601036
vt 0.531784 0.597427
vt 0.531876 0.605652
vt 0.529251 0.606857
vt 0.522736 0.573921
vt 0.079010 0.475098
vt 0.051086 0.441711
vt 0.069885 0.454376
vt 0.067230 0.456482
vt 0.103394 0.474213
vt 0.538269 0.586815
vt 0.536118 0.590446
vt 0.530975 0.570160
vt 0.071625 0.472900
vt 0.052643 0.450012
vt 0.061066 0.452545
vt 0.065308 0.450317
vt 0.536209 0.571014
vt 0.534424 0.600578
vt 0.057281 0.451904
vt 0.065155 0.464233
vt 0.542877 0.576561
vt 0.533951 0.569168
vt 0.075409 0.475586
vt 0.063171 0.460571
vt 0.542953 0.573364
vt 0.071625 0.478088
vt 0.071869 0.481689
vt 0.078949 0.481079
vt 0.093689 0.482025
vt 0.539917 0.569580
vt 0.110077 0.473175
vt 0.547272 0.570717
vt 0.541428 0.583702
vt 0.541031 0.600098
vt 0.074524 0.482544
vt 0.086517 0.481537
vt 0.104797 0.478790
vt 0.112915 0.473236
vt 0.545288 0.569405
vt 0.064148 0.466888
vt 0.066040 0.466614
vt 0.541931 0.591904
vt 0.559631 0.676643
vt 0.559990 0.674500
vt 0.559990 0.680313
vt 0.069122 0.476593
vt 0.055420 0.454254
vt 0.098114 0.481445
vt 0.106567 0.478241
vt 0.547333 0.577263
vt 0.067566 0.472473
vt 0.550262 0.569550
vt 0.548477 0.566887
vt 0.550385 0.573715
vt 0.546921 0.581879
vt 0.544922 0.589516
vt 0.063599 0.471222
vt 0.065948 0.474915
vt 0.552841 0.571487
vt 0.050598 0.454193
vt 0.062500 0.468750
vt 0.059875 0.466370
vt 0.072021 0.489563
vt 0.080139 0.489105
vt 0.551331 0.566589
vt 0.550308 0.576874
vt 0.546295 0.586906
vt 0.060974 0.470703
vt 0.045868 0.448700
vt 0.099335 0.483063
vt 0.100189 0.485413
vt 0.555359 0.567802
vt 0.057465 0.464020
vt 0.536430 0.778992
vt 0.540134 0.772156
vt 0.540134 0.779785
vt 0.554855 0.573555
vt 0.553864 0.576683
vt 0.549225 0.583466
vt 0.048615 0.456909
vt 0.495461 0.772205
vt 0.496727 0.775070
vt 0.493912 0.772377
vt 0.060577 0.460571
vt 0.075897 0.491272
vt 0.095947 0.487915
vt 0.055450 0.468933
vt 0.082001 0.491058
vt 0.548782 0.600487
vt 0.058533 0.474182
vt 0.060852 0.472839
vt 0.061646 0.474731
vt 0.047028 0.455750
vt 0.044830 0.452637
vt 0.073486 0.492615
vt 0.552216 0.582230
vt 0.550995 0.586510
vt 0.045929 0.457520
vt 0.084869 0.493134
vt 0.092743 0.942352
vt 0.090935 0.945038
vt 0.088959 0.493774
vt 0.084435 0.909058
vt 0.086338 0.912415
vt 0.085445 0.915283
vt 0.552597 0.597572
vt 0.551956 0.591347
vt 0.078888 0.494965
vt 0.052246 0.472778
vt 0.075470 0.495453
vt 0.552048 0.614075
vt 0.550766 0.620003
vt 0.515060 0.814240
vt 0.551468 0.629593
vt 0.548233 0.631767
vt 0.555466 0.579453
vt 0.085449 0.496246
vt 0.093842 0.492188
vt 0.087208 0.946442
vt 0.081360 0.497955
vt 0.551682 0.625130
vt 0.554581 0.589119
vt 0.075958 0.498749
vt 0.083324 0.899231
vt 0.552078 0.618340
vt 0.507156 0.814850
vt 0.079315 0.499451
vt 0.085350 0.870483
vt 0.085392 0.874786
vt 0.086685 0.861298
vt 0.087986 0.859680
vt 0.086460 0.863892
vt 0.553909 0.593140
vt 0.554047 0.618340
vt 0.553879 0.613823
vt 0.083359 0.895264
vt 0.553970 0.627464
vt 0.553070 0.612473
vt 0.554337 0.598915
vt 0.082874 0.889313
vt 0.084446 0.876099
vt 0.083652 0.946716
vt 0.083748 0.944580
vt 0.083584 0.874481
vt 0.081985 0.923828
vt 0.083752 0.920715
vt 0.102230 0.888153
vt 0.099091 0.883545
vt 0.122318 0.884430
vt 0.114777 0.884583
vt 0.116600 0.881226
vt 0.214294 0.729469
vt 0.215210 0.725548
vt 0.216278 0.726036
vt 0.217056 0.721039
vt 0.217545 0.721497
vt 0.135601 0.832001
vt 0.137718 0.833008
vt 0.133152 0.881958
vt 0.131142 0.880005
vt 0.136375 0.878296
vt 0.225037 0.760414
vt 0.221680 0.758682
vt 0.224777 0.759132
vt 0.226746 0.760056
vt 0.227997 0.759003
vt 0.229645 0.760002
vt 0.228577 0.761284
vt 0.231155 0.761024
vt 0.529510 0.618820
vt 0.098930 0.878723
vt 0.101505 0.874146
vt 0.103462 0.873535
vt 0.103943 0.875092
vt 0.105495 0.878357
vt 0.106495 0.882629
vt 0.105663 0.874847
vt 0.107861 0.877502
vt 0.217590 0.732986
vt 0.219254 0.729561
vt 0.220734 0.729729
vt 0.219666 0.726608
vt 0.224136 0.732162
vt 0.221115 0.731560
vt 0.223404 0.728813
vt 0.226532 0.729652
vt 0.225433 0.731926
vt 0.227524 0.729340
vt 0.218506 0.722252
vt 0.558578 0.616840
vt 0.559402 0.612583
vt 0.559723 0.614689
vt 0.222610 0.723206
vt 0.227661 0.727913
vt 0.228683 0.726097
vt 0.229095 0.729668
vt 0.559723 0.617376
vt 0.224808 0.720238
vt 0.558685 0.620150
vt 0.559311 0.620317
vt 0.219345 0.718414
vt 0.129482 0.882233
vt 0.125618 0.882019
vt 0.126129 0.879578
vt 0.129345 0.876648
vt 0.287163 0.686264
vt 0.286652 0.685165
vt 0.287163 0.685150
vt 0.049500 0.379517
vt 0.046448 0.379639
vt 0.045868 0.379089
vt 0.053375 0.381836
vt 0.226517 0.731689
vt 0.231155 0.726662
vt 0.747299 0.817886
vt 0.747787 0.818619
vt 0.746735 0.818619
vt 0.776584 0.809143
vt 0.784392 0.810242
vt 0.780578 0.821365
vt 0.213890 0.804138
vt 0.210678 0.799561
vt 0.221966 0.798355
vt 0.222847 0.787628
vt 0.222790 0.804779
vt 0.222847 0.810654
vt 0.728577 0.802095
vt 0.727844 0.811676
vt 0.726944 0.804537
vt 0.236465 0.774689
vt 0.139904 0.894867
vt 0.136280 0.899872
vt 0.136066 0.883362
vt 0.055969 0.382965
vt 0.129623 0.903320
vt 0.136730 0.905029
vt 0.128334 0.909851
vt 0.132751 0.888977
vt 0.132984 0.895996
vt 0.060883 0.410858
vt 0.062592 0.420959
vt 0.128384 0.884918
vt 0.127430 0.895142
vt 0.140755 0.833008
vt 0.141033 0.835175
vt 0.136189 0.836487
vt 0.141201 0.837677
vt 0.030579 0.344055
vt 0.131096 0.913727
vt 0.123917 0.919464
vt 0.124016 0.909515
vt 0.142582 0.808258
vt 0.123562 0.898163
vt 0.123314 0.888947
vt 0.118206 0.920563
vt 0.122936 0.903900
vt 0.120327 0.891663
vt 0.122501 0.881836
vt 0.115482 0.900330
vt 0.113190 0.913605
vt 0.113373 0.919189
vt 0.116577 0.894257
vt 0.112759 0.909485
vt 0.112759 0.905884
vt 0.060333 0.430206
vt 0.116032 0.926880
vt 0.114807 0.888794
vt 0.105659 0.919861
vt 0.213348 0.729637
vt 0.111984 0.900574
vt 0.110493 0.891083
vt 0.103439 0.907745
vt 0.103710 0.912140
vt 0.053589 0.424194
vt 0.107769 0.901855
vt 0.105377 0.904175
vt 0.113556 0.928497
vt 0.106766 0.925171
vt 0.108517 0.895386
vt 0.107773 0.929352
vt 0.101105 0.916260
vt 0.101589 0.923920
vt 0.102177 0.919861
vt 0.100872 0.928955
vt 0.100384 0.919281
vt 0.099899 0.921783
vt 0.102592 0.934326
vt 0.097939 0.924652
vt 0.096722 0.925842
vt 0.091370 0.928711
vt 0.095196 0.932587
vt 0.095081 0.939026
vt 0.067352 0.480377
vt 0.068329 0.483246
vt 0.082138 0.932129
vt 0.064423 0.477081
vt 0.550964 0.563965
vt 0.287308 0.815994
vt 0.287308 0.820976
vt 0.283905 0.819923
vt 0.087109 0.917938
vt 0.539658 0.788052
vt 0.536423 0.783195
vt 0.539429 0.782410
vt 0.555237 0.564384
vt 0.088028 0.937805
vt 0.553223 0.560555
vt 0.539658 0.779892
vt 0.053131 0.469849
vt 0.080265 0.925385
vt 0.555466 0.562515
vt 0.086143 0.927307
vt 0.056091 0.476257
vt 0.224174 0.712257
vt 0.222038 0.715002
vt 0.221138 0.712265
vt 0.071381 0.494354
vt 0.087265 0.942261
vt 0.080406 0.927673
vt 0.083157 0.939026
vt 0.083302 0.941925
vt 0.054504 0.478027
vt 0.558792 0.682938
vt 0.560074 0.681351
vt 0.560074 0.685181
vt 0.084667 0.860901
vt 0.086895 0.857513
vt 0.286758 0.680573
vt 0.732719 0.418350
vt 0.789078 0.762299
vt 0.749199 0.761780
vt 0.808792 0.756119
vt 0.555569 0.610229
vt 0.558475 0.606483
vt 0.558475 0.623901
vt 0.556976 0.585304
vt 0.159882 0.473633
vt 0.265808 0.518616
vt 0.258301 0.486908
vt 0.269562 0.486633
vt 0.249573 0.505219
vt 0.252106 0.518219
vt 0.937904 0.543869
vt 0.239777 0.504059
vt 0.239410 0.480133
vt 0.249207 0.534210
vt 0.254333 0.543121
vt 0.269562 0.477051
vt 0.254181 0.474426
vt 0.235321 0.513000
vt 0.267792 0.471375
vt 0.232208 0.515411
vt 0.234985 0.466736
vt 0.210815 0.477509
vt 0.199799 0.456818
vt 0.245728 0.463837
vt 0.631706 0.898483
vt 0.610130 0.874397
vt 0.658333 0.874084
vt 0.266235 0.463409
vt 0.184814 0.449158
vt 0.233643 0.455902
vt 0.254089 0.456421
vt 0.197571 0.468964
vt 0.241577 0.445251
vt 0.183350 0.464508
vt 0.183167 0.503967
vt 0.145874 0.480865
vt 0.827904 0.871933
vt 0.826038 0.853180
vt 0.854458 0.865204
vt 0.928726 0.523682
vt 0.949894 0.527115
vt 0.644730 0.891716
vt 0.516171 0.624191
vt 0.522635 0.632095
vt 0.949490 0.518524
vt 0.935497 0.505249
vt 0.965153 0.522560
vt 0.225647 0.518463
vt 0.232208 0.533630
vt 0.214355 0.520386
vt 0.521915 0.609528
vt 0.513384 0.580353
vt 0.521911 0.583023
vt 0.285858 0.472260
vt 0.280792 0.493378
vt 0.278198 0.480377
vt 0.279892 0.587090
vt 0.272797 0.596344
vt 0.522635 0.563797
vt 0.150421 0.485779
vt 0.775002 0.788778
vt 0.764664 0.788145
vt 0.761208 0.779707
vt 0.776482 0.780718
vt 0.262573 0.447021
vt 0.271332 0.455475
vt 0.235229 0.438019
vt 0.827633 0.825600
vt 0.818947 0.832130
vt 0.823048 0.816048
vt 0.813290 0.824936
vt 0.854050 0.809258
vt 0.847832 0.803238
vt 0.251862 0.441864
vt 0.848309 0.817474
vt 0.841042 0.809265
vt 0.276428 0.446655
vt 0.231781 0.429932
vt 0.220886 0.415039
vt 0.515060 0.712189
vt 0.832912 0.807106
vt 0.844555 0.796555
vt 0.256409 0.437042
vt 0.237488 0.418549
vt 0.833885 0.801872
vt 0.808956 0.818474
vt 0.282379 0.440125
vt 0.253967 0.416260
vt 0.823711 0.796936
vt 0.265167 0.424011
vt 0.240051 0.405762
vt 0.739220 0.392593
vt 0.737366 0.381607
vt 0.247009 0.406799
vt 0.736259 0.368317
vt 0.737221 0.358063
vt 0.831486 0.831795
vt 0.839680 0.843872
vt 0.823872 0.836739
vt 0.876472 0.891617
vt 0.852837 0.896996
vt 0.267990 0.792473
vt 0.070068 0.450256
vt 0.055847 0.460175
vt 0.051056 0.459961
vt 0.052826 0.462250
vt 0.267990 0.788040
vt 0.077782 0.950378
vt 0.078823 0.949036
vt 0.082008 0.948853
vt 0.080727 0.947174
vt 0.276703 0.752861
vt 0.278763 0.750946
vt 0.052917 0.463654
vt 0.055450 0.462433
vt 0.219223 0.822403
vt 0.218155 0.820999
vt 0.219055 0.821030
vt 0.521690 0.826363
vt 0.522255 0.827957
vt 0.520565 0.827766
vt 0.516285 0.827957
vt 0.516724 0.823654
vt 0.519897 0.825455
vt 0.520130 0.821648
vt 0.075623 0.454468
vt 0.220718 0.824097
vt 0.222504 0.820709
vt 0.221939 0.825882
vt 0.518353 0.827827
vt 0.221161 0.821548
vt 0.521412 0.823013
vt 0.069061 0.451324
vt 0.071686 0.451508
vt 0.048004 0.461334
vt 0.285950 0.656769
vt 0.287170 0.656509
vt 0.287170 0.658966
vt 0.050842 0.463318
vt 0.091000 0.951324
vt 0.089603 0.948212
vt 0.280716 0.750565
vt 0.086010 0.949615
vt 0.088490 0.953979
vt 0.049011 0.464294
vt 0.271912 0.758934
vt 0.080173 0.951752
vt 0.272247 0.760902
vt 0.081284 0.954376
vt 0.285904 0.667068
vt 0.287262 0.664352
vt 0.287262 0.669113
vt 0.221695 0.819077
vt 0.220947 0.817245
vt 0.222504 0.815720
vt 0.558800 0.695007
vt 0.559380 0.693680
vt 0.559952 0.695007
vt 0.067688 0.451691
vt 0.220154 0.814926
vt 0.713089 0.768066
vt 0.712158 0.769501
vt 0.707947 0.766113
vt 0.553452 0.818413
vt 0.555206 0.814819
vt 0.556473 0.815174
vt 0.552124 0.817673
vt 0.554565 0.820309
vt 0.525787 0.567207
vt 0.524200 0.569115
vt 0.531860 0.566490
vt 0.535477 0.567360
vt 0.530777 0.568390
vt 0.528275 0.567863
vt 0.549881 0.820061
vt 0.552216 0.820621
vt 0.537979 0.567680
vt 0.559967 0.821789
vt 0.556961 0.821339
vt 0.558304 0.819122
vt 0.543564 0.567368
vt 0.504578 0.802444
vt 0.504669 0.796692
vt 0.506393 0.800262
vt 0.508163 0.804642
vt 0.547943 0.564018
vt 0.709763 0.769440
vt 0.559967 0.810493
vt 0.550552 0.559494
vt 0.698044 0.763222
vt 0.700439 0.763435
vt 0.701508 0.766159
vt 0.286522 0.697617
vt 0.287102 0.697227
vt 0.287102 0.700081
vt 0.505798 0.817780
vt 0.505756 0.815369
vt 0.707718 0.767303
vt 0.504585 0.812714
vt 0.509113 0.811859
vt 0.505585 0.794479
vt 0.506805 0.808258
vt 0.511047 0.806976
vt 0.512543 0.810333
vt 0.547165 0.557961
vt 0.703384 0.764778
vt 0.505615 0.810455
vt 0.704849 0.766808
vt 0.104828 0.482056
vt 0.130493 0.461853
vt 0.129791 0.459259
vt 0.134491 0.457428
vt 0.138733 0.455811
vt 0.122009 0.465149
vt 0.120056 0.468658
vt 0.109528 0.478760
vt 0.121124 0.469788
vt 0.097778 0.489502
vt 0.090485 0.496552
vt 0.087799 0.497986
vt 0.081512 0.501495
vt 0.084290 0.499725
vt 0.074585 0.502197
vt 0.077179 0.502655
vt 0.194260 0.589710
vt 0.253677 0.548988
vt 0.249390 0.553898
vt 0.249191 0.551121
vt 0.260162 0.547523
vt 0.258179 0.545650
vt 0.275970 0.552555
vt 0.248978 0.549046
vt 0.261917 0.550694
vt 0.256836 0.550777
vt 0.134613 0.459656
vt 0.272232 0.554249
vt 0.258682 0.553864
vt 0.281219 0.555820
vt 0.241104 0.556835
vt 0.244736 0.552029
vt 0.276169 0.558815
vt 0.284683 0.553360
vt 0.256042 0.556812
vt 0.272156 0.558182
vt 0.234955 0.557568
vt 0.244431 0.560688
vt 0.236954 0.561508
vt 0.261490 0.562336
vt 0.256073 0.562881
vt 0.230225 0.561806
vt 0.266129 0.561134
vt 0.270752 0.562450
vt 0.222961 0.564022
vt 0.250656 0.565960
vt 0.273743 0.564922
vt 0.238113 0.568111
vt 0.231094 0.564636
vt 0.231888 0.567970
vt 0.222122 0.567738
vt 0.256577 0.572216
vt 0.218079 0.566364
vt 0.264664 0.567383
vt 0.214981 0.571064
vt 0.224457 0.569286
vt 0.210846 0.572132
vt 0.270996 0.569717
vt 0.245468 0.572514
vt 0.206818 0.574173
vt 0.208252 0.575523
vt 0.216354 0.573055
vt 0.267548 0.569633
vt 0.223022 0.572857
vt 0.203506 0.577976
vt 0.236496 0.572514
vt 0.260620 0.574505
vt 0.206680 0.578983
vt 0.244324 0.576752
vt 0.217545 0.576199
vt 0.200897 0.579514
vt 0.201614 0.582996
vt 0.211472 0.579163
vt 0.195358 0.585129
vt 0.197693 0.582134
vt 0.198212 0.585255
vt 0.205750 0.583225
vt 0.197433 0.588726
vt 0.194992 0.592789
vt 0.262756 0.583340
vt 0.194901 0.597946
vt 0.263489 0.588356
vt 0.484032 0.763317
vt 0.486282 0.765869
vt 0.480736 0.765312
vt 0.488983 0.767662
vt 0.488686 0.764141
vt 0.486481 0.763264
vt 0.491440 0.766933
vt 0.488945 0.762192
vt 0.479843 0.763313
vt 0.483780 0.759598
vt 0.478821 0.758717
vt 0.482605 0.755993
vt 0.478355 0.755394
vt 0.484818 0.755089
vt 0.477783 0.751530
vt 0.808456 0.763214
vt 0.808456 0.770508
vt 0.806671 0.768204
vt 0.804382 0.765039
vt 0.806564 0.763218
vt 0.805511 0.765621
vt 0.059692 0.474884
vt 0.239601 0.712287
vt 0.235703 0.712811
vt 0.239021 0.709709
vt 0.232674 0.712683
vt 0.233093 0.709368
vt 0.235710 0.709547
vt 0.227325 0.712570
vt 0.233818 0.706753
vt 0.226456 0.709682
vt 0.242455 0.712145
vt 0.236320 0.706179
vt 0.060242 0.477234
vt 0.062866 0.478363
vt 0.227226 0.706345
vt 0.225372 0.714904
vt 0.070007 0.491547
vt 0.233025 0.703380
vt 0.238319 0.706380
vt 0.058746 0.476685
vt 0.228363 0.702464
vt 0.230171 0.699161
vt 0.235809 0.703353
vt 0.237411 0.702724
vt 0.238823 0.704609
vt 0.240791 0.708648
vt 0.222443 0.707527
vt 0.072998 0.497498
vt 0.806091 0.767906
vt 0.224831 0.703878
vt 0.218987 0.707751
vt 0.234123 0.698791
vt 0.236145 0.698445
vt 0.217796 0.711717
vt 0.225388 0.696953
vt 0.224594 0.700463
vt 0.221718 0.704105
vt 0.215782 0.713244
vt 0.221512 0.699876
vt 0.233742 0.693135
vt 0.222794 0.695706
vt 0.227692 0.690578
vt 0.236717 0.690648
vt 0.232719 0.687256
vt 0.235840 0.687583
vt 0.550446 0.633995
vt 0.549255 0.638641
vt 0.547562 0.634293
vt 0.058441 0.349823
vt 0.539368 0.633713
vt 0.543854 0.636292
vt 0.540436 0.641594
vt 0.538956 0.640854
vt 0.540451 0.637619
vt 0.240463 0.821291
vt 0.239243 0.819030
vt 0.240479 0.817891
vt 0.241898 0.821265
vt 0.044586 0.349396
vt 0.044312 0.350403
vt 0.043091 0.349091
vt 0.045013 0.348267
vt 0.284714 0.742096
vt 0.283844 0.739990
vt 0.284637 0.737869
vt 0.048401 0.350433
vt 0.045868 0.349579
vt 0.046814 0.349060
vt 0.056427 0.350677
vt 0.552765 0.636292
vt 0.088154 0.854370
vt 0.097652 0.846710
vt 0.552536 0.644081
vt 0.553223 0.640991
vt 0.107384 0.840576
vt 0.106182 0.843140
vt 0.112553 0.840118
vt 0.210693 0.739120
vt 0.211151 0.735985
vt 0.211182 0.739014
vt 0.212311 0.734566
vt 0.238281 0.805460
vt 0.236954 0.809517
vt 0.236755 0.802392
vt 0.128296 0.837982
vt 0.213928 0.726303
vt 0.238007 0.815028
vt 0.239609 0.813536
vt 0.543365 0.639862
vt 0.548477 0.641579
vt 0.544250 0.643463
vt 0.537842 0.634773
vt 0.538300 0.638680
vt 0.237366 0.822679
vt 0.223465 0.756844
vt 0.221069 0.755829
vt 0.219940 0.756134
vt 0.217789 0.757103
vt 0.215454 0.754219
vt 0.533356 0.626541
vt 0.533615 0.627098
vt 0.217422 0.753731
vt 0.213120 0.750580
vt 0.214447 0.751190
vt 0.221390 0.752510
vt 0.218353 0.754196
vt 0.214462 0.749352
vt 0.211777 0.745842
vt 0.211807 0.748489
vt 0.210678 0.744019
vt 0.211960 0.743233
vt 0.218384 0.718208
vt 0.808411 0.789413
vt 0.808411 0.794998
vt 0.806671 0.790749
vt 0.038391 0.350372
vt 0.040985 0.349731
vt 0.038239 0.347656
vt 0.041229 0.348297
vt 0.046356 0.351776
vt 0.286789 0.746780
vt 0.286026 0.740829
vt 0.042603 0.347931
vt 0.286789 0.736450
vt 0.051727 0.350006
vt 0.495392 0.783356
vt 0.496880 0.780273
vt 0.496880 0.785004
vt 0.287315 0.652176
vt 0.287315 0.656418
vt 0.285965 0.652985
vt 0.560013 0.605408
vt 0.560013 0.612488
vt 0.558578 0.610077
vt 0.053009 0.351532
vt 0.265572 0.778580
vt 0.268051 0.777466
vt 0.268051 0.786484
vt 0.030090 0.346039
vt 0.033081 0.347565
vt 0.806671 0.774933
vt 0.808334 0.774017
vt 0.808334 0.777931
vt 0.036041 0.349609
vt 0.807510 0.770615
vt 0.138321 0.839478
vt 0.136436 0.841034
vt 0.132782 0.838013
vt 0.137642 0.843292
vt 0.137722 0.845886
vt 0.130600 0.844513
vt 0.240906 0.787637
vt 0.241898 0.790575
vt 0.237381 0.795565
vt 0.131565 0.841003
vt 0.238525 0.797203
vt 0.241135 0.793885
vt 0.127502 0.841370
vt 0.238983 0.800462
vt 0.123943 0.845367
vt 0.124397 0.839020
vt 0.112068 0.842468
vt 0.239227 0.803736
vt 0.239304 0.810514
vt 0.110939 0.845337
vt 0.234985 0.815910
vt 0.103653 0.849518
vt 0.102318 0.843475
vt 0.100082 0.845398
vt 0.559311 0.829193
vt 0.554718 0.825211
vt 0.559311 0.821884
vt 0.551926 0.645912
vt 0.094208 0.849121
vt 0.090851 0.853302
vt 0.554092 0.634567
vt 0.090908 0.855927
vt 0.513115 0.811768
vt 0.808426 0.799988
vt 0.806679 0.797394
vt 0.808426 0.795090
vt 0.493622 0.768250
vt 0.266556 0.786591
vt 0.496338 0.772690
vt 0.496956 0.774498
vt 0.057617 0.462433
vt 0.061432 0.459106
vt 0.067505 0.455139
vt 0.069122 0.453674
vt 0.217834 0.814926
vt 0.070801 0.453125
vt 0.495735 0.770645
vt 0.052124 0.467560
vt 0.495125 0.769543
vt 0.522202 0.697693
vt 0.521515 0.695465
vt 0.522202 0.695038
vt 0.522003 0.700813
vt 0.521515 0.698204
vt 0.522003 0.697792
vt 0.287201 0.622757
vt 0.286118 0.619797
vt 0.287201 0.616440
vt 0.197357 0.818619
vt 0.197357 0.824707
vt 0.195023 0.820404
vt 0.512161 0.803207
vt 0.516174 0.803543
vt 0.512909 0.805801
vt 0.514984 0.798508
vt 0.509933 0.798630
vt 0.511520 0.795166
vt 0.511902 0.794022
vt 0.516174 0.797241
vt 0.808640 0.783661
vt 0.808640 0.789307
vt 0.806671 0.787941
vt 0.066956 0.454651
vt 0.560196 0.831711
vt 0.562401 0.854408
vt 0.569740 0.809937
vt 0.574249 0.816208
vt 0.605728 0.888802
vt 0.620590 0.896370
vt 0.596611 0.805733
vt 0.613113 0.790939
vt 0.637924 0.900650
vt 0.644943 0.898094
vt 0.659325 0.916618
vt 0.652542 0.913139
vt 0.669670 0.909302
vt 0.666710 0.915100
vt 0.669952 0.913986
vt 0.658310 0.905678
vt 0.676910 0.909424
vt 0.656105 0.899353
vt 0.649239 0.897041
vt 0.675049 0.912537
vt 0.662651 0.772827
vt 0.658539 0.767990
vt 0.669228 0.766220
vt 0.675400 0.883934
vt 0.678970 0.771919
vt 0.667450 0.784210
vt 0.687546 0.779312
vt 0.685677 0.763222
vt 0.691124 0.857430
vt 0.593475 0.880722
vt 0.287132 0.669222
vt 0.287132 0.674648
vt 0.286652 0.671076
vt 0.652351 0.908760
vt 0.647758 0.775284
vt 0.695007 0.766968
vt 0.693626 0.816597
vt 0.691841 0.807655
vt 0.418610 0.892813
vt 0.285593 0.702660
vt 0.285593 0.722718
vt 0.283623 0.710163
vt 0.604088 0.789917
vt 0.596153 0.794296
vt 0.580444 0.877296
vt 0.589241 0.797180
vt 0.593040 0.886871
vt 0.579956 0.805176
vt 0.890018 0.356750
vt 0.913929 0.359932
vt 0.608810 0.787643
vt 0.633438 0.776672
vt 0.645958 0.771072
vt 0.647652 0.908028
vt 0.475800 0.619644
vt 0.280853 0.461609
vt 0.287323 0.462646
vt 0.278046 0.469208
vt 0.683083 0.908516
vt 0.685715 0.905937
vt 0.678848 0.764870
vt 0.195143 0.702240
vt 0.193150 0.700043
vt 0.200516 0.701218
vt 0.200970 0.709335
vt 0.200129 0.703094
vt 0.206436 0.699966
vt 0.202194 0.694107
vt 0.207228 0.710373
vt 0.207575 0.702957
vt 0.208658 0.698120
vt 0.202044 0.714645
vt 0.209791 0.690872
vt 0.202272 0.690140
vt 0.205917 0.687073
vt 0.200426 0.722229
vt 0.204834 0.723083
vt 0.206110 0.714523
vt 0.201427 0.732880
vt 0.203676 0.730835
vt 0.203545 0.737396
vt 0.206402 0.741837
vt 0.201588 0.738098
vt 0.206589 0.747375
vt 0.209705 0.742752
vt 0.210573 0.745972
vt 0.189919 0.734406
vt 0.210573 0.694870
vt 0.188292 0.720169
vt 0.188299 0.711151
vt 0.187437 0.701950
vt 0.189075 0.697098
vt 0.483978 0.675003
vt 0.249451 0.768623
vt 0.246742 0.772621
vt 0.244781 0.770645
vt 0.244728 0.777485
vt 0.248756 0.774696
vt 0.247025 0.781300
vt 0.249954 0.781288
vt 0.249931 0.791771
vt 0.251465 0.789932
vt 0.255150 0.787949
vt 0.254478 0.775101
vt 0.758957 0.802750
vt 0.760788 0.796051
vt 0.760788 0.805283
vt 0.251099 0.771969
vt 0.252853 0.764030
vt 0.254852 0.766575
vt 0.242561 0.776600
vt 0.244553 0.773930
vt 0.754337 0.814728
vt 0.753336 0.810852
vt 0.758862 0.811401
vt 0.757591 0.810364
vt 0.255150 0.771572
vt 0.751104 0.815582
vt 0.287170 0.622864
vt 0.287170 0.629272
vt 0.286118 0.627075
vt 0.267632 0.823257
vt 0.263138 0.818657
vt 0.268082 0.814476
vt 0.263245 0.822590
vt 0.477402 0.665878
vt 0.789391 0.786606
vt 0.792465 0.778255
vt 0.792870 0.788486
vt 0.758862 0.804657
vt 0.754740 0.804260
vt 0.749516 0.800323
vt 0.757372 0.799469
vt 0.748697 0.805054
vt 0.750740 0.809128
vt 0.754116 0.796036
vt 0.519402 0.755722
vt 0.522339 0.751099
vt 0.522339 0.760223
vt 0.734875 0.812027
vt 0.738297 0.808945
vt 0.738297 0.815247
vt 0.790115 0.796803
vt 0.795647 0.796719
vt 0.792427 0.802925
vt 0.798218 0.802582
vt 0.286659 0.790611
vt 0.286713 0.799690
vt 0.280815 0.799446
vt 0.282669 0.788452
vt 0.286713 0.783951
vt 0.857117 0.622345
vt 0.880749 0.626579
vt 0.866692 0.624565
vt 0.964622 0.611435
vt 0.847378 0.880257
vt 0.956310 0.568069
vt 0.966709 0.558319
vt 0.971386 0.582947
vt 0.975887 0.571770
vt 0.818039 0.842529
vt 0.645187 0.912552
vt 0.636543 0.907516
vt 0.641632 0.908722
vt 0.830940 0.614494
vt 0.827335 0.610931
vt 0.831875 0.610588
vt 0.841812 0.624588
vt 0.815048 0.575256
vt 0.828945 0.602013
vt 0.823189 0.610802
vt 0.826962 0.618126
vt 0.833721 0.622360
vt 0.889416 0.626755
vt 0.914444 0.629257
vt 0.922401 0.596970
vt 0.902027 0.562355
vt 0.943687 0.589127
vt 0.849342 0.625313
vt 0.264900 0.825825
vt 0.268082 0.826359
vt 0.560074 0.674397
vt 0.558792 0.670124
vt 0.560074 0.668873
vt 0.803482 0.825207
vt 0.801178 0.825207
vt 0.801514 0.821991
vt 0.287170 0.659424
vt 0.287170 0.664261
vt 0.285912 0.663223
vt 0.496948 0.775177
vt 0.496948 0.780151
vt 0.495392 0.777153
vt 0.287003 0.826065
vt 0.283920 0.821198
vt 0.287003 0.821083
vt 0.548035 0.801498
vt 0.552719 0.810165
vt 0.543152 0.804092
vt 0.547501 0.795990
vt 0.541138 0.798691
vt 0.540512 0.793747
vt 0.549271 0.790253
vt 0.552719 0.791138
vt 0.152283 0.356567
vt 0.254147 0.806885
vt 0.254921 0.812912
vt 0.251820 0.812912
vt 0.555481 0.698135
vt 0.559647 0.695984
vt 0.559647 0.706398
vt 0.729446 0.822638
vt 0.734772 0.812168
vt 0.734772 0.803568
vt 0.750488 0.767719
vt 0.497063 0.790710
vt 0.500404 0.783363
vt 0.500572 0.790596
vt 0.706253 0.819878
vt 0.707855 0.811802
vt 0.712570 0.822277
vt 0.704590 0.807423
vt 0.709045 0.804070
vt 0.705536 0.801338
vt 0.519913 0.789566
vt 0.507706 0.790283
vt 0.511559 0.782036
vt 0.504105 0.786316
vt 0.517441 0.769569
vt 0.509201 0.774704
vt 0.514061 0.767754
vt 0.518692 0.771774
vt 0.540512 0.778404
vt 0.548279 0.799713
vt 0.504677 0.771660
vt 0.499382 0.781204
vt 0.780006 0.793518
vt 0.784392 0.795258
vt 0.776761 0.802353
vt 0.519913 0.766693
vt 0.519852 0.761902
vt 0.510414 0.765442
vt 0.228500 0.827259
vt 0.233276 0.821253
vt 0.233276 0.831459
vt 0.267960 0.743782
vt 0.267960 0.752213
vt 0.264374 0.752014
vt 0.559746 0.706505
vt 0.559746 0.716095
vt 0.555496 0.713005
vt 0.761108 0.795940
vt 0.546834 0.816650
vt 0.540521 0.821381
vt 0.540843 0.816269
vt 0.547994 0.829300
vt 0.542115 0.826569
vt 0.541038 0.811432
vt 0.547994 0.810257
vt 0.623650 0.901367
vt 0.615669 0.898209
vt 0.672905 0.925522
vt 0.666595 0.921143
vt 0.673965 0.921700
vt 0.679428 0.923347
vt 0.670609 0.917686
vt 0.675964 0.917290
vt 0.684036 0.913696
vt 0.818714 0.609482
vt 0.313858 0.559853
vt 0.689285 0.909538
vt 0.695007 0.905327
vt 0.682655 0.917068
vt 0.684296 0.921654
vt 0.687225 0.916908
vt 0.286867 0.748768
vt 0.286903 0.750431
vt 0.283852 0.747646
vt 0.286903 0.746887
vt 0.798653 0.821678
vt 0.794525 0.816940
vt 0.798653 0.817474
vt 0.820179 0.610741
vt 0.795399 0.821594
vt 0.504585 0.823185
vt 0.509964 0.822044
vt 0.509964 0.827997
vt 0.553959 0.789962
vt 0.554237 0.785932
vt 0.557388 0.789962
vt 0.242554 0.807617
vt 0.230255 0.773010
vt 0.223053 0.767059
vt 0.220764 0.778763
vt 0.229279 0.767029
vt 0.829681 0.051598
vt 0.726410 0.802612
vt 0.726410 0.814758
vt 0.716370 0.803970
vt 0.258270 0.002289
vt 0.807495 0.812490
vt 0.798805 0.814779
vt 0.799385 0.806833
vt 0.235657 0.779007
vt 0.801018 0.763107
vt 0.807495 0.821889
vt 0.803375 0.818683
vt 0.716858 0.812057
vt 0.713898 0.817642
vt 0.845398 0.085648
vt 0.854736 0.097755
vt 0.867424 0.101974
vt 0.834816 0.046616
vt 0.839096 0.056000
vt 0.836357 0.069336
vt 0.832901 0.073090
vt 0.838409 0.076569
vt 0.754608 0.815704
vt 0.755127 0.820801
vt 0.748352 0.824463
vt 0.805191 0.800304
vt 0.856293 0.088608
vt 0.836975 0.063683
vt 0.845795 0.081741
vt 0.226532 0.761383
vt 0.755371 0.829529
vt 0.748199 0.829529
vt 0.506943 0.636353
vt 0.530426 0.622910
vt 0.531799 0.624496
vt 0.733398 0.798933
vt 0.732590 0.798595
vt 0.733627 0.797207
vt 0.734695 0.799143
vt 0.733902 0.800390
vt 0.533478 0.629631
vt 0.532059 0.628914
vt 0.533112 0.627556
vt 0.735748 0.800940
vt 0.531754 0.626968
vt 0.265930 0.796532
vt 0.267242 0.797066
vt 0.265564 0.797066
vt 0.529495 0.624573
vt 0.529022 0.628700
vt 0.532303 0.626572
vt 0.731598 0.795534
vt 0.735092 0.794085
vt 0.735748 0.795710
vt 0.737518 0.799463
vt 0.739426 0.801271
vt 0.736053 0.797318
vt 0.527206 0.624718
vt 0.526962 0.625580
vt 0.529526 0.622353
vt 0.728745 0.792749
vt 0.728302 0.790064
vt 0.730942 0.793049
vt 0.730713 0.796328
vt 0.732849 0.790487
vt 0.731339 0.770723
vt 0.732742 0.770689
vt 0.729523 0.773846
vt 0.728745 0.775211
vt 0.730072 0.775393
vt 0.733002 0.768103
vt 0.734222 0.766708
vt 0.727005 0.779535
vt 0.728516 0.777388
vt 0.728531 0.780458
vt 0.739426 0.765383
vt 0.735901 0.767509
vt 0.737732 0.764767
vt 0.736343 0.765402
vt 0.737839 0.769291
vt 0.733414 0.770832
vt 0.735992 0.771776
vt 0.734390 0.774761
vt 0.732269 0.776609
vt 0.729996 0.777622
vt 0.732895 0.778046
vt 0.731781 0.781940
vt 0.729355 0.785187
vt 0.727737 0.783670
vt 0.727554 0.782070
vt 0.732178 0.785509
vt 0.731506 0.788902
vt 0.727234 0.785210
vt 0.727463 0.788240
vt 0.738159 0.763367
vt 0.738708 0.764351
vt 0.737137 0.763908
vt 0.732773 0.786528
vt 0.727219 0.783541
vt 0.732910 0.787926
vt 0.106033 0.872589
vt 0.106392 0.874298
vt 0.109249 0.874146
vt 0.109715 0.874878
vt 0.112598 0.872406
vt 0.112415 0.877472
vt 0.287109 0.606342
vt 0.286758 0.586620
vt 0.287109 0.580933
vt 0.113369 0.874695
vt 0.116405 0.876282
vt 0.117809 0.879242
vt 0.119648 0.875854
vt 0.122200 0.878906
vt 0.121044 0.877106
vt 0.121769 0.875763
vt 0.121292 0.873932
vt 0.287323 0.647463
vt 0.286118 0.644445
vt 0.287323 0.642637
vt 0.123501 0.876526
vt 0.124054 0.873596
vt 0.124371 0.875519
vt 0.126019 0.877197
vt 0.126755 0.875763
vt 0.126945 0.873291
vt 0.127106 0.875214
vt 0.047333 0.381042
vt 0.129086 0.872894
vt 0.045624 0.376495
vt 0.106270 0.871674
vt 0.121231 0.873535
vt 0.285919 0.601891
vt 0.285904 0.598015
vt 0.286194 0.599724
vt 0.286453 0.602318
vt 0.286530 0.605644
vt 0.226837 0.756805
vt 0.225861 0.756516
vt 0.225723 0.754639
vt 0.727936 0.776419
vt 0.229385 0.731682
vt 0.228561 0.732735
vt 0.727402 0.778307
vt 0.495102 0.781305
vt 0.494522 0.781408
vt 0.495285 0.779390
vt 0.101295 0.872314
vt 0.104458 0.872681
vt 0.103394 0.871735
vt 0.287033 0.685043
vt 0.286758 0.683380
vt 0.493576 0.815897
vt 0.493027 0.814615
vt 0.494080 0.814972
vt 0.492783 0.813616
vt 0.494797 0.811974
vt 0.495285 0.813633
vt 0.492050 0.811943
vt 0.493652 0.808699
vt 0.494781 0.809814
vt 0.491028 0.810389
vt 0.490250 0.807085
vt 0.492798 0.805267
vt 0.489319 0.804499
vt 0.489136 0.801674
vt 0.262512 0.769863
vt 0.262863 0.769196
vt 0.263367 0.770947
vt 0.261276 0.768772
vt 0.261063 0.767162
vt 0.493240 0.803535
vt 0.488968 0.802925
vt 0.488663 0.800617
vt 0.493164 0.801014
vt 0.491867 0.797873
vt 0.488922 0.799622
vt 0.493240 0.798159
vt 0.488464 0.797569
vt 0.488861 0.794746
vt 0.493149 0.795557
vt 0.491287 0.791727
vt 0.493500 0.792191
vt 0.493607 0.793499
vt 0.265228 0.784016
vt 0.264786 0.784306
vt 0.265457 0.781822
vt 0.493927 0.790058
vt 0.494141 0.787258
vt 0.492493 0.782051
vt 0.492416 0.779549
vt 0.489899 0.789448
vt 0.264877 0.786736
vt 0.265198 0.786781
vt 0.264786 0.790047
vt 0.491913 0.780052
vt 0.494797 0.784094
vt 0.493011 0.777372
vt 0.494965 0.776445
vt 0.492920 0.775175
vt 0.493958 0.807831
vt 0.488968 0.792034
vt 0.263626 0.773441
vt 0.264236 0.773300
vt 0.264603 0.776054
vt 0.490479 0.786224
vt 0.105648 0.871368
vt 0.286530 0.596931
vt 0.287262 0.567131
vt 0.287262 0.569914
vt 0.286972 0.568264
vt 0.258255 0.764030
vt 0.286987 0.693012
vt 0.286987 0.697123
vt 0.286530 0.694912
vt 0.262451 0.771317
vt 0.264053 0.776882
vt 0.264679 0.779457
vt 0.265167 0.780609
vt 0.746262 0.818665
vt 0.738831 0.763218
vt 0.287262 0.701309
vt 0.286530 0.700340
vt 0.287262 0.700180
vt 0.745514 0.819695
vt 0.287216 0.692909
vt 0.286514 0.692612
vt 0.287216 0.689980
vt 0.265015 0.795876
vt 0.264526 0.792843
vt 0.265015 0.794704
vt 0.264664 0.797123
vt 0.265457 0.797394
vt 0.476204 0.604294
vt 0.416306 0.564217
vt 0.068031 0.944122
vt 0.070866 0.944885
vt 0.076172 0.946320
vt 0.081959 0.944946
vt 0.081242 0.937775
vt 0.080429 0.934662
vt 0.079086 0.933685
vt 0.507137 0.821594
vt 0.075317 0.937195
vt 0.074364 0.940155
vt 0.079792 0.942505
vt 0.075890 0.934357
vt 0.713776 0.769814
vt 0.073200 0.942780
vt 0.077404 0.945435
vt 0.798698 0.765331
vt 0.794617 0.763218
vt 0.796112 0.782032
vt 0.285904 0.591644
vt 0.286652 0.580933
vt 0.286652 0.596821
vt 0.187555 0.693192
vt 0.767540 0.788883
vt 0.769569 0.790005
vt 0.762474 0.796482
vt 0.798698 0.789654
vt 0.552822 0.801666
vt 0.556347 0.795120
vt 0.555305 0.802124
vt 0.769569 0.804829
vt 0.767326 0.818077
vt 0.761810 0.812981
vt 0.764687 0.798180
vt 0.189489 0.687973
vt 0.761208 0.801785
vt 0.231247 0.747599
vt 0.241348 0.751156
vt 0.235199 0.753471
vt 0.558781 0.794250
vt 0.559963 0.790253
vt 0.522549 0.783508
vt 0.559700 0.605304
vt 0.558578 0.598554
vt 0.559700 0.596297
vt 0.202288 0.684799
vt 0.203358 0.670547
vt 0.197487 0.669220
vt 0.240555 0.745728
vt 0.232086 0.728844
vt 0.240372 0.728577
vt 0.234604 0.724104
vt 0.237442 0.721655
vt 0.241348 0.715105
vt 0.559963 0.810394
vt 0.202513 0.748505
vt 0.196636 0.740891
vt 0.521515 0.674683
vt 0.522217 0.671936
vt 0.522217 0.678986
vt 0.770359 0.820084
vt 0.775757 0.823395
vt 0.286116 0.632904
vt 0.287045 0.629364
vt 0.287045 0.636414
vt 0.747040 0.819481
vt 0.747375 0.822754
vt 0.746536 0.822975
vt 0.746552 0.821022
vt 0.747787 0.824997
vt 0.745911 0.819939
vt 0.745926 0.820999
vt 0.739180 0.808853
vt 0.734873 0.807037
vt 0.739180 0.802094
vt 0.265732 0.729767
vt 0.266159 0.730957
vt 0.266342 0.728127
vt 0.196609 0.781790
vt 0.560028 0.600494
vt 0.559814 0.598446
vt 0.560028 0.597321
vt 0.214630 0.825085
vt 0.214432 0.823536
vt 0.217743 0.825790
vt 0.286987 0.812649
vt 0.287292 0.815891
vt 0.283936 0.815891
vt 0.284698 0.810570
vt 0.211761 0.823498
vt 0.210678 0.819767
vt 0.549759 0.810257
vt 0.549759 0.812897
vt 0.548096 0.810928
vt 0.560005 0.612583
vt 0.560005 0.616022
vt 0.559822 0.615482
vt 0.272537 0.773338
vt 0.522324 0.675226
vt 0.522621 0.674093
vt 0.522621 0.675789
vt 0.560081 0.620155
vt 0.559822 0.619717
vt 0.560081 0.618900
vt 0.522491 0.697792
vt 0.522491 0.700194
vt 0.522110 0.698969
vt 0.491730 0.755630
vt 0.274597 0.762253
vt 0.255157 0.819822
vt 0.252090 0.814751
vt 0.255157 0.814475
vt 0.507950 0.794632
vt 0.512161 0.790802
vt 0.509567 0.791183
vt 0.536530 0.793106
vt 0.538422 0.788147
vt 0.539490 0.791748
vt 0.539490 0.795242
vt 0.536423 0.795242
vt 0.555565 0.640923
vt 0.559837 0.640663
vt 0.556877 0.644684
vt 0.559837 0.645584
vt 0.225937 0.758537
vt 0.225006 0.758690
vt 0.223877 0.757294
vt 0.224869 0.757103
vt 0.225098 0.755409
vt 0.222931 0.753387
vt 0.217010 0.750420
vt 0.532761 0.625359
vt 0.224976 0.754463
vt 0.217773 0.750458
vt 0.224030 0.752411
vt 0.215027 0.745384
vt 0.220932 0.748802
vt 0.225311 0.753273
vt 0.266632 0.796005
vt 0.217255 0.745987
vt 0.212906 0.740463
vt 0.219131 0.745422
vt 0.216293 0.742157
vt 0.222275 0.749855
vt 0.219925 0.747665
vt 0.223755 0.748489
vt 0.220840 0.745834
vt 0.218613 0.741814
vt 0.216705 0.738441
vt 0.222488 0.745842
vt 0.734375 0.801992
vt 0.731857 0.799175
vt 0.220963 0.743484
vt 0.217300 0.740051
vt 0.218445 0.736748
vt 0.221970 0.742462
vt 0.221466 0.741714
vt 0.222748 0.737541
vt 0.729370 0.794924
vt 0.224533 0.743561
vt 0.225418 0.741478
vt 0.224640 0.740082
vt 0.225922 0.738419
vt 0.223053 0.743462
vt 0.223206 0.738976
vt 0.227615 0.734962
vt 0.227051 0.737076
vt 0.221008 0.734245
vt 0.224731 0.738266
vt 0.219818 0.733009
vt 0.223602 0.735252
vt 0.224838 0.735054
vt 0.227081 0.733742
vt 0.266220 0.795311
vt 0.224442 0.750755
vt 0.228195 0.734329
vt 0.226242 0.738892
vt 0.748177 0.811264
vt 0.712570 0.797943
vt 0.709900 0.795811
vt 0.195496 0.810835
vt 0.727737 0.789928
vt 0.726944 0.786148
vt 0.265198 0.778496
vt 0.527481 0.623924
vt 0.272720 0.765991
vt 0.778427 0.007935
vt 0.522430 0.712196
vt 0.522430 0.725372
vt 0.519409 0.720436
vt 0.873856 0.125412
vt 0.876801 0.122612
vt 0.287247 0.570024
vt 0.287247 0.580830
vt 0.285912 0.574785
vt 0.235344 0.753578
vt 0.227051 0.001801
vt 0.263962 0.792439
vt 0.264328 0.789722
vt 0.263260 0.794128
vt 0.526855 0.627296
vt 0.559464 0.636426
vt 0.559952 0.633363
vt 0.559952 0.636699
vt 0.559860 0.639526
vt 0.261780 0.791256
vt 0.261459 0.795414
vt 0.260162 0.793171
vt 0.262985 0.789093
vt 0.263916 0.786594
vt 0.258789 0.790737
vt 0.260559 0.788486
vt 0.262100 0.785858
vt 0.263428 0.782921
vt 0.257278 0.789162
vt 0.259460 0.786026
vt 0.261230 0.782978
vt 0.262741 0.779881
vt 0.255920 0.787464
vt 0.258453 0.783550
vt 0.260361 0.780193
vt 0.262009 0.776897
vt 0.255249 0.783390
vt 0.257660 0.780598
vt 0.259506 0.777435
vt 0.261032 0.774246
vt 0.255569 0.780941
vt 0.257217 0.778084
vt 0.258682 0.774826
vt 0.259903 0.771549
vt 0.255417 0.779568
vt 0.256699 0.776039
vt 0.257751 0.772411
vt 0.258377 0.768593
vt 0.480286 0.826036
vt 0.483276 0.821489
vt 0.483276 0.826967
vt 0.480438 0.828720
vt 0.733948 0.780544
vt 0.734024 0.782507
vt 0.256104 0.774158
vt 0.256882 0.770405
vt 0.477417 0.827505
vt 0.480042 0.824331
vt 0.477478 0.829082
vt 0.482788 0.819914
vt 0.734100 0.777872
vt 0.255569 0.771667
vt 0.256149 0.768509
vt 0.477448 0.825983
vt 0.479767 0.823250
vt 0.559525 0.675652
vt 0.559525 0.681252
vt 0.558792 0.680534
vt 0.559082 0.674500
vt 0.735840 0.774065
vt 0.477692 0.824467
vt 0.479370 0.822126
vt 0.481842 0.819660
vt 0.482574 0.819502
s 1
f 27/1 1/2 5/3
f 1/2 202/4 303/5
f 11/6 7/7 6/8
f 11/6 6/8 2/9
f 303/5 202/4 3/10
f 303/5 5/3 1/2
f 2/9 6/8 1/2
f 1/2 27/1 4/11
f 2/9 1/2 4/11
f 12/12 11/13 2/14
f 23/15 31/16 15/17
f 28/18 20/19 30/20
f 303/21 22/22 5/23
f 23/15 20/24 14/25
f 31/16 24/26 15/17
f 14/27 20/19 28/18
f 14/25 31/16 23/15
f 4/28 26/29 19/30
f 2/31 4/28 19/30
f 26/29 27/32 28/33
f 26/29 28/33 30/34
f 19/30 26/29 30/34
f 19/30 12/35 2/31
f 28/33 27/32 14/36
f 5/37 22/38 27/32
f 14/25 22/22 13/39
f 33/40 20/41 32/42
f 15/17 185/43 32/44
f 32/42 185/45 29/46
f 23/15 15/17 32/44
f 29/46 186/47 33/40
f 32/42 29/46 33/40
f 186/47 211/48 33/40
f 31/16 13/39 25/49
f 20/41 23/50 32/42
f 13/39 31/16 14/25
f 211/48 30/34 33/40
f 30/34 211/48 21/51
f 33/40 30/34 20/41
f 12/52 19/53 21/54
f 30/34 21/51 19/30
f 22/38 14/36 27/32
f 4/28 27/32 26/29
f 25/49 34/55 24/26
f 24/56 34/57 36/58
f 15/17 35/59 16/60
f 16/60 35/59 36/61
f 185/43 15/17 184/62
f 15/17 16/60 184/62
f 72/63 17/64 568/65
f 72/63 568/65 180/66
f 180/66 568/65 18/67
f 184/62 16/60 17/64
f 36/61 568/65 17/64
f 17/64 16/60 36/61
f 36/58 35/68 24/56
f 35/59 15/17 24/26
f 31/16 25/49 24/26
f 44/69 47/70 43/71
f 47/70 42/72 43/71
f 45/73 43/71 42/72
f 37/74 48/75 42/76
f 41/77 37/74 42/76
f 39/78 238/79 38/80
f 38/80 46/81 48/82
f 46/81 45/83 48/82
f 42/76 48/75 45/84
f 48/85 212/86 38/87
f 48/85 50/88 212/86
f 37/89 50/90 48/91
f 50/90 37/89 40/92
f 40/92 37/89 41/93
f 49/94 50/95 51/96
f 54/97 49/94 51/96
f 52/98 6/99 8/100
f 55/101 52/102 53/103
f 55/104 53/105 8/106
f 51/96 55/104 54/97
f 54/97 55/104 8/106
f 1/107 6/99 9/108
f 60/109 588/110 2205/111
f 2238/112 60/113 2205/114
f 3546/115 2970/116 2969/117
f 2239/118 61/119 60/120
f 61/119 59/121 60/120
f 60/113 59/122 588/123
f 57/124 588/123 59/122
f 61/119 58/125 79/126
f 64/127 65/128 63/129
f 66/130 65/128 64/127
f 66/130 64/127 67/131
f 66/130 67/131 68/132
f 68/132 67/131 69/133
f 68/132 69/133 71/134
f 70/135 68/132 71/134
f 73/136 75/137 74/138
f 17/139 181/140 184/141
f 181/140 17/139 72/142
f 72/142 180/143 181/140
f 569/144 57/145 74/138
f 61/119 57/145 59/121
f 57/145 61/119 79/126
f 70/135 71/134 82/146
f 84/147 1835/148 1633/149
f 70/135 82/146 81/150
f 190/151 84/152 85/153
f 82/146 86/154 81/150
f 367/155 81/150 88/156
f 84/147 89/157 85/158
f 88/156 81/150 80/159
f 194/160 80/159 86/154
f 84/147 1633/149 91/161
f 87/162 1631/163 90/164
f 197/165 85/166 89/167
f 88/156 80/159 93/168
f 80/159 194/160 92/169
f 57/145 79/126 74/138
f 93/168 80/159 100/170
f 80/159 92/169 99/171
f 89/157 98/172 95/173
f 90/164 94/174 109/175
f 96/176 1889/177 583/178
f 415/179 93/168 100/170
f 102/180 89/157 84/147
f 100/170 80/159 99/171
f 98/172 89/157 102/180
f 1889/177 96/176 97/181
f 102/180 84/147 91/161
f 92/169 104/182 99/171
f 92/169 101/183 104/182
f 95/173 98/172 199/184
f 415/179 100/170 103/185
f 583/178 584/186 105/187
f 99/171 104/182 107/188
f 98/172 102/180 108/189
f 109/175 87/162 90/164
f 583/178 105/187 96/176
f 100/170 99/171 117/190
f 104/182 101/183 111/191
f 132/192 97/193 96/194
f 102/180 91/161 110/195
f 99/171 107/188 117/190
f 102/180 110/195 112/196
f 104/182 111/191 114/197
f 98/172 108/189 116/198
f 103/185 100/170 117/190
f 107/188 104/182 114/197
f 111/191 199/184 115/199
f 199/184 98/172 115/199
f 109/175 94/174 119/200
f 107/188 114/197 117/190
f 114/197 111/191 115/199
f 108/189 102/180 112/196
f 115/199 98/172 116/198
f 118/201 96/194 105/202
f 113/203 103/185 120/204
f 103/185 117/190 120/204
f 110/195 91/161 106/205
f 1634/206 87/162 131/207
f 117/190 114/197 121/208
f 122/209 110/195 106/205
f 94/174 1375/210 119/200
f 116/198 108/189 123/211
f 132/192 96/194 118/201
f 121/208 114/197 115/199
f 128/212 115/199 116/198
f 112/196 110/195 129/213
f 110/195 122/209 129/213
f 131/207 87/162 109/175
f 133/214 113/203 120/204
f 120/204 117/190 125/215
f 123/211 108/189 112/196
f 118/201 105/202 127/216
f 124/217 113/203 133/214
f 121/208 115/199 128/212
f 125/215 117/190 121/208
f 122/209 106/205 130/218
f 106/205 126/219 130/218
f 106/205 1634/206 131/207
f 124/217 133/214 78/220
f 138/221 121/208 128/212
f 119/200 1375/210 1377/222
f 133/214 120/204 125/215
f 121/208 138/221 137/223
f 123/211 112/196 129/213
f 125/215 121/208 137/223
f 128/212 116/198 134/224
f 134/224 116/198 123/211
f 129/213 122/209 130/218
f 1377/222 1376/225 136/226
f 136/226 1376/225 132/192
f 135/227 133/214 125/215
f 78/220 133/214 135/227
f 129/213 130/218 139/228
f 139/228 130/218 126/219
f 75/229 144/230 127/231
f 126/219 106/205 131/207
f 135/227 125/215 142/232
f 129/213 139/228 140/233
f 132/192 118/201 149/234
f 75/229 167/235 144/230
f 125/215 137/223 141/236
f 123/211 129/213 140/233
f 78/220 135/227 77/237
f 142/232 125/215 141/236
f 141/236 137/223 138/221
f 138/221 128/212 143/238
f 128/212 134/224 143/238
f 134/224 123/211 140/233
f 1377/222 136/226 157/239
f 136/226 132/192 149/234
f 140/233 139/228 146/240
f 109/175 119/200 155/241
f 134/224 140/233 143/238
f 146/240 139/228 126/219
f 118/201 127/216 144/242
f 77/237 135/227 145/243
f 148/244 143/238 140/233
f 147/245 135/227 142/232
f 141/236 138/221 150/246
f 151/247 138/221 143/238
f 141/236 150/246 142/232
f 148/244 140/233 146/240
f 155/241 119/200 1377/222
f 145/243 135/227 76/248
f 135/227 147/245 76/248
f 150/246 138/221 151/247
f 149/249 118/250 144/251
f 147/245 142/232 158/252
f 143/238 152/253 151/247
f 143/238 148/244 152/253
f 79/126 62/254 74/138
f 146/240 126/219 153/255
f 155/241 131/207 109/175
f 75/137 105/202 569/144
f 154/256 157/239 136/226
f 158/252 142/232 150/246
f 147/245 158/252 156/257
f 126/219 131/207 155/241
f 136/226 149/234 154/256
f 76/248 147/245 156/257
f 516/258 76/248 156/257
f 149/234 144/242 154/256
f 148/244 146/240 159/259
f 158/252 150/246 161/260
f 161/260 150/246 151/247
f 155/241 1377/222 157/239
f 146/240 153/255 159/259
f 152/253 148/244 159/259
f 164/261 157/239 154/256
f 151/247 152/253 160/262
f 161/260 151/247 160/262
f 160/262 152/253 159/259
f 161/260 156/257 158/252
f 153/255 126/219 179/263
f 126/219 155/241 179/263
f 62/254 320/264 74/138
f 74/138 320/264 242/265
f 526/266 516/258 163/267
f 516/258 156/257 163/267
f 163/267 156/257 161/260
f 159/259 153/255 162/268
f 164/261 154/256 165/269
f 166/270 161/260 160/262
f 160/262 159/259 166/270
f 166/270 159/259 162/268
f 154/256 144/242 165/269
f 163/267 161/260 171/271
f 162/268 153/255 179/263
f 171/271 161/260 166/270
f 526/266 163/267 168/272
f 179/263 155/241 157/239
f 168/272 163/267 171/271
f 157/239 164/261 179/263
f 75/229 127/231 105/273
f 171/271 166/270 170/274
f 169/275 166/270 162/268
f 165/269 144/242 167/276
f 166/270 169/275 170/274
f 169/275 162/268 173/277
f 162/268 179/263 173/277
f 546/278 168/272 172/279
f 168/272 171/271 172/279
f 177/280 169/275 173/277
f 165/269 174/281 164/261
f 172/279 171/271 175/282
f 170/274 169/275 176/283
f 176/283 169/275 177/280
f 175/282 171/271 170/274
f 177/280 173/277 178/284
f 569/144 74/138 75/137
f 178/284 173/277 179/263
f 179/263 164/261 174/281
f 562/285 172/279 180/143
f 172/279 175/282 180/143
f 176/283 177/280 178/284
f 170/286 176/287 181/288
f 182/289 176/283 178/284
f 312/290 562/285 180/143
f 180/143 175/282 170/274
f 182/289 178/284 183/291
f 181/140 176/283 182/289
f 75/137 73/136 167/276
f 170/274 181/140 180/143
f 178/284 179/263 183/291
f 185/292 179/263 174/281
f 182/289 183/291 181/140
f 174/281 165/269 73/136
f 165/269 167/276 73/136
f 183/291 179/263 184/141
f 181/140 183/291 184/141
f 184/141 179/263 185/292
f 29/293 174/281 73/136
f 73/136 186/294 29/293
f 185/292 174/281 29/293
f 56/295 242/265 221/296
f 74/138 242/265 56/295
f 73/136 74/138 186/294
f 74/138 56/295 186/294
f 187/297 1866/298 1867/299
f 1773/300 1867/299 188/301
f 188/301 1867/299 190/302
f 189/303 188/301 190/302
f 1779/304 189/303 1787/305
f 1787/305 189/303 190/302
f 1787/306 190/307 83/308
f 192/309 82/310 191/311
f 69/312 191/311 71/313
f 1787/305 83/314 1791/315
f 71/313 191/311 82/310
f 1791/315 83/314 85/166
f 85/316 83/308 190/307
f 86/317 82/310 192/309
f 1791/315 85/166 193/318
f 86/317 192/309 194/319
f 81/150 86/154 80/159
f 194/319 192/309 195/320
f 197/165 196/321 193/318
f 193/318 85/166 197/165
f 194/319 195/320 92/322
f 195/320 1793/323 92/322
f 95/173 197/324 89/157
f 200/325 196/321 197/165
f 92/322 1793/323 101/326
f 198/327 196/321 200/325
f 1793/323 198/327 101/326
f 197/165 95/328 199/329
f 200/325 197/165 199/329
f 101/326 198/327 200/325
f 200/325 199/329 111/330
f 101/326 200/325 111/330
f 205/331 224/332 204/333
f 1/107 9/108 10/334
f 202/335 10/336 206/337
f 204/333 203/338 205/331
f 205/331 203/338 208/339
f 208/339 203/338 304/340
f 208/339 304/340 207/341
f 207/341 304/340 206/337
f 206/337 10/336 207/341
f 202/342 206/343 3/344
f 10/336 202/335 1/345
f 307/346 201/347 222/348
f 56/349 221/350 201/351
f 56/349 201/351 211/48
f 201/351 210/352 211/48
f 210/352 209/353 211/48
f 186/47 56/349 211/48
f 211/48 209/353 21/51
f 50/95 49/94 212/354
f 214/355 218/356 215/357
f 213/358 222/348 214/355
f 214/355 236/359 213/358
f 216/360 220/361 238/362
f 238/362 39/363 216/360
f 218/356 217/364 221/365
f 217/364 219/366 221/365
f 222/348 213/358 307/346
f 221/365 219/366 222/348
f 221/350 222/367 201/351
f 205/331 226/368 224/332
f 38/87 308/369 39/370
f 216/371 39/370 308/369
f 308/369 38/87 212/86
f 226/372 225/373 240/374
f 226/375 240/376 224/377
f 227/378 228/379 231/380
f 228/381 251/382 229/383
f 228/379 227/378 43/384
f 43/71 251/385 228/386
f 241/387 224/377 240/376
f 228/381 229/383 240/376
f 251/385 43/71 45/73
f 240/376 229/383 241/387
f 227/388 44/69 43/71
f 47/389 44/390 223/391
f 306/392 230/393 231/394
f 228/379 306/395 231/380
f 306/392 223/396 230/393
f 44/397 227/398 231/399
f 230/400 44/397 231/399
f 214/401 222/402 219/403
f 219/403 217/404 214/401
f 221/296 242/265 218/405
f 234/406 233/407 313/408
f 232/409 233/407 218/405
f 214/355 217/364 218/356
f 216/410 215/411 218/412
f 220/413 216/414 218/415
f 215/416 216/417 235/418
f 215/419 235/420 236/421
f 54/422 8/423 237/424
f 236/421 235/420 237/424
f 236/421 237/424 305/425
f 305/425 237/424 8/423
f 229/426 251/427 309/428
f 220/429 218/430 233/431
f 46/432 233/407 234/406
f 238/79 233/433 46/81
f 233/433 238/79 220/434
f 238/79 46/81 38/80
f 40/435 51/436 50/437
f 62/254 250/438 2240/439
f 13/39 22/22 303/21
f 304/440 203/441 34/442
f 58/125 61/119 250/438
f 250/438 61/119 2239/118
f 58/125 250/438 62/254
f 2242/443 249/444 2240/439
f 62/254 2240/439 247/445
f 2240/439 249/444 247/445
f 253/446 769/447 255/448
f 762/449 253/446 254/450
f 255/448 772/451 260/452
f 256/453 762/449 257/454
f 255/448 260/452 258/455
f 253/446 255/448 258/455
f 254/450 253/446 259/456
f 762/449 254/450 257/454
f 259/456 253/446 258/455
f 260/452 248/457 258/455
f 258/455 248/457 262/458
f 259/456 258/455 262/458
f 256/453 257/454 264/459
f 256/453 264/459 261/460
f 257/454 254/450 263/461
f 254/450 259/456 263/461
f 264/459 257/454 263/461
f 262/458 1638/462 265/463
f 259/456 262/458 270/464
f 820/465 264/459 267/466
f 264/459 263/461 267/466
f 259/456 270/464 266/467
f 270/464 262/458 265/463
f 58/125 62/254 79/126
f 265/463 1638/462 63/129
f 266/467 263/461 259/456
f 829/468 820/465 267/466
f 268/469 829/468 267/466
f 829/468 268/469 269/470
f 268/469 267/466 266/467
f 267/466 263/461 266/467
f 270/464 265/463 65/128
f 275/471 272/472 276/473
f 276/473 273/474 269/470
f 279/475 266/467 270/464
f 274/476 827/477 277/478
f 269/470 268/469 278/479
f 270/464 65/128 280/480
f 268/469 266/467 279/475
f 281/481 275/471 276/473
f 278/479 268/469 279/475
f 280/480 65/128 66/130
f 274/476 277/478 284/482
f 277/478 271/483 275/471
f 278/479 279/475 293/484
f 277/478 275/471 281/481
f 269/470 278/479 282/485
f 279/475 270/464 283/486
f 276/473 269/470 282/485
f 283/486 270/464 280/480
f 277/478 281/481 284/482
f 281/481 276/473 288/487
f 278/479 293/484 282/485
f 284/482 281/481 286/488
f 288/487 276/473 282/485
f 293/484 279/475 283/486
f 66/130 285/489 280/480
f 286/488 281/481 288/487
f 285/489 66/130 68/132
f 284/482 286/488 852/490
f 283/486 280/480 291/491
f 852/490 286/488 287/492
f 291/491 280/480 285/489
f 292/493 286/488 288/487
f 288/487 282/485 289/494
f 293/484 283/486 290/495
f 287/492 286/488 295/496
f 289/494 282/485 293/484
f 878/497 287/492 295/496
f 295/496 286/488 292/493
f 283/486 291/491 290/495
f 285/489 68/132 70/135
f 294/498 876/499 301/500
f 301/500 876/499 298/501
f 294/498 301/500 300/502
f 11/6 12/52 21/54
f 3/10 304/503 303/5
f 41/77 42/76 207/504
f 207/504 42/76 208/505
f 208/505 42/76 223/506
f 210/507 201/508 307/509
f 208/505 225/373 205/510
f 305/511 213/512 236/513
f 49/514 235/515 212/516
f 212/516 235/515 308/517
f 251/427 45/518 309/428
f 45/518 310/519 309/428
f 317/520 232/409 318/521
f 145/243 495/522 321/523
f 252/524 327/525 491/526
f 328/527 495/522 324/528
f 331/529 471/530 324/528
f 471/530 331/529 333/531
f 338/532 340/533 460/534
f 338/532 339/535 244/536
f 244/536 466/537 335/538
f 348/539 355/540 352/541
f 389/542 358/543 355/540
f 368/544 353/545 357/546
f 360/547 358/543 299/548
f 888/549 299/548 297/550
f 361/551 299/548 888/549
f 858/552 361/551 888/549
f 65/128 265/463 63/129
f 249/444 294/498 300/502
f 363/553 879/554 297/550
f 249/444 300/502 357/546
f 879/554 363/553 298/501
f 366/555 295/496 302/556
f 361/551 296/557 362/558
f 365/559 297/550 299/548
f 301/500 298/501 369/560
f 288/487 289/494 364/561
f 360/547 361/551 362/558
f 358/543 365/559 299/548
f 893/562 927/563 371/564
f 299/548 361/551 360/547
f 363/553 297/550 365/559
f 298/501 363/553 369/560
f 302/556 295/496 292/493
f 292/493 288/487 364/561
f 368/544 300/502 301/500
f 375/565 893/562 371/564
f 353/545 249/444 357/546
f 357/546 300/502 368/544
f 372/566 371/564 927/563
f 362/558 376/567 360/547
f 369/560 363/553 378/568
f 367/155 285/489 70/135
f 368/544 301/500 370/569
f 370/569 301/500 369/560
f 378/568 363/553 365/559
f 372/566 927/563 373/570
f 362/558 914/571 376/567
f 385/572 293/484 290/495
f 291/491 285/489 380/573
f 380/573 285/489 367/155
f 369/560 374/574 370/569
f 381/575 926/576 377/577
f 914/571 359/578 356/579
f 360/547 355/540 358/543
f 365/559 358/543 382/580
f 382/580 378/568 365/559
f 374/574 369/560 378/568
f 366/555 302/556 383/581
f 364/561 289/494 379/582
f 373/570 935/583 354/584
f 366/555 383/581 935/583
f 914/571 356/579 376/567
f 289/494 293/484 379/582
f 379/582 293/484 385/572
f 370/569 374/574 387/585
f 372/566 373/570 354/584
f 360/547 376/567 355/540
f 374/574 378/568 393/586
f 302/556 292/493 384/587
f 290/495 291/491 386/588
f 368/544 370/569 351/589
f 377/577 375/565 395/590
f 375/565 371/564 390/591
f 378/568 382/580 393/586
f 384/587 292/493 364/561
f 367/155 70/135 81/150
f 381/575 377/577 395/590
f 390/591 371/564 391/592
f 371/564 372/566 391/592
f 372/566 354/584 396/593
f 354/584 935/583 392/594
f 935/583 383/581 392/594
f 376/567 352/541 355/540
f 352/541 376/567 356/579
f 350/595 356/579 359/578
f 350/595 359/578 388/596
f 385/572 290/495 386/588
f 386/588 291/491 380/573
f 395/590 375/565 390/591
f 391/592 372/566 396/593
f 382/580 358/543 389/542
f 368/544 351/589 353/545
f 929/597 381/575 394/598
f 302/556 384/587 405/599
f 374/574 393/586 397/600
f 374/574 397/600 387/585
f 350/595 388/596 349/601
f 382/580 398/602 393/586
f 383/581 302/556 405/599
f 380/573 367/155 88/156
f 396/593 354/584 392/594
f 389/542 355/540 348/539
f 398/602 382/580 389/542
f 399/603 380/573 88/156
f 370/569 387/585 351/589
f 394/598 381/575 395/590
f 396/593 392/594 412/604
f 392/594 383/581 401/605
f 379/582 385/572 402/606
f 390/591 391/592 403/607
f 392/594 401/605 413/608
f 383/581 405/599 401/605
f 352/541 356/579 430/609
f 356/579 350/595 430/609
f 364/561 379/582 402/606
f 394/598 395/590 411/610
f 391/592 396/593 404/611
f 386/588 380/573 406/612
f 400/613 394/598 418/614
f 419/615 395/590 390/591
f 403/607 391/592 347/616
f 404/611 396/593 412/604
f 393/586 398/602 410/617
f 351/589 387/585 407/618
f 397/600 407/618 387/585
f 411/610 395/590 419/615
f 419/615 390/591 403/607
f 391/592 404/611 347/616
f 412/604 392/594 413/608
f 350/595 349/601 408/619
f 350/595 408/619 430/609
f 398/602 389/542 409/620
f 352/541 430/609 414/621
f 352/541 414/621 348/539
f 397/600 393/586 410/617
f 364/561 402/606 384/587
f 399/603 88/156 415/179
f 415/179 88/156 93/168
f 347/616 404/611 346/622
f 404/611 412/604 416/623
f 389/542 348/539 409/620
f 399/603 406/612 380/573
f 351/589 407/618 422/624
f 419/615 403/607 420/625
f 398/602 409/620 421/626
f 398/602 421/626 410/617
f 402/606 385/572 386/588
f 351/589 246/627 353/545
f 423/628 397/600 410/617
f 407/618 397/600 423/628
f 394/598 411/610 428/629
f 420/625 403/607 347/616
f 413/608 401/605 405/599
f 430/609 408/619 417/630
f 428/629 411/610 345/631
f 419/615 420/625 425/632
f 344/633 420/625 347/616
f 411/610 419/615 429/634
f 346/622 404/611 416/623
f 348/539 431/635 409/620
f 384/587 402/606 434/636
f 418/614 394/598 428/629
f 412/604 436/637 416/623
f 426/638 427/639 432/640
f 423/628 410/617 421/626
f 405/599 384/587 434/636
f 345/631 411/610 429/634
f 419/615 425/632 429/634
f 344/633 347/616 346/622
f 417/630 424/641 430/609
f 947/642 426/638 432/640
f 424/641 947/642 432/640
f 348/539 414/621 431/635
f 422/624 407/618 435/643
f 433/644 416/623 436/637
f 436/637 412/604 413/608
f 405/599 434/636 437/645
f 413/608 405/599 437/645
f 427/639 418/614 442/646
f 409/620 431/635 342/647
f 450/648 421/626 342/647
f 421/626 409/620 342/647
f 434/636 402/606 439/649
f 406/612 399/603 440/650
f 440/650 399/603 415/179
f 418/614 428/629 444/651
f 425/632 420/625 344/633
f 344/633 346/622 433/644
f 346/622 416/623 433/644
f 433/644 436/637 443/652
f 414/621 430/609 441/653
f 430/609 424/641 445/654
f 424/641 432/640 438/655
f 432/640 427/639 442/646
f 407/618 423/628 435/643
f 428/629 345/631 444/651
f 436/637 413/608 437/645
f 423/628 421/626 451/656
f 402/606 386/588 439/649
f 442/646 418/614 447/657
f 447/657 418/614 444/651
f 424/641 438/655 445/654
f 342/647 431/635 446/658
f 343/659 320/264 246/627
f 429/634 425/632 245/660
f 341/661 429/634 245/660
f 453/662 433/644 443/652
f 443/652 436/637 448/663
f 430/609 445/654 441/653
f 438/655 432/640 449/664
f 432/640 442/646 449/664
f 421/626 450/648 451/656
f 439/649 386/588 406/612
f 440/650 415/179 455/665
f 455/665 415/179 103/185
f 246/627 422/624 343/659
f 422/624 435/643 343/659
f 344/633 433/644 453/662
f 436/637 437/645 448/663
f 414/621 441/653 454/666
f 435/643 423/628 451/656
f 444/651 345/631 429/634
f 431/635 414/621 454/666
f 437/645 434/636 339/535
f 439/649 406/612 466/537
f 406/612 440/650 466/537
f 442/646 447/657 449/664
f 444/651 469/667 447/657
f 458/668 444/651 429/634
f 425/632 344/633 452/669
f 453/662 459/670 344/633
f 445/654 438/655 461/671
f 434/636 439/649 339/535
f 469/667 444/651 458/668
f 245/660 425/632 452/669
f 452/669 344/633 459/670
f 437/645 460/534 448/663
f 461/671 438/655 449/664
f 431/635 454/666 446/658
f 451/656 450/648 456/672
f 320/264 343/659 243/673
f 429/634 341/661 462/674
f 341/661 245/660 475/675
f 443/652 448/663 463/676
f 454/666 441/653 457/677
f 441/653 445/654 457/677
f 446/658 454/666 464/678
f 338/532 437/645 339/535
f 113/203 455/665 103/185
f 475/675 245/660 334/679
f 453/662 443/652 463/676
f 445/654 461/671 457/677
f 450/648 342/647 465/680
f 338/532 460/534 437/645
f 449/664 447/657 468/681
f 461/671 449/664 468/681
f 447/657 469/667 468/681
f 462/674 341/661 475/675
f 334/679 245/660 452/669
f 342/647 446/658 465/680
f 244/536 339/535 439/649
f 244/536 439/649 466/537
f 466/537 440/650 337/682
f 337/682 440/650 455/665
f 247/445 320/264 62/254
f 458/668 429/634 462/674
f 473/683 452/669 459/670
f 448/663 460/534 340/533
f 448/663 340/533 463/676
f 336/684 455/665 113/203
f 467/685 435/643 451/656
f 451/656 456/672 467/685
f 466/537 337/682 335/538
f 455/665 336/684 337/682
f 453/662 463/676 476/686
f 464/678 454/666 457/677
f 340/533 338/532 332/687
f 338/532 244/536 335/538
f 124/217 336/684 113/203
f 340/533 474/688 463/676
f 457/677 461/671 470/689
f 461/671 468/681 470/689
f 464/678 457/677 472/690
f 446/658 464/678 465/680
f 340/533 332/687 471/530
f 435/643 467/685 243/673
f 468/681 469/667 470/689
f 474/688 340/533 471/530
f 456/672 450/648 465/680
f 338/532 335/538 332/687
f 335/538 337/682 336/684
f 469/667 458/668 480/691
f 334/679 452/669 473/683
f 459/670 453/662 476/686
f 476/686 463/676 474/688
f 328/527 335/538 336/684
f 471/530 333/531 474/688
f 457/677 470/689 477/692
f 332/687 335/538 328/527
f 467/685 456/672 483/693
f 480/691 458/668 462/674
f 465/680 464/678 472/690
f 472/690 457/677 477/692
f 471/530 332/687 324/528
f 328/527 336/684 330/694
f 336/684 124/217 329/695
f 459/670 476/686 479/696
f 477/692 470/689 323/697
f 243/673 467/685 327/525
f 462/674 475/675 478/698
f 334/679 473/683 326/699
f 473/683 459/670 325/700
f 325/700 459/670 479/696
f 333/531 331/529 474/688
f 324/528 332/687 328/527
f 470/689 469/667 480/691
f 480/691 462/674 481/701
f 482/702 475/675 334/679
f 474/688 331/529 476/686
f 330/694 336/684 329/695
f 243/673 327/525 252/524
f 481/701 462/674 478/698
f 323/697 470/689 480/691
f 331/529 324/528 476/686
f 322/703 330/694 329/695
f 326/699 473/683 490/704
f 329/695 124/217 78/220
f 467/685 483/693 327/525
f 475/675 482/702 478/698
f 465/680 472/690 484/705
f 456/672 465/680 484/705
f 495/522 328/527 330/694
f 78/220 322/703 329/695
f 489/706 476/686 324/528
f 323/697 480/691 486/707
f 77/237 330/694 322/703
f 483/693 456/672 492/708
f 456/672 484/705 492/708
f 487/709 480/691 481/701
f 334/679 326/699 482/702
f 497/710 326/699 490/704
f 473/683 325/700 490/704
f 325/700 479/696 485/711
f 479/696 476/686 489/706
f 477/692 323/697 488/712
f 486/707 480/691 487/709
f 324/528 495/522 489/706
f 321/523 330/694 77/237
f 77/237 322/703 78/220
f 472/690 477/692 484/705
f 484/705 477/692 493/713
f 501/714 489/706 495/522
f 495/522 330/694 321/523
f 252/524 491/526 318/521
f 494/715 478/698 482/702
f 485/711 490/704 325/700
f 488/712 323/697 486/707
f 327/525 483/693 491/526
f 482/702 326/699 497/710
f 479/696 489/706 501/714
f 492/708 484/705 496/716
f 477/692 488/712 493/713
f 483/693 492/708 491/526
f 485/711 479/696 501/714
f 145/243 321/523 77/237
f 494/715 482/702 497/710
f 499/717 484/705 493/713
f 481/701 478/698 502/718
f 502/718 478/698 494/715
f 493/713 488/712 498/719
f 318/521 491/526 492/708
f 503/720 486/707 487/709
f 487/709 481/701 502/718
f 497/710 490/704 504/721
f 318/521 492/708 500/722
f 500/722 492/708 496/716
f 488/712 486/707 505/723
f 501/714 495/522 145/243
f 505/723 486/707 503/720
f 490/704 485/711 501/714
f 493/713 498/719 506/724
f 500/722 510/725 318/521
f 484/705 499/717 496/716
f 509/726 497/710 504/721
f 488/712 505/723 511/727
f 499/717 493/713 506/724
f 319/728 501/714 507/729
f 501/714 145/243 507/729
f 500/722 496/716 508/730
f 494/715 497/710 509/726
f 498/719 488/712 511/727
f 145/243 76/248 507/729
f 494/715 509/726 514/731
f 506/724 498/719 511/727
f 503/720 487/709 502/718
f 509/726 504/721 515/732
f 504/721 490/704 518/733
f 319/728 490/704 501/714
f 510/725 500/722 508/730
f 518/733 490/704 319/728
f 505/723 503/720 512/734
f 503/720 502/718 513/735
f 507/729 76/248 516/258
f 502/718 494/715 513/735
f 511/727 505/723 512/734
f 515/732 504/721 518/733
f 508/730 496/716 499/717
f 499/717 506/724 521/736
f 513/735 494/715 514/731
f 509/726 515/732 517/737
f 510/725 508/730 318/521
f 506/724 511/727 519/738
f 521/736 506/724 519/738
f 503/720 513/735 524/739
f 319/728 507/729 526/266
f 526/266 507/729 516/258
f 508/730 499/717 523/740
f 318/521 508/730 520/741
f 514/731 509/726 530/742
f 530/742 509/726 517/737
f 512/734 503/720 524/739
f 511/727 512/734 525/743
f 520/741 508/730 523/740
f 318/521 520/741 529/744
f 523/740 499/717 521/736
f 515/732 518/733 522/745
f 525/743 512/734 524/739
f 518/733 319/728 526/266
f 517/737 515/732 528/746
f 511/727 525/743 519/738
f 524/739 513/735 514/731
f 515/732 522/745 528/746
f 527/747 318/521 529/744
f 524/739 514/731 531/748
f 522/745 518/733 168/272
f 518/733 526/266 168/272
f 318/521 527/747 317/520
f 532/749 529/744 520/741
f 521/736 519/738 536/750
f 531/748 514/731 530/742
f 517/737 528/746 535/751
f 519/738 533/752 536/750
f 519/738 525/743 533/752
f 530/742 517/737 535/751
f 525/743 524/739 533/752
f 520/741 523/740 532/749
f 529/744 532/749 527/747
f 523/740 521/736 539/753
f 539/753 521/736 536/750
f 536/750 533/752 534/754
f 317/520 527/747 232/409
f 531/748 530/742 316/755
f 534/754 533/752 537/756
f 533/752 524/739 537/756
f 524/739 531/748 537/756
f 320/264 318/521 232/409
f 232/409 527/747 532/749
f 537/756 531/748 541/757
f 534/754 537/756 540/758
f 543/759 534/754 540/758
f 536/750 534/754 543/759
f 316/755 530/742 538/760
f 232/409 532/749 542/761
f 523/740 539/753 532/749
f 538/760 530/742 535/751
f 544/762 528/746 522/745
f 537/756 541/757 315/763
f 540/758 537/756 315/763
f 541/757 531/748 316/755
f 543/759 540/758 315/763
f 242/265 320/264 232/409
f 539/753 536/750 545/764
f 544/762 522/745 546/278
f 168/272 546/278 522/745
f 532/749 548/765 547/766
f 539/753 548/765 532/749
f 545/764 536/750 543/759
f 528/746 544/762 535/751
f 543/759 315/763 550/767
f 542/761 532/749 547/766
f 548/765 539/753 545/764
f 538/760 535/751 551/768
f 554/769 541/757 316/755
f 549/770 553/771 542/761
f 543/759 550/767 545/764
f 554/769 316/755 538/760
f 552/772 315/763 554/769
f 549/770 542/761 547/766
f 315/763 541/757 554/769
f 551/768 535/751 544/762
f 550/767 315/763 552/772
f 547/766 548/765 558/773
f 552/772 554/769 556/774
f 556/774 554/769 557/775
f 544/762 546/278 562/285
f 544/762 562/285 312/290
f 538/760 551/768 554/769
f 562/285 546/278 172/279
f 548/765 545/764 558/773
f 545/764 550/767 552/772
f 551/768 544/762 555/776
f 554/769 551/768 557/775
f 552/772 556/774 565/777
f 232/409 553/771 559/778
f 549/770 547/766 560/779
f 547/766 558/773 560/779
f 312/290 555/776 544/762
f 551/768 555/776 566/780
f 557/775 551/768 566/780
f 565/777 556/774 557/775
f 558/773 561/781 560/779
f 545/764 552/772 563/782
f 552/772 565/777 563/782
f 553/771 549/770 559/778
f 559/778 549/770 314/783
f 232/409 559/778 313/408
f 545/764 563/782 558/773
f 559/778 314/783 313/408
f 565/777 557/775 566/780
f 232/409 313/408 233/407
f 46/432 313/408 314/783
f 314/783 549/770 564/784
f 46/432 314/783 564/784
f 549/770 560/779 564/784
f 565/777 566/780 239/785
f 563/782 565/777 239/785
f 560/779 561/781 567/786
f 555/776 312/290 566/780
f 234/406 313/408 46/432
f 564/784 560/779 567/786
f 563/782 309/428 558/773
f 563/782 239/785 309/428
f 558/773 309/428 310/519
f 561/781 558/773 310/519
f 567/786 46/432 564/784
f 567/786 561/781 311/787
f 46/432 567/786 311/787
f 566/780 312/290 239/785
f 309/428 239/785 229/426
f 561/781 310/519 311/787
f 18/788 568/789 312/790
f 311/787 310/519 45/518
f 45/518 46/432 311/787
f 241/791 229/426 239/785
f 216/792 308/517 235/515
f 228/793 240/374 306/794
f 240/374 225/373 306/794
f 568/789 34/442 204/795
f 34/442 568/789 36/796
f 307/509 213/512 305/511
f 225/373 226/372 205/510
f 307/509 305/511 210/507
f 47/797 223/506 42/76
f 223/506 306/794 225/373
f 34/442 203/441 204/795
f 223/506 225/373 208/505
f 237/798 235/515 49/514
f 237/798 49/514 54/799
f 13/39 34/55 25/49
f 8/800 7/7 305/511
f 304/440 34/442 13/801
f 303/21 304/802 13/39
f 210/507 305/511 11/6
f 11/6 305/511 7/7
f 210/507 21/54 209/803
f 210/507 11/6 21/54
f 55/804 40/435 41/77
f 204/795 224/805 568/789
f 312/790 568/789 224/805
f 239/806 312/807 224/808
f 239/806 224/808 241/809
f 55/804 51/436 40/435
f 55/804 41/77 207/504
f 3/10 206/810 304/503
f 246/627 351/589 422/624
f 343/659 435/643 243/673
f 320/264 243/673 252/524
f 320/264 353/545 246/627
f 570/811 588/123 2214/812
f 105/187 582/813 569/814
f 573/815 579/816 572/817
f 582/813 3536/818 577/819
f 577/819 571/820 582/813
f 3543/821 578/822 1983/823
f 578/822 573/815 572/817
f 2598/824 3536/818 579/816
f 580/825 1983/823 578/822
f 578/822 572/817 581/826
f 572/817 579/816 585/827
f 580/825 578/822 581/826
f 581/826 572/817 585/827
f 571/820 57/124 582/813
f 579/816 3536/818 582/813
f 579/816 582/813 584/186
f 580/825 581/826 586/828
f 2598/824 579/816 573/815
f 586/828 581/826 585/827
f 585/827 579/816 584/186
f 586/828 585/827 584/186
f 1991/829 587/830 586/828
f 586/828 584/186 583/178
f 57/124 569/814 582/813
f 1991/829 586/828 583/178
f 1889/177 1991/829 583/178
f 584/186 582/813 105/187
f 2205/114 588/123 570/811
f 574/831 3544/832 2244/833
f 574/831 2211/834 2214/812
f 575/835 574/831 2244/833
f 574/831 575/835 2211/834
f 2214/836 2211/837 2241/838
f 2214/812 576/839 574/831
f 2214/812 588/123 576/839
f 577/819 3544/832 574/831
f 571/820 577/819 574/831
f 576/839 571/820 574/831
f 571/820 588/123 57/124
f 596/840 590/841 591/842
f 592/843 593/844 591/842
f 600/845 598/846 597/847
f 599/848 600/845 597/847
f 596/840 591/842 593/844
f 592/849 594/850 593/851
f 594/850 592/849 595/852
f 599/848 594/850 595/852
f 600/845 599/848 595/852
f 596/840 589/853 590/841
f 589/853 596/840 911/854
f 1262/855 964/856 598/846
f 964/856 597/847 598/846
f 605/857 608/858 607/859
f 590/841 952/860 609/861
f 607/859 608/858 617/862
f 622/863 626/864 623/865
f 623/866 625/867 621/868
f 636/869 770/870 644/871
f 654/872 758/873 661/874
f 654/872 661/874 660/875
f 659/876 657/877 1074/878
f 657/879 659/880 663/881
f 679/882 1013/883 1015/884
f 704/885 672/886 674/887
f 674/888 672/889 675/890
f 884/891 615/892 689/893
f 627/894 630/895 629/896
f 622/863 621/897 617/862
f 680/898 693/899 694/900
f 694/900 693/899 692/901
f 692/901 683/902 697/903
f 683/902 682/904 699/905
f 695/906 680/898 696/907
f 698/908 695/906 700/909
f 695/906 696/907 700/909
f 680/898 678/910 696/907
f 683/902 699/905 697/903
f 694/900 692/901 697/903
f 678/910 680/898 694/900
f 673/911 698/908 700/909
f 696/907 678/910 701/912
f 697/903 699/905 671/913
f 673/911 700/909 702/914
f 706/915 704/885 674/887
f 701/912 708/916 696/907
f 694/900 697/903 678/910
f 697/903 671/913 705/917
f 697/903 705/917 678/910
f 673/918 703/919 1024/920
f 673/911 702/914 703/921
f 676/922 679/923 1015/924
f 703/919 706/915 1024/920
f 704/925 706/926 707/927
f 675/890 709/928 710/929
f 708/916 700/909 696/907
f 701/912 678/910 711/930
f 1013/883 679/882 677/931
f 707/927 706/926 703/921
f 709/928 675/890 672/889
f 678/910 670/932 711/930
f 678/910 705/917 670/932
f 2007/933 712/934 671/913
f 700/909 708/916 702/914
f 708/916 715/935 702/914
f 703/921 702/914 713/936
f 672/889 704/925 667/937
f 705/917 671/913 668/938
f 670/932 705/917 714/939
f 705/917 668/938 714/939
f 708/916 701/912 715/935
f 671/913 712/934 668/938
f 702/914 715/935 713/936
f 704/925 707/927 716/940
f 709/928 672/889 726/941
f 701/912 711/930 717/942
f 715/935 701/912 717/942
f 710/929 709/928 718/943
f 1048/944 710/929 718/943
f 707/927 703/921 716/940
f 726/941 672/889 667/937
f 667/937 704/925 716/940
f 717/942 711/930 719/945
f 711/930 670/932 719/945
f 714/939 668/938 664/946
f 718/943 709/928 720/947
f 667/937 716/940 721/948
f 1048/944 718/943 1064/949
f 716/940 703/921 713/936
f 720/947 709/928 726/941
f 715/935 717/942 723/950
f 719/945 670/932 725/951
f 670/932 714/939 725/951
f 718/943 720/947 728/952
f 713/936 715/935 724/953
f 713/936 729/954 716/940
f 667/937 722/955 726/941
f 667/937 721/948 722/955
f 724/953 715/935 723/950
f 718/943 728/952 1064/949
f 664/946 668/938 661/874
f 712/934 660/875 668/938
f 712/934 665/956 727/957
f 660/875 712/934 727/957
f 723/950 717/942 719/945
f 661/874 668/938 660/875
f 716/940 729/954 721/948
f 725/951 714/939 658/958
f 664/946 661/874 662/959
f 714/939 664/946 658/958
f 729/954 713/936 734/960
f 721/948 729/954 739/961
f 724/953 723/950 732/962
f 664/946 662/959 658/958
f 1064/949 728/952 730/963
f 730/963 728/952 733/964
f 726/941 722/955 735/965
f 723/950 719/945 748/966
f 748/966 719/945 725/951
f 728/952 720/947 738/967
f 713/936 724/953 734/960
f 724/953 732/962 734/960
f 720/947 726/941 741/968
f 741/968 726/941 735/965
f 721/948 739/961 749/969
f 742/970 736/971 737/972
f 723/950 748/966 750/973
f 725/951 658/958 651/974
f 727/957 654/872 660/875
f 721/948 749/969 722/955
f 744/975 1076/976 656/977
f 723/950 750/973 732/962
f 725/951 651/974 748/966
f 727/957 2002/978 1999/979
f 739/961 729/954 734/960
f 720/947 741/968 738/967
f 737/972 745/980 742/970
f 662/959 661/874 642/981
f 728/952 738/967 733/964
f 735/965 722/955 749/969
f 1074/982 657/879 650/983
f 639/984 650/983 657/879
f 656/985 1077/986 647/987
f 727/957 1999/979 654/872
f 658/958 662/959 645/988
f 662/959 642/981 645/988
f 739/961 734/960 752/989
f 749/969 739/961 760/990
f 749/969 648/991 735/965
f 744/975 754/992 1000/993
f 746/994 756/995 755/996
f 757/997 743/998 1073/999
f 757/997 655/1000 743/998
f 734/960 732/962 752/989
f 732/962 750/973 763/1001
f 764/1002 748/966 651/974
f 651/974 658/958 645/988
f 661/874 758/873 642/981
f 654/872 751/1003 758/873
f 654/872 1999/979 751/1003
f 739/961 752/989 760/990
f 741/968 649/1004 738/967
f 744/1005 656/985 753/1006
f 656/985 647/987 753/1006
f 655/1000 757/997 762/449
f 732/962 763/1001 752/989
f 651/974 645/988 764/1002
f 1999/979 765/1007 751/1003
f 648/991 749/969 760/990
f 735/965 767/1008 741/968
f 767/1009 649/1010 741/1011
f 1527/1012 1000/993 754/992
f 744/1005 753/1006 754/1013
f 641/1014 768/1015 647/987
f 742/970 745/980 646/1016
f 748/966 764/1002 750/973
f 750/973 764/1002 770/870
f 642/981 766/1017 645/988
f 649/1004 767/1008 775/1018
f 771/1019 746/994 747/1020
f 747/1020 655/1000 256/453
f 762/449 757/997 253/446
f 766/1017 642/981 758/873
f 735/965 648/991 767/1008
f 639/1021 640/1022 650/1023
f 753/1006 647/987 768/1015
f 745/980 1083/1024 782/1025
f 757/997 769/447 253/446
f 766/1017 758/873 778/1026
f 751/1003 765/1007 773/1027
f 760/990 774/1028 648/991
f 775/1018 767/1008 779/1029
f 767/1008 648/991 786/1030
f 1527/1012 754/992 777/1031
f 756/995 746/994 771/1019
f 771/1019 747/1020 256/453
f 655/1000 762/449 256/453
f 772/451 255/448 769/447
f 752/989 763/1001 784/1032
f 750/973 770/870 763/1001
f 766/1017 636/869 644/871
f 644/871 770/870 764/1002
f 758/873 751/1003 773/1027
f 778/1026 758/873 773/1027
f 637/1033 778/1026 773/1027
f 766/1017 778/1026 636/869
f 779/1029 767/1008 787/1034
f 650/1023 640/1022 788/1035
f 997/1036 1491/1037 776/1038
f 646/1016 745/980 768/1015
f 768/1015 745/980 789/1039
f 1083/1024 755/996 782/1025
f 755/996 756/995 782/1025
f 784/1032 763/1001 785/1040
f 760/990 752/989 784/1032
f 763/1001 770/870 785/1040
f 792/1041 638/1042 924/1043
f 780/1044 779/1029 794/1045
f 767/1008 786/1030 787/1034
f 650/1023 788/1035 761/1046
f 777/1047 754/1013 753/1006
f 789/1039 745/980 782/1025
f 783/1048 756/995 771/1019
f 774/1028 760/990 784/1032
f 773/1027 790/1049 635/1050
f 635/1050 790/1049 792/1041
f 773/1027 634/1051 637/1033
f 774/1028 791/1052 648/991
f 780/1044 794/1045 793/1053
f 779/1029 787/1034 794/1045
f 761/1046 788/1035 1099/1054
f 756/995 783/1048 782/1025
f 784/1032 785/1040 795/1055
f 797/1056 635/1050 792/1041
f 640/1022 633/1057 788/1035
f 784/1032 795/1055 774/1028
f 795/1055 785/1040 800/1058
f 785/1040 770/870 796/1059
f 634/1051 635/1050 797/1056
f 786/1060 648/1061 791/1062
f 774/1063 795/1064 799/1065
f 774/1028 799/1066 791/1052
f 786/1030 798/1067 787/1034
f 802/1068 777/1047 753/1006
f 789/1039 782/1025 803/1069
f 771/1019 256/453 261/460
f 1099/1054 788/1035 633/1057
f 777/1047 802/1068 806/1070
f 753/1006 768/1015 802/1068
f 768/1015 813/1071 802/1068
f 768/1015 789/1039 813/1071
f 807/1072 787/1034 798/1067
f 808/1073 805/1074 809/1075
f 1099/1054 633/1057 810/1076
f 782/1025 783/1048 803/1069
f 783/1048 771/1019 261/460
f 633/1057 812/1077 810/1076
f 803/1069 783/1048 814/1078
f 798/1067 811/1079 807/1072
f 806/1070 802/1068 813/1071
f 811/1080 818/1081 807/1082
f 810/1076 816/1083 1134/1084
f 810/1076 1134/1084 819/1085
f 816/1083 810/1076 812/1077
f 813/1071 789/1039 824/1086
f 806/1070 813/1071 824/1086
f 789/1039 803/1069 824/1086
f 783/1048 261/460 820/465
f 815/1087 1101/1088 822/1089
f 806/1070 824/1086 823/1090
f 803/1069 814/1078 825/1091
f 822/1092 1101/1093 821/1094
f 818/1081 811/1080 1151/1095
f 824/1086 803/1069 825/1091
f 261/460 264/459 820/465
f 814/1078 783/1048 820/465
f 821/1094 826/1096 827/477
f 826/1096 1143/1097 827/477
f 825/1091 814/1078 829/468
f 814/1078 820/465 829/468
f 822/1092 821/1094 827/477
f 273/474 1175/1098 829/468
f 1158/1099 822/1092 830/1100
f 822/1092 827/477 274/476
f 273/474 829/468 269/470
f 822/1092 274/476 830/1100
f 827/477 1168/1101 271/483
f 1175/1098 272/472 1200/1102
f 827/477 271/483 277/478
f 1168/1101 1171/1103 831/1104
f 272/472 1175/1098 273/474
f 271/483 1168/1101 831/1104
f 831/1104 1200/1102 272/472
f 272/472 273/474 276/473
f 271/483 831/1104 275/471
f 272/472 275/471 831/1104
f 284/482 830/1100 274/476
f 840/1105 1240/1106 837/1107
f 835/1108 1215/1109 1234/1110
f 835/1108 1234/1110 834/1111
f 1215/1109 835/1108 833/1112
f 1240/1106 833/1112 837/1107
f 837/1113 833/1114 842/1115
f 830/1100 284/482 843/1116
f 851/1117 839/1118 1239/1119
f 841/1120 834/1111 839/1118
f 833/1114 863/1121 846/1122
f 842/1115 833/1114 846/1122
f 844/1123 836/1124 853/1125
f 836/1126 838/1127 853/1128
f 845/1129 835/1130 841/1131
f 1259/1132 849/1133 850/1134
f 833/1112 835/1108 845/1135
f 840/1136 837/1113 842/1115
f 857/1137 840/1136 842/1115
f 843/1116 284/482 852/490
f 856/1138 853/1125 847/1139
f 845/1129 863/1121 833/1114
f 853/1125 865/1140 844/1123
f 850/1134 849/1133 865/1141
f 874/1142 839/1143 851/1144
f 841/1131 839/1143 874/1142
f 846/1122 863/1121 860/1145
f 2552/1146 861/1147 249/444
f 851/1144 858/552 874/1142
f 864/1148 842/1115 846/1122
f 857/1137 842/1115 864/1148
f 865/1140 853/1125 624/1149
f 624/1149 853/1125 856/1138
f 850/1150 865/1140 862/1151
f 858/552 851/1144 854/1152
f 845/1129 859/1153 863/1121
f 1287/1154 843/1116 852/490
f 850/1134 862/1155 960/1156
f 859/1153 875/1157 863/1121
f 960/1158 862/1151 869/1159
f 622/863 627/894 626/864
f 866/1160 867/1161 1294/1162
f 600/1163 595/1164 871/1165
f 864/1148 846/1122 876/499
f 861/1147 857/1137 864/1148
f 856/1138 870/1166 903/1167
f 874/1142 858/552 888/549
f 846/1122 860/1145 885/1168
f 876/499 846/1122 885/1168
f 861/1147 864/1148 294/498
f 1287/1154 852/490 878/497
f 855/1169 1272/1170 881/1171
f 856/1138 903/1167 624/1149
f 877/1172 872/1173 873/1174
f 888/549 859/1153 874/1142
f 863/1121 875/1157 860/1145
f 879/554 875/1157 859/1153
f 855/1169 881/1171 854/1152
f 881/1171 880/1175 854/1152
f 865/1140 624/1149 619/1176
f 862/1151 865/1140 619/1176
f 871/1165 595/1164 884/1177
f 879/554 859/1153 888/549
f 294/498 864/1148 876/499
f 624/1149 903/1167 916/1178
f 620/1179 610/1180 870/1166
f 870/1166 610/1180 883/1181
f 599/1182 872/1173 594/1183
f 592/843 612/1184 614/1185
f 885/1168 860/1145 298/501
f 615/1186 595/1164 592/843
f 594/1183 872/1173 901/1187
f 858/552 880/1175 361/551
f 860/1145 875/1157 879/554
f 879/554 888/549 297/550
f 878/497 852/490 287/492
f 901/1187 872/1173 877/1172
f 894/1188 1297/1189 890/1190
f 619/1176 624/1149 916/1178
f 593/844 594/1183 901/1187
f 361/551 880/1175 296/557
f 876/499 885/1168 298/501
f 889/1191 1297/1189 892/1192
f 881/1171 900/1193 880/1175
f 609/861 612/1184 591/842
f 891/1194 893/562 890/1190
f 895/1195 883/1181 606/1196
f 877/1172 897/1197 901/1187
f 860/1145 879/554 298/501
f 892/1192 1297/1189 894/1188
f 890/1190 893/562 894/1188
f 886/1198 902/1199 891/1194
f 886/1198 887/1200 902/1199
f 619/1176 916/1178 611/1201
f 891/1194 902/1199 927/563
f 927/563 893/562 891/1194
f 930/1202 887/1200 878/497
f 900/1193 881/1171 899/1203
f 903/1167 883/1181 895/1195
f 906/1204 942/1205 907/1206
f 909/1207 602/1208 603/1209
f 589/853 911/854 934/1210
f 934/1210 912/1211 604/1212
f 603/1209 602/1208 918/1213
f 917/1214 1302/1215 684/1216
f 608/858 605/857 604/1212
f 605/857 607/859 685/1217
f 589/853 601/1218 590/841
f 589/853 685/1217 601/1218
f 916/1178 903/1167 915/1219
f 591/842 590/841 609/861
f 601/1218 952/860 590/841
f 900/1193 296/557 880/1175
f 607/859 617/862 686/1220
f 619/1176 611/1201 618/1221
f 686/1220 617/862 616/1222
f 686/1220 616/1222 687/1223
f 612/1184 592/843 591/842
f 614/1185 615/1186 592/843
f 870/1166 883/1181 903/1167
f 249/444 861/1147 294/498
f 687/1223 616/1222 882/1224
f 616/1222 621/897 882/1224
f 621/897 616/1222 617/862
f 869/1159 862/1151 619/1176
f 854/1152 880/1175 858/552
f 856/1138 847/1139 870/1166
f 847/1139 620/1179 870/1166
f 847/1139 868/1225 620/1179
f 845/1129 841/1131 859/1153
f 859/1153 841/1131 874/1142
f 628/1226 629/896 691/1227
f 847/1139 853/1125 838/1228
f 857/1137 861/1147 2552/1146
f 840/1136 857/1137 2552/1146
f 848/1229 868/1225 847/1139
f 838/1228 848/1229 847/1139
f 834/1111 841/1120 835/1108
f 787/1230 807/1082 804/1231
f 792/1232 924/1233 797/1234
f 634/1051 773/1027 635/1050
f 636/869 637/1033 634/1051
f 779/1029 780/1044 775/1018
f 765/1007 790/1049 773/1027
f 778/1026 637/1033 636/869
f 646/1016 768/1015 641/1014
f 645/988 644/871 764/1002
f 629/896 630/895 691/1227
f 589/853 934/1210 604/1212
f 605/857 589/853 604/1212
f 589/853 605/857 685/1217
f 895/1195 915/1219 903/1167
f 610/1180 606/1196 883/1181
f 766/1017 644/871 645/988
f 889/1191 892/1192 926/576
f 892/1192 894/1188 893/562
f 296/557 900/1193 362/558
f 593/844 901/1187 596/840
f 878/497 295/496 366/555
f 897/1197 877/1172 898/1235
f 902/1199 887/1200 930/1202
f 900/1193 899/1203 914/571
f 916/1178 603/1209 611/1201
f 892/1192 893/562 375/565
f 878/497 366/555 930/1202
f 895/1195 606/1196 915/1219
f 901/1187 897/1197 928/1236
f 603/1209 916/1178 913/1237
f 913/1237 916/1178 915/1219
f 606/1196 912/1211 915/1219
f 596/840 901/1187 928/1236
f 889/1191 926/576 1301/1238
f 926/576 929/597 1301/1238
f 926/576 892/1192 377/577
f 377/577 892/1192 375/565
f 927/563 902/1199 373/570
f 902/1199 930/1202 373/570
f 900/1193 914/571 362/558
f 914/571 899/1203 931/1239
f 899/1203 933/1240 931/1239
f 913/1237 915/1219 912/1211
f 929/597 932/1241 1301/1238
f 928/1236 897/1197 937/1242
f 930/1202 366/555 935/583
f 914/571 931/1239 359/578
f 909/1207 913/1237 938/1243
f 913/1237 912/1211 938/1243
f 937/1242 897/1197 898/1235
f 373/570 930/1202 935/583
f 931/1239 933/1240 936/1244
f 913/1237 909/1207 603/1209
f 596/840 928/1236 908/1245
f 911/854 596/840 908/1245
f 359/578 931/1239 936/1244
f 908/1245 928/1236 937/1242
f 911/854 908/1245 934/1210
f 912/1211 934/1210 910/1246
f 912/1211 910/1246 938/1243
f 932/1241 929/597 939/1247
f 929/597 926/576 381/575
f 937/1242 898/1235 940/1248
f 934/1210 908/1245 910/1246
f 936/1244 933/1240 942/1249
f 359/578 936/1244 388/596
f 908/1245 937/1242 941/1250
f 910/1246 908/1245 941/1250
f 938/1243 910/1246 941/1250
f 940/1251 898/1252 1313/1253
f 247/445 249/444 353/545
f 388/596 936/1244 349/601
f 909/1207 938/1243 905/1254
f 938/1243 941/1250 905/1254
f 1313/1253 939/1255 944/1256
f 939/1247 929/597 400/613
f 400/613 929/597 394/598
f 936/1244 942/1249 349/601
f 943/1257 937/1242 940/1248
f 940/1248 1313/1258 944/1259
f 941/1250 937/1242 943/1257
f 349/601 942/1249 945/1260
f 948/1261 945/1260 942/1249
f 904/1262 941/1250 943/1257
f 944/1259 939/1247 400/613
f 945/1260 948/1261 946/1263
f 904/1262 943/1257 426/638
f 947/642 946/1263 904/1262
f 943/1257 940/1248 944/1259
f 945/1260 946/1263 417/630
f 349/601 945/1260 408/619
f 408/619 945/1260 417/630
f 943/1257 944/1259 427/639
f 947/642 904/1262 426/638
f 417/630 946/1263 947/642
f 944/1259 400/613 427/639
f 417/630 947/642 424/641
f 400/613 418/614 427/639
f 943/1257 427/639 426/638
f 247/445 353/545 320/264
f 318/521 320/264 252/524
f 1312/1264 933/1240 684/1265
f 1026/1266 949/1267 950/1268
f 950/1269 951/1270 1298/1271
f 1026/1266 1298/1272 1027/1273
f 612/1274 609/1275 896/1276
f 613/1277 612/1274 896/1276
f 612/1274 613/1277 614/1278
f 618/1221 869/1159 619/1176
f 615/892 688/1279 689/893
f 614/1278 613/1277 688/1279
f 1296/1280 1294/1162 1298/1281
f 622/863 623/865 621/897
f 600/1282 871/1283 955/1284
f 626/864 627/894 629/896
f 958/1285 959/1286 1263/1287
f 960/1156 1029/1288 850/1134
f 922/1289 965/1290 1255/1291
f 922/1289 1255/1291 1254/1292
f 1034/1293 1222/1294 968/1295
f 971/1296 1305/1297 970/1298
f 1156/1299 979/1300 980/1301
f 979/1302 1032/1303 980/1304
f 984/1305 982/1306 986/1307
f 986/1307 982/1306 989/1308
f 987/1309 988/1310 817/1311
f 997/1036 776/1038 653/1312
f 649/1313 759/1314 738/1315
f 653/1312 776/1038 652/1316
f 652/1316 776/1038 657/1317
f 657/879 740/1318 652/1319
f 1002/1320 1006/1321 1014/1322
f 1013/1323 1002/1324 1015/1325
f 1002/1320 1014/1322 1015/924
f 1008/1326 1016/1327 1046/1328
f 1009/1329 1056/1330 1018/1331
f 1014/1322 1006/1321 1022/1332
f 1015/924 1014/1322 1022/1332
f 710/1333 1048/1334 1038/1335
f 1048/1334 1043/1336 1038/1335
f 1015/924 1022/1332 676/922
f 674/887 675/1337 1038/1335
f 674/887 2518/1338 1041/1339
f 949/1267 919/1340 601/1341
f 950/1269 1298/1271 1026/1342
f 614/1278 688/1279 615/892
f 1028/1343 1295/1344 956/1345
f 957/1346 690/1347 925/1348
f 691/1227 630/895 631/1349
f 966/1350 963/1351 1349/1352
f 1203/1353 968/1295 1030/1354
f 1203/1353 1030/1354 1181/1355
f 977/1356 1220/1357 1169/1358
f 988/1310 983/1359 1136/1360
f 1033/1361 1103/1362 1090/1363
f 1310/1364 1033/1361 1090/1363
f 626/864 629/896 628/1226
f 2023/1365 1036/1366 677/1367
f 1025/1368 1035/1369 1024/920
f 2017/1370 681/1371 677/931
f 681/1371 2023/1372 677/931
f 2520/1373 1025/1368 1024/920
f 2520/1373 1024/920 1041/1339
f 1035/1369 673/918 1024/920
f 1037/1374 1039/1375 1038/1335
f 1037/1374 1038/1335 1040/1376
f 1039/1375 2518/1338 674/887
f 674/887 1038/1335 1039/1375
f 674/887 1041/1339 706/915
f 677/1367 1036/1366 1042/1377
f 1043/1336 1040/1376 1038/1335
f 1036/1366 4186/1378 1042/1377
f 1041/1339 1024/920 706/915
f 1038/1335 675/1337 710/1333
f 3795/1379 1044/1380 1045/1381
f 1044/1380 1050/1382 1045/1381
f 1050/1382 1044/1380 1017/1383
f 4186/1378 1023/1384 1042/1377
f 1044/1380 2575/1385 1017/1383
f 2527/1386 1043/1336 1047/1387
f 1042/1377 1023/1384 1021/1388
f 1046/1328 1016/1327 3760/1389
f 3797/1390 1045/1381 1053/1391
f 677/1367 1042/1377 1051/1392
f 1043/1336 1048/1334 1047/1387
f 1051/1392 1042/1377 1021/1388
f 1049/1393 1020/1394 1023/1384
f 1818/1395 669/1396 1012/1397
f 1017/1383 2575/1385 1054/1398
f 1058/1399 2527/1386 1047/1387
f 1023/1384 1020/1394 1021/1388
f 1046/1328 1818/1395 1012/1397
f 1051/1392 1021/1388 1057/1400
f 1018/1331 1052/1401 1009/1329
f 1052/1401 1011/1402 1009/1329
f 1059/1403 1046/1328 1012/1397
f 1011/1402 1052/1401 1053/1391
f 1050/1382 1017/1383 1067/1404
f 1010/1405 1017/1383 1054/1398
f 1012/1397 669/1396 666/1406
f 1008/1326 1046/1328 1059/1403
f 1045/1381 1050/1382 1061/1407
f 1010/1405 1067/1404 1017/1383
f 1051/1392 1057/1400 1063/1408
f 1058/1399 1047/1387 1060/1409
f 1047/1387 1048/1334 1064/1410
f 1019/1411 663/1412 1055/1413
f 1005/1414 1009/1329 1011/1402
f 1012/1397 666/1406 1059/1403
f 1016/1327 1008/1326 1007/1415
f 1053/1391 1061/1407 1066/1416
f 1050/1382 1062/1417 1065/1418
f 1062/1417 1050/1382 1067/1404
f 1013/1419 677/1367 1051/1392
f 1060/1409 1047/1387 1064/1410
f 1021/1388 1020/1394 731/1420
f 1009/1329 1068/1421 1056/1330
f 1011/1402 1053/1391 1066/1416
f 1053/1391 1045/1381 1061/1407
f 1011/1402 1066/1416 1005/1414
f 1050/1382 1065/1418 1061/1407
f 1055/1422 663/881 659/880
f 1020/1394 1055/1422 659/880
f 1020/1394 659/880 731/1420
f 1009/1329 1005/1414 1068/1421
f 1008/1326 1059/1403 1076/976
f 1007/1415 1008/1326 999/1423
f 1069/1424 1058/1399 1060/1409
f 1021/1388 731/1420 1057/1400
f 1059/1403 666/1406 1076/976
f 1076/976 666/1406 1077/1425
f 1005/1414 1066/1416 1071/1426
f 1060/1409 1064/1410 1072/1427
f 1072/1428 1064/949 730/963
f 1070/1429 1068/1421 737/1430
f 1065/1418 1062/1417 743/1431
f 1062/1417 1067/1404 1073/1432
f 1067/1404 1010/1405 1080/1433
f 1069/1424 1060/1409 1079/1434
f 1079/1434 1060/1409 1072/1427
f 1057/1400 731/1420 1074/982
f 1068/1421 1005/1414 1071/1426
f 1008/1326 1076/976 999/1423
f 1080/1433 1010/1405 2592/1435
f 1006/1321 1002/1320 2022/1436
f 1006/1321 2022/1436 1003/1437
f 1001/1438 1069/1424 1079/1434
f 731/1420 659/880 1074/982
f 1007/1415 999/1423 1078/1439
f 1004/1440 1007/1415 1078/1439
f 1066/1416 1061/1407 1065/1418
f 1062/1417 1073/1432 743/1431
f 998/1441 1001/1438 1079/1434
f 999/1423 1076/976 744/975
f 1051/1392 1063/1408 1086/1442
f 1001/1438 998/1441 2381/1443
f 998/1441 1079/1434 1081/1444
f 1057/1400 1074/982 1082/1445
f 1000/993 999/1423 744/975
f 999/1423 1000/993 1078/1439
f 1071/1426 1066/1416 746/1446
f 1063/1408 1057/1400 1082/1445
f 740/1318 657/879 663/881
f 1076/1447 1077/986 656/985
f 1068/1421 1071/1426 1083/1448
f 1066/1416 1065/1418 746/1446
f 1080/1433 2592/1435 1084/1449
f 1072/1428 730/963 733/964
f 652/1319 740/1318 653/1450
f 737/972 1068/1451 1083/1024
f 746/1446 1065/1418 747/1452
f 1065/1418 743/1431 747/1452
f 1067/1404 1080/1433 1073/1432
f 647/1453 1077/1454 641/1455
f 743/1431 655/1456 747/1452
f 1073/1432 1080/1433 757/1457
f 1081/1458 1079/1459 1085/1460
f 1079/1459 1072/1428 1085/1460
f 745/980 737/972 1083/1024
f 1071/1461 755/996 1083/1024
f 757/997 1080/1462 769/447
f 1088/1463 1072/1428 733/964
f 657/879 776/1464 639/984
f 1071/1426 746/1446 755/1465
f 2381/1443 998/1441 1087/1466
f 1085/1460 1072/1428 1088/1463
f 733/964 738/967 759/1467
f 1082/1445 1074/982 761/1468
f 1074/982 650/983 761/1468
f 1080/1462 1084/1469 769/447
f 1087/1466 998/1441 1081/1444
f 643/1470 1051/1392 1086/1442
f 733/964 759/1467 1088/1463
f 759/1467 649/1004 775/1018
f 996/1471 759/1467 775/1018
f 643/1470 1086/1442 924/1233
f 1091/1472 2381/1443 1087/1466
f 1085/1460 1088/1463 1092/1473
f 1088/1463 759/1467 1090/1363
f 1090/1363 759/1467 996/1471
f 1087/1466 1081/1444 1093/1474
f 775/1018 780/1044 996/1471
f 996/1471 780/1044 781/1475
f 1086/1442 1063/1408 815/1087
f 1063/1408 1082/1445 815/1087
f 1091/1472 1087/1466 1098/1476
f 1098/1476 1087/1466 1093/1474
f 1093/1474 1081/1444 1095/1477
f 1081/1444 1085/1478 1094/1479
f 1088/1480 1090/1481 1092/1482
f 996/1471 1310/1364 1090/1363
f 781/1483 793/1484 1097/1485
f 1086/1442 1089/1486 924/1233
f 1086/1442 815/1087 1089/1486
f 1095/1477 1081/1444 1094/1479
f 1085/1460 1092/1473 1100/1487
f 1090/1363 1096/1488 1092/1473
f 1082/1489 761/1046 1099/1054
f 1094/1490 1085/1491 1100/1492
f 1092/1473 995/1493 1100/1487
f 995/1493 1092/1473 1096/1488
f 1096/1488 1103/1362 995/1493
f 1097/1485 793/1484 1104/1494
f 1101/1088 1082/1445 1099/1495
f 634/1496 801/1497 770/1498
f 815/1087 1082/1445 1101/1088
f 1095/1477 1094/1479 1102/1499
f 793/1484 794/1500 1106/1501
f 787/1230 809/1075 794/1500
f 1101/1088 1099/1495 826/1502
f 2547/1503 1098/1476 1122/1504
f 995/1505 994/1506 1309/1507
f 995/1505 1103/1508 994/1506
f 1435/1509 1097/1485 1107/1510
f 786/1060 791/1062 798/1511
f 794/1500 809/1075 1106/1501
f 1106/1501 809/1075 805/1074
f 770/870 801/1512 796/1059
f 1098/1476 1093/1474 1122/1504
f 1102/1513 1094/1490 1100/1492
f 809/1075 787/1230 808/1073
f 799/1065 795/1064 1108/1514
f 795/1064 800/1515 1109/1516
f 800/1515 785/1517 796/1518
f 1121/1519 1095/1477 1102/1499
f 1102/1513 1100/1492 1105/1520
f 808/1073 787/1230 804/1231
f 796/1518 801/1497 1119/1521
f 801/1497 797/1234 1119/1521
f 1122/1504 1093/1474 1114/1522
f 1121/1519 1102/1499 1115/1523
f 1102/1513 1105/1520 1113/1524
f 1116/1525 1102/1513 1113/1524
f 791/1062 799/1065 811/1080
f 798/1511 791/1062 811/1080
f 1108/1514 795/1064 1109/1516
f 797/1234 924/1233 1112/1526
f 1112/1526 924/1233 1089/1486
f 1119/1521 797/1234 1112/1526
f 1093/1474 1095/1477 1121/1519
f 1117/1527 1309/1507 1123/1528
f 1118/1529 811/1080 799/1065
f 1099/1054 810/1076 819/1085
f 826/1096 1099/1054 819/1085
f 796/1518 1119/1521 1120/1530
f 1114/1522 1093/1474 1121/1519
f 1128/1531 1110/1532 1122/1504
f 807/1082 818/1081 804/1231
f 1127/1533 1126/1534 1108/1514
f 1118/1529 799/1065 1108/1514
f 1109/1516 800/1515 1120/1530
f 800/1515 796/1518 1120/1530
f 804/1231 818/1081 1133/1535
f 808/1073 804/1231 1133/1535
f 1115/1523 1102/1499 1116/1536
f 1138/1537 808/1073 1133/1535
f 1130/1538 808/1073 1138/1537
f 1118/1529 1108/1514 1126/1534
f 1127/1533 1108/1514 1154/1539
f 1154/1539 1108/1514 1109/1516
f 1089/1486 815/1087 1132/1540
f 1101/1093 826/1096 821/1094
f 1128/1531 1122/1504 1114/1522
f 1125/1541 1131/1542 1141/1543
f 1131/1542 1130/1538 1138/1537
f 1109/1516 1120/1530 1154/1539
f 1112/1526 1089/1486 1132/1540
f 984/1305 1125/1541 1141/1543
f 819/1085 1143/1097 826/1096
f 1133/1535 818/1081 1140/1544
f 1131/1542 1138/1537 1152/1545
f 1141/1543 1131/1542 1142/1546
f 819/1085 1134/1084 1143/1097
f 1139/1547 1119/1521 1112/1526
f 815/1548 822/1549 1132/1550
f 983/1359 988/1310 1137/1551
f 982/1306 984/1305 981/1552
f 1152/1545 1142/1546 1131/1542
f 823/1553 824/1554 923/1555
f 1127/1533 1146/1556 1126/1534
f 1118/1529 1146/1556 1147/1557
f 811/1080 1118/1529 1147/1557
f 1154/1539 1120/1530 1144/1558
f 1112/1526 1132/1540 1139/1547
f 1119/1521 1139/1547 1145/1559
f 1148/1560 1128/1531 1114/1522
f 811/1080 1147/1557 1151/1095
f 984/1305 1141/1543 981/1552
f 818/1081 1151/1095 1140/1544
f 1138/1537 1133/1535 1152/1545
f 1143/1097 1134/1084 1153/1561
f 823/1553 923/1555 1498/1562
f 1118/1529 1126/1534 1146/1556
f 1120/1530 1119/1521 1145/1559
f 1120/1530 1145/1559 1144/1558
f 1114/1522 1162/1563 1148/1560
f 1162/1563 1114/1522 1159/1564
f 1114/1522 1121/1519 1159/1564
f 1137/1551 1150/1565 1157/1566
f 1159/1564 1121/1519 1115/1523
f 1149/1567 983/1359 1156/1299
f 1183/1568 981/1552 1141/1543
f 1128/1531 1148/1560 1161/1569
f 1149/1567 1156/1299 980/1301
f 983/1359 1137/1551 1163/1570
f 981/1552 1183/1568 1031/1571
f 1387/1572 981/1552 1031/1571
f 1133/1535 1140/1544 1165/1573
f 824/1086 828/1574 923/1575
f 828/1574 825/1091 1175/1098
f 1146/1556 1127/1533 1166/1576
f 1166/1576 1127/1533 1167/1577
f 1127/1533 1154/1539 1167/1577
f 827/477 1143/1097 1168/1101
f 1156/1299 983/1359 1163/1570
f 1163/1570 1137/1551 1157/1566
f 923/1555 828/1578 1173/1579
f 824/1086 825/1091 828/1574
f 825/1091 829/468 1175/1098
f 1151/1095 1147/1557 1176/1580
f 1132/1540 1158/1581 1177/1582
f 1140/1544 1151/1095 1179/1583
f 1140/1544 1179/1583 1165/1573
f 1128/1531 1161/1569 1160/1584
f 1306/1585 1172/1586 1178/1587
f 1178/1587 1172/1586 1173/1579
f 1173/1579 1172/1586 923/1555
f 828/1578 1175/1588 1174/1589
f 1151/1095 1176/1580 1179/1583
f 1132/1540 822/1089 1158/1581
f 1169/1358 1170/1590 977/1356
f 1162/1563 1159/1564 1207/1591
f 1183/1568 1142/1546 1184/1592
f 1152/1545 1133/1535 1165/1573
f 1142/1546 1152/1545 1184/1592
f 1160/1584 1161/1569 974/1593
f 1171/1594 1153/1595 1185/1596
f 1195/1597 1178/1587 1173/1579
f 1147/1557 1146/1556 1166/1576
f 1115/1523 1116/1536 1180/1598
f 1207/1599 1159/1600 1180/1601
f 1180/1601 1159/1600 1115/1602
f 975/1603 976/1604 1182/1605
f 1173/1579 828/1578 1174/1589
f 1139/1547 1132/1540 1177/1582
f 1161/1569 1148/1560 1188/1606
f 1156/1299 1163/1570 1192/1607
f 1157/1566 1181/1355 1163/1570
f 1152/1545 1165/1573 1187/1608
f 1167/1577 1154/1539 1191/1609
f 1148/1560 1162/1563 1188/1606
f 1189/1610 1156/1299 1192/1607
f 1190/1611 1163/1570 1181/1355
f 1182/1605 1183/1568 973/1612
f 1184/1592 1152/1545 1198/1613
f 1194/1614 1195/1597 1171/1594
f 1144/1558 1145/1559 1217/1615
f 1163/1570 1190/1611 1192/1607
f 973/1616 970/1617 1182/1618
f 1198/1613 1152/1545 1187/1608
f 2565/1619 1193/1620 1201/1621
f 1168/1101 1143/1097 1171/1103
f 1195/1597 1173/1579 1199/1622
f 1173/1579 1174/1589 1199/1622
f 1199/1623 1174/1624 1200/1102
f 1174/1624 1175/1098 1200/1102
f 1176/1580 1147/1557 1166/1576
f 1154/1539 1144/1558 1191/1609
f 1206/1625 1139/1547 1177/1582
f 1188/1606 1162/1563 1202/1626
f 1202/1626 1162/1563 1207/1591
f 973/1612 1183/1568 1184/1592
f 1176/1580 1166/1576 1179/1583
f 1217/1615 1145/1559 1139/1547
f 1189/1610 1192/1607 1208/1627
f 1190/1611 1181/1355 1030/1354
f 1190/1611 1030/1354 1209/1628
f 1184/1592 1198/1613 1210/1629
f 2564/1630 2567/1631 1205/1632
f 1195/1597 1199/1622 1171/1594
f 2552/1633 2565/1619 1212/1634
f 1144/1558 1217/1615 1191/1609
f 1214/1635 1161/1569 1188/1606
f 1202/1626 1207/1591 1243/1636
f 1189/1610 1208/1627 972/1637
f 974/1593 1161/1569 1204/1638
f 1204/1638 1161/1569 1214/1635
f 831/1104 1171/1103 1200/1102
f 1166/1576 1167/1577 1213/1639
f 1177/1582 1158/1581 1218/1640
f 1158/1581 830/1641 1218/1640
f 1208/1627 1192/1607 1190/1611
f 1208/1627 1190/1611 1221/1642
f 1222/1294 1190/1611 1209/1628
f 1209/1643 1030/1644 1222/1645
f 1223/1646 974/1593 1204/1638
f 2567/1631 1211/1647 1229/1648
f 1205/1632 2567/1631 1229/1648
f 1193/1620 1205/1632 1215/1109
f 1201/1621 1193/1620 1215/1109
f 1171/1594 1199/1622 1200/1649
f 1179/1583 1166/1576 1213/1639
f 1224/1650 1188/1606 1202/1626
f 1207/1599 1180/1601 1219/1651
f 966/1652 972/1637 1208/1627
f 1208/1627 1221/1642 1225/1653
f 1198/1613 1187/1608 1226/1654
f 1187/1608 1165/1573 1230/1655
f 1187/1608 1230/1655 1226/1654
f 1167/1577 1191/1609 1216/1656
f 966/1652 1208/1627 1225/1653
f 1190/1611 1222/1294 1221/1642
f 970/1617 969/1657 965/1658
f 973/1612 1184/1592 1228/1659
f 969/1660 973/1612 1228/1659
f 1210/1629 1198/1613 1226/1654
f 1201/1621 1215/1109 1240/1106
f 1213/1639 1167/1577 1231/1661
f 1167/1577 1241/1662 1231/1661
f 1167/1577 1216/1656 1241/1662
f 1224/1650 1214/1635 1188/1606
f 1207/1599 1219/1651 1236/1663
f 1221/1642 1222/1294 1232/1664
f 967/1665 970/1298 965/1290
f 1228/1659 1184/1592 1210/1629
f 1223/1646 1204/1638 1233/1666
f 1205/1632 1229/1648 1234/1110
f 1212/1634 1201/1621 1240/1106
f 1165/1573 1179/1583 1230/1655
f 1202/1626 1243/1636 1235/1667
f 1243/1668 1207/1599 1236/1663
f 1236/1669 1219/1670 1247/1671
f 1238/1672 1221/1642 1232/1664
f 969/1660 1228/1659 964/1673
f 1204/1638 1214/1635 1239/1119
f 1211/1647 1234/1110 1229/1648
f 1205/1632 1234/1110 1215/1109
f 2552/1633 1212/1634 1240/1106
f 1217/1615 1139/1547 1216/1656
f 1206/1625 1177/1582 1265/1674
f 1227/1675 1460/1676 1242/1677
f 966/1652 1225/1653 1245/1678
f 1232/1664 1222/1294 1034/1293
f 1223/1646 1233/1666 834/1111
f 1179/1583 1213/1639 1230/1655
f 1191/1609 1217/1615 1216/1656
f 1228/1659 1210/1629 1249/1679
f 1211/1647 1223/1646 834/1111
f 1234/1110 1211/1647 834/1111
f 1240/1106 1215/1109 833/1112
f 1230/1655 1213/1639 1250/1680
f 1210/1629 1226/1654 1249/1679
f 1216/1656 1139/1547 1258/1681
f 1139/1547 1206/1625 1258/1681
f 1239/1119 1214/1635 1257/1682
f 1257/1682 1214/1635 1224/1650
f 1227/1675 1242/1677 1246/1683
f 1244/1684 1236/1669 1247/1671
f 963/1685 1245/1678 1260/1686
f 1225/1653 1221/1642 1238/1672
f 2552/1633 1240/1106 840/1105
f 1250/1680 1213/1639 1231/1661
f 1251/1687 1241/1662 1216/1656
f 1266/1688 1202/1626 1235/1667
f 1259/1132 1252/1689 1246/1683
f 1225/1653 1238/1672 1261/1690
f 1255/1291 965/1290 1262/1691
f 964/1673 1228/1659 1256/1692
f 1228/1659 1249/1679 1256/1692
f 1261/1690 1238/1672 1263/1287
f 1230/1655 1250/1680 1226/1654
f 1177/1582 1218/1640 1265/1674
f 1218/1693 830/1100 843/1116
f 1224/1650 1202/1626 1266/1688
f 1233/1666 1239/1119 834/1111
f 1231/1661 1241/1662 1271/1694
f 1258/1681 1206/1625 1265/1674
f 1244/1684 1029/1288 1235/1667
f 1246/1683 1242/1677 1259/1132
f 1242/1677 1253/1695 920/1696
f 632/1697 838/1127 836/1126
f 632/1697 921/1698 838/1127
f 1245/1678 1268/1699 1260/1686
f 962/1700 1260/1686 1268/1699
f 1245/1678 1261/1690 1268/1699
f 834/1111 1239/1119 839/1118
f 1271/1694 1241/1662 1251/1687
f 1469/1701 691/1702 631/1703
f 1268/1699 1261/1690 1270/1704
f 1216/1656 1269/1705 1251/1687
f 1269/1705 1216/1656 1258/1681
f 1265/1706 1218/1693 1287/1154
f 1218/1693 843/1116 1287/1154
f 1239/1707 1257/1708 851/1144
f 1257/1682 1224/1650 1272/1709
f 1224/1650 1266/1688 1272/1709
f 1259/1132 1242/1677 849/1133
f 1242/1677 920/1696 849/1133
f 1268/1699 1282/1710 962/1700
f 1264/1711 1262/1691 598/1712
f 1398/1713 1264/1711 598/1712
f 597/1714 964/1673 1256/1692
f 1261/1690 1263/1287 1275/1715
f 1226/1654 1250/1680 1276/1716
f 1250/1680 1231/1661 1279/1717
f 1249/1679 1226/1654 1276/1716
f 851/1144 1257/1708 854/1152
f 1235/1667 1029/1288 1277/1718
f 920/1696 844/1719 849/1133
f 1285/1720 1270/1721 1275/1722
f 1256/1692 1249/1679 1278/1723
f 1278/1723 1249/1679 1280/1724
f 1266/1688 1235/1667 1273/1725
f 1029/1288 960/1156 1277/1718
f 849/1133 844/1719 865/1141
f 1276/1716 1250/1680 1279/1717
f 1281/1726 1271/1694 1251/1687
f 854/1152 1257/1708 855/1169
f 1235/1727 1277/1728 1273/1729
f 1275/1715 1263/1287 959/1286
f 597/1714 1256/1692 1278/1723
f 1249/1679 1276/1716 1280/1724
f 1283/1730 1271/1694 1281/1726
f 1274/1731 1270/1732 1285/1733
f 1279/1717 1231/1661 1288/1734
f 1231/1661 1271/1694 1288/1734
f 1258/1681 1265/1674 1286/1735
f 1269/1705 1258/1681 1286/1735
f 1289/1736 1265/1674 1287/1737
f 1257/1708 1272/1170 855/1169
f 1274/1731 1285/1733 866/1160
f 1285/1738 1275/1715 867/1739
f 690/1740 957/1741 955/1284
f 1275/1715 959/1286 867/1739
f 1281/1726 1251/1687 1284/1742
f 1251/1687 1269/1705 1284/1742
f 1286/1735 1265/1674 1289/1736
f 1273/1729 1277/1728 869/1743
f 597/1714 1278/1723 599/1744
f 867/1161 959/1745 956/1746
f 1288/1734 1271/1694 1290/1747
f 1269/1705 1286/1735 1284/1742
f 1272/1709 1266/1688 1273/1725
f 960/1158 869/1159 1277/1748
f 626/864 625/1749 623/865
f 866/1160 1285/1733 867/1161
f 1278/1723 873/1750 872/1751
f 1295/1752 867/1161 956/1746
f 1291/1753 1276/1716 1279/1717
f 1280/1724 1276/1716 1291/1753
f 1272/1709 1273/1725 1292/1754
f 1278/1723 1280/1724 873/1750
f 1294/1162 867/1161 1295/1752
f 873/1750 1280/1724 1291/1753
f 1284/1742 1286/1735 890/1755
f 1283/1730 1281/1726 1293/1756
f 1289/1757 1287/1154 886/1198
f 1293/1756 1281/1726 1297/1758
f 1281/1726 1284/1742 1297/1758
f 1297/1758 1284/1742 890/1755
f 890/1190 1286/1759 1289/1757
f 1287/1154 887/1200 886/1198
f 866/1160 1294/1162 954/1760
f 1294/1162 1295/1752 953/1761
f 1295/1344 1401/1762 953/1763
f 1272/1170 1292/1764 881/1171
f 1291/1753 1279/1717 1290/1747
f 1279/1717 1288/1734 1290/1747
f 891/1194 1289/1757 886/1198
f 1287/1154 878/497 887/1200
f 1273/1729 869/1743 618/1765
f 1298/1281 1294/1162 1027/1766
f 873/1750 1291/1753 1299/1767
f 1283/1730 1293/1756 889/1768
f 889/1191 1293/1769 1297/1189
f 890/1190 1289/1757 891/1194
f 877/1770 873/1750 1299/1767
f 1303/1771 1290/1747 1283/1730
f 881/1171 1292/1764 899/1203
f 1303/1771 1283/1730 1301/1772
f 952/1773 896/1276 609/1275
f 898/1235 877/1172 1299/1774
f 1291/1753 1290/1747 1303/1771
f 1299/1767 1291/1753 1303/1771
f 1301/1772 1283/1730 889/1768
f 1292/1775 1273/1729 1302/1215
f 899/1203 1292/1764 1302/1776
f 948/1777 906/1204 907/1206
f 1312/1778 684/1216 1302/1215
f 918/1213 611/1201 603/1209
f 685/1779 949/1267 601/1341
f 950/1268 949/1267 685/1779
f 951/1780 950/1268 685/1779
f 951/1270 685/1781 1316/1782
f 618/1765 1302/1215 1273/1729
f 884/1177 595/1164 615/1186
f 1027/1766 1294/1162 953/1761
f 954/1760 1294/1162 1296/1280
f 599/1182 1278/1783 872/1173
f 866/1160 954/1760 1274/1731
f 871/1283 1400/1784 955/1284
f 1271/1694 1283/1730 1290/1747
f 598/1785 600/1786 957/1346
f 957/1346 925/1348 598/1785
f 954/1760 1282/1787 1274/1731
f 1282/1788 954/1789 1304/1790
f 1270/1721 1261/1791 1275/1722
f 1274/1792 1282/1710 1268/1699
f 850/1134 1029/1288 1259/1132
f 1398/1713 598/1712 925/1793
f 1270/1704 1274/1792 1268/1699
f 838/1127 921/1698 848/1794
f 836/1126 844/1719 920/1696
f 1255/1291 1262/1691 1264/1711
f 1029/1288 1252/1689 1259/1132
f 1255/1291 1264/1711 1254/1292
f 1261/1690 1245/1678 1225/1653
f 962/1700 963/1685 1260/1686
f 1248/1795 1469/1701 631/1703
f 1243/1636 1244/1684 1235/1667
f 1236/1669 1244/1684 1243/1636
f 965/1658 964/856 1262/855
f 1397/1796 1238/1672 1232/1664
f 1252/1689 1244/1684 1219/1670
f 964/856 965/1658 969/1657
f 966/1652 1245/1678 963/1685
f 1239/1119 1233/1666 1204/1638
f 1244/1684 1247/1671 1219/1670
f 1227/1675 1252/1689 1219/1670
f 1223/1646 1211/1647 832/1797
f 1220/1357 1227/1675 1219/1670
f 971/1296 970/1298 967/1665
f 1222/1294 1030/1354 968/1295
f 970/1617 973/1616 969/1657
f 1212/1634 2565/1619 1201/1621
f 1189/1798 972/1799 1196/1800
f 1305/1297 975/1603 970/1298
f 975/1603 1182/1605 970/1298
f 1156/1299 1189/1610 979/1300
f 1189/1798 978/1801 979/1302
f 1183/1568 1182/1605 1031/1571
f 1394/1802 1186/1803 1157/1566
f 1186/1803 1181/1355 1157/1566
f 1182/1605 976/1604 1031/1571
f 1172/1586 1306/1585 923/1555
f 1143/1804 1153/1595 1171/1594
f 1157/1566 1150/1565 1164/1805
f 1308/1806 1129/1807 1170/1590
f 1150/1565 1137/1551 988/1310
f 985/1808 983/1359 1481/1809
f 984/1305 986/1307 1125/1541
f 987/1309 1150/1565 988/1310
f 1136/1360 983/1359 985/1808
f 1131/1542 1125/1541 1130/1538
f 1123/1528 1129/1807 1308/1806
f 1125/1541 986/1307 991/1810
f 1391/1811 1307/1812 1124/1813
f 1308/1806 1117/1527 1123/1528
f 1130/1538 1125/1541 991/1810
f 808/1073 991/1810 805/1074
f 992/1814 805/1074 991/1810
f 991/1810 808/1073 1130/1538
f 1106/1501 805/1074 1111/1815
f 1104/1494 1106/1501 1111/1815
f 1100/1487 995/1493 1309/1816
f 1097/1485 1104/1494 1107/1510
f 634/1496 797/1234 801/1497
f 1104/1494 793/1484 1106/1501
f 636/869 634/1051 770/870
f 1103/1362 1096/1488 1090/1363
f 780/1817 793/1484 781/1483
f 996/1818 781/1483 1310/1819
f 643/1820 924/1043 638/1042
f 952/1821 601/1341 919/1340
f 607/1822 1316/1782 685/1781
f 884/891 1400/1784 871/1283
f 621/897 625/1749 882/1224
f 625/1749 626/864 628/1226
f 957/1346 600/1786 955/1823
f 690/1824 961/1825 925/1793
f 925/1793 961/1825 1398/1713
f 1029/1288 1244/1684 1252/1689
f 967/1665 965/1290 922/1289
f 972/1799 966/1350 1237/1826
f 1183/1568 1141/1543 1142/1546
f 983/1359 1149/1567 1481/1809
f 1124/1813 990/1827 1391/1811
f 898/1252 1299/1767 1311/1828
f 917/1829 899/1830 1302/1831
f 918/1213 618/1221 611/1201
f 1299/1767 1303/1771 1311/1828
f 1302/1215 618/1765 918/1832
f 1302/1215 918/1832 1312/1778
f 918/1832 602/1833 1312/1778
f 932/1834 1303/1771 1301/1772
f 933/1240 899/1203 917/1835
f 917/1835 684/1265 933/1240
f 1311/1828 1303/1771 1313/1253
f 1303/1771 932/1834 1313/1253
f 898/1252 1311/1828 1313/1253
f 1313/1253 932/1834 939/1255
f 933/1240 1312/1264 942/1249
f 909/1836 1312/1778 602/1833
f 909/1836 907/1206 1312/1778
f 942/1205 1312/1778 907/1206
f 907/1206 909/1836 905/1837
f 905/1254 941/1250 904/1262
f 948/1777 907/1206 905/1837
f 906/1838 948/1261 942/1249
f 948/1261 905/1254 946/1263
f 905/1254 904/1262 946/1263
f 698/1839 2517/1840 2513/1841
f 2513/1841 695/1842 698/1839
f 1035/1369 698/1839 673/918
f 610/1180 608/858 606/1196
f 627/894 622/863 868/1225
f 848/1229 631/1349 630/895
f 868/1843 848/1844 630/1845
f 620/1179 868/1225 622/863
f 620/1179 622/863 617/862
f 620/1179 617/862 610/1180
f 604/1212 606/1196 608/858
f 608/858 610/1180 617/862
f 627/894 868/1225 630/895
f 848/1794 921/1698 631/1703
f 631/1703 921/1698 1248/1795
f 606/1196 604/1212 912/1211
f 921/1698 1315/1846 1248/1795
f 1314/1847 1248/1795 1315/1846
f 1317/1848 1320/1849 1318/1850
f 1320/1849 1321/1851 1318/1850
f 1322/1852 1318/1850 1324/1853
f 1327/1854 1325/1855 1326/1856
f 1317/1848 1318/1850 1327/1854
f 1326/1856 1328/1857 1327/1854
f 1327/1854 1328/1857 1237/1826
f 1317/1848 1327/1854 1329/1858
f 1318/1850 1325/1855 1327/1854
f 1320/1849 1317/1848 1330/1859
f 1318/1850 1322/1852 1325/1855
f 1323/1860 1324/1853 1321/1851
f 1300/1861 687/1862 1333/1863
f 1300/1861 686/1864 687/1862
f 1349/1352 963/1351 1350/1865
f 1338/1866 1339/1867 1340/1868
f 1338/1866 1340/1868 1329/1858
f 1324/1853 1341/1869 1342/1870
f 1345/1871 978/1801 1189/1798
f 1347/1872 1322/1852 1342/1870
f 1324/1853 1342/1870 1322/1852
f 1326/1856 1345/1871 1196/1800
f 1329/1858 1327/1854 1338/1866
f 1338/1866 1327/1854 1348/1873
f 1348/1873 1327/1854 1237/1826
f 1338/1866 1348/1873 1337/1874
f 1237/1826 1349/1352 1348/1873
f 1337/1874 1348/1873 1349/1352
f 1336/1875 1349/1352 1350/1865
f 1351/1876 1335/1877 1336/1875
f 1336/1875 1350/1865 1353/1878
f 1350/1865 963/1351 962/1879
f 1351/1876 1336/1875 1352/1880
f 1336/1875 1353/1878 1352/1880
f 1351/1876 1352/1880 1267/1881
f 1352/1880 1334/1882 1267/1881
f 1352/1880 1353/1878 1355/1883
f 1355/1883 1353/1878 1304/1790
f 1352/1880 1355/1883 1354/1884
f 882/1885 1354/1884 1333/1863
f 1354/1884 1355/1883 1333/1863
f 1355/1883 1296/1886 1333/1863
f 1355/1883 954/1789 1296/1886
f 1300/1861 1333/1863 1296/1886
f 1300/1861 1296/1886 1298/1271
f 1332/1887 1300/1861 1298/1271
f 1332/1887 1298/1271 951/1270
f 1316/1782 1332/1887 951/1270
f 1316/1782 686/1864 1332/1887
f 686/1864 1300/1861 1332/1887
f 882/1885 1333/1863 687/1862
f 1354/1884 882/1885 625/1888
f 1354/1884 625/1888 628/1889
f 1355/1883 1304/1790 954/1789
f 1334/1882 1352/1880 1354/1884
f 1334/1882 1354/1884 628/1889
f 1282/1788 1304/1790 1353/1878
f 1282/1788 1353/1878 962/1879
f 1353/1878 1350/1865 962/1879
f 1337/1874 1349/1352 1336/1875
f 1337/1874 1336/1875 1335/1877
f 966/1350 1349/1352 1237/1826
f 1337/1874 1339/1867 1338/1866
f 1196/1890 972/1891 1237/1892
f 1328/1857 1196/1800 1237/1826
f 1328/1857 1326/1856 1196/1800
f 1196/1800 1345/1871 1189/1798
f 1324/1853 1323/1860 1341/1869
f 1342/1870 1341/1869 1343/1893
f 1331/1894 1347/1872 1419/1895
f 1316/1782 607/1822 686/1864
f 1623/1896 1888/1897 1357/1898
f 1868/1899 1358/1900 1356/1901
f 1622/1902 1619/1903 1359/1904
f 1627/1905 1624/1906 1622/1902
f 1359/1904 1619/1903 1623/1907
f 1627/1905 1622/1902 1359/1904
f 1357/1908 1356/1909 1361/1910
f 1356/1901 1358/1900 1360/1911
f 1356/1901 1360/1911 1361/1912
f 1623/1907 1357/1908 1361/1910
f 1359/1904 1623/1907 1365/1913
f 1627/1905 1359/1904 1362/1914
f 1365/1913 1623/1907 1361/1910
f 1359/1904 1365/1913 1362/1914
f 1361/1912 1360/1911 1366/1915
f 1365/1913 1361/1910 1363/1916
f 1360/1911 1364/1917 1366/1915
f 1361/1910 1366/1918 1363/1916
f 1630/1919 1627/1905 1362/1914
f 1367/1920 1363/1916 1366/1918
f 1630/1919 1362/1914 1369/1921
f 1362/1914 1365/1913 1363/1916
f 1362/1914 1363/1916 1369/1921
f 1363/1916 1367/1920 1368/1922
f 1367/1923 1366/1924 1364/1925
f 1632/1926 1630/1919 1370/1927
f 1370/1927 1630/1919 1369/1921
f 1369/1921 1363/1916 1368/1922
f 1364/1925 1378/1928 1367/1923
f 1368/1922 1367/1920 1374/1929
f 1367/1923 1371/1930 1372/1931
f 1889/177 1372/1931 1371/1930
f 1368/1922 1373/1932 1369/1921
f 1370/1927 1369/1921 1373/1932
f 1374/1929 1367/1920 1372/1933
f 94/174 1632/1926 1370/1927
f 1373/1932 1368/1922 1374/1929
f 1372/1931 1889/177 97/181
f 1374/1929 1372/1933 97/193
f 1373/1932 1374/1929 1375/210
f 1375/210 94/174 1370/1927
f 1370/1927 1373/1932 1375/210
f 1375/210 1374/1929 1376/225
f 1374/1929 132/192 1376/225
f 1374/1929 97/193 132/192
f 1375/210 1376/225 1377/222
f 1360/1934 1975/1935 1364/1936
f 1975/1937 1985/1938 1364/1939
f 1364/1925 1986/1940 1378/1928
f 1378/1928 1986/1940 1996/1941
f 1378/1928 1371/1930 1367/1923
f 1378/1928 1996/1941 1371/1930
f 2242/1942 2552/1633 249/1943
f 2243/1944 3545/1945 2242/1942
f 3545/1945 2384/1946 2242/1942
f 2552/1633 2242/1942 2384/1946
f 1380/1947 1379/1948 1385/1949
f 1379/1948 1380/1947 1254/1950
f 922/1951 1254/1950 1380/1947
f 1403/1952 1404/1953 1401/1954
f 1402/1955 1028/1956 956/1957
f 1383/1958 1034/1293 968/1295
f 986/1307 989/1308 1390/1959
f 992/1960 991/1961 990/1827
f 1389/1962 989/1963 1388/1964
f 1388/1965 989/1308 982/1306
f 1392/1966 1389/1962 1393/1967
f 1393/1967 1389/1962 1388/1964
f 1392/1966 1393/1967 1164/1968
f 1164/1968 1393/1967 1394/1969
f 1394/1969 1393/1967 1186/1970
f 1186/1970 1393/1967 1395/1971
f 1395/1971 1197/1972 1203/1973
f 1395/1971 1203/1973 1186/1970
f 1203/1973 1386/1974 1383/1975
f 1386/1974 1385/1949 1383/1975
f 1384/1976 1382/1977 1385/1949
f 1385/1949 1379/1948 1383/1975
f 1385/1949 1382/1977 1380/1947
f 1034/1978 1383/1975 1379/1948
f 1034/1978 1379/1948 1397/1979
f 1379/1948 1396/1980 1397/1979
f 1397/1979 1396/1980 1238/1981
f 1254/1950 1398/1982 1396/1980
f 1379/1948 1254/1950 1396/1980
f 1398/1982 961/1983 1396/1980
f 1381/1984 1396/1980 1399/1985
f 961/1983 690/1986 1396/1980
f 1396/1980 690/1986 1399/1985
f 1381/1984 1399/1985 958/1987
f 958/1987 1399/1985 1400/1988
f 1399/1985 690/1986 1400/1988
f 956/1957 958/1987 1400/1988
f 1400/1988 689/1989 956/1957
f 688/1990 956/1957 689/1989
f 956/1957 688/1990 613/1991
f 1402/1955 956/1957 613/1991
f 896/1992 1402/1955 613/1991
f 1403/1952 1402/1955 896/1992
f 1403/1952 896/1992 1404/1953
f 1404/1953 896/1992 1406/1993
f 896/1992 952/1994 1406/1993
f 1406/1993 952/1994 919/1995
f 1405/1996 1404/1953 1406/1993
f 1401/1954 1028/1956 1402/1955
f 1238/1672 1381/1997 1263/1287
f 1381/1984 1238/1981 1396/1980
f 1384/1976 1386/1974 1197/1972
f 1386/1974 1384/1976 1385/1949
f 1197/1972 1386/1974 1203/1973
f 1197/1972 1395/1971 976/1998
f 976/1998 1395/1971 1393/1967
f 1387/1999 1393/1967 1388/1964
f 1389/1962 1391/2000 989/1963
f 1391/2000 1390/2001 989/1963
f 1390/2001 1391/2000 990/2002
f 1400/1784 690/1740 955/1284
f 1387/1572 976/1604 1393/2003
f 1392/2004 1150/1565 1389/2005
f 991/1810 986/1307 1390/1959
f 990/2002 991/2006 1390/2001
f 1401/1954 1402/1955 1403/1952
f 1397/1796 1232/1664 1034/1293
f 1410/2007 1344/2008 1409/2009
f 1430/2010 1410/2007 1411/2011
f 1317/1848 1412/2012 1413/2013
f 1426/2014 1420/2015 1424/2016
f 1424/2016 1420/2015 1423/2017
f 1422/2018 1426/2014 1444/2019
f 1329/1858 1340/1868 1344/2020
f 1463/2021 1464/2022 1411/2011
f 1317/1848 1413/2013 1330/1859
f 1411/2011 1455/2023 1430/2010
f 1346/2024 1415/2025 1323/2026
f 1323/2027 1415/2028 1341/2029
f 992/1960 993/2030 805/2031
f 1310/1819 781/1483 1431/2032
f 1310/1819 1431/2032 1432/2033
f 1431/2032 781/1483 1097/1485
f 994/1506 1103/1508 1033/2034
f 1432/2033 1033/2034 1310/1819
f 1432/2033 1431/2032 1434/2035
f 1435/1509 1431/2032 1097/1485
f 1436/2036 1433/2037 1437/2038
f 994/1506 1033/2034 1432/2033
f 1436/2036 1104/1494 1433/2037
f 1433/2037 1111/1815 1438/2039
f 994/1506 1432/2033 1439/2040
f 1432/2033 1434/2035 1439/2040
f 1440/2041 1434/2035 1435/1509
f 1435/1509 1107/1510 1429/2042
f 1437/2038 1438/2039 1428/2043
f 1437/2038 1433/2037 1438/2039
f 805/1074 993/2044 1111/1815
f 1440/2041 1441/2045 1434/2035
f 1440/2041 1435/1509 1429/2042
f 1429/2042 1436/2036 1437/2038
f 1123/1528 994/1506 1439/2040
f 1123/1528 1439/2040 1442/2046
f 1442/2046 1439/2040 1449/2047
f 1449/2047 1439/2040 1441/2045
f 1441/2045 1440/2041 1443/2048
f 1429/2042 1444/2019 1424/2016
f 1425/2049 1444/2019 1437/2038
f 1425/2049 1437/2038 1428/2043
f 1446/2050 1123/1528 1442/2046
f 1443/2048 1445/2051 1449/2047
f 1443/2048 1427/2052 1447/2053
f 1445/2051 1443/2048 1447/2053
f 1135/2054 1123/1528 1446/2050
f 1421/2055 1419/2056 1422/2018
f 1448/2057 1445/2051 1447/2053
f 1420/2015 1426/2014 1450/2058
f 1446/2050 1442/2046 1449/2047
f 1450/2058 1419/2056 1347/2059
f 1135/2054 1446/2050 1451/2060
f 1420/2015 1343/2061 1415/2028
f 1129/1807 1451/2060 1170/1590
f 1446/2050 1453/2062 1451/2060
f 1452/2063 1448/2057 1454/2064
f 1454/2064 1448/2057 1455/2023
f 1170/1590 1451/2060 977/1356
f 1453/2062 1446/2050 1418/2065
f 1455/2023 1416/2066 1430/2010
f 1455/2023 1411/2011 1454/2064
f 1414/2067 1416/2066 1456/2068
f 1418/2065 1459/2069 1453/2062
f 1457/2070 1454/2064 1458/2071
f 1451/2060 1453/2062 1460/1676
f 1451/2060 1460/1676 977/1356
f 1458/2071 1454/2064 1411/2011
f 1458/2071 1411/2011 1464/2022
f 977/1356 1460/1676 1227/1675
f 1220/1357 977/1356 1227/1675
f 1459/2069 1457/2070 1408/2072
f 1466/2073 1458/2071 1464/2022
f 1457/2070 1458/2071 1466/2073
f 1412/2012 1329/1858 1344/2020
f 1453/2062 1459/2069 1461/2074
f 1457/2070 1466/2073 1462/2075
f 1408/2072 1457/2070 1462/2075
f 1461/2074 1459/2069 1408/2072
f 1409/2009 1344/2008 1340/2076
f 1460/1676 1453/2062 1461/2074
f 1409/2009 1340/2076 1468/2077
f 1462/2075 1467/2078 1253/1695
f 1462/2075 1253/1695 1408/2072
f 1462/2075 1466/2073 1467/2078
f 1460/1676 1461/2074 1253/1695
f 1242/1677 1460/1676 1253/1695
f 1407/2079 1335/2080 1469/1701
f 1253/1695 836/1126 920/1696
f 1467/2078 632/1697 836/1126
f 1469/1701 1335/2080 1351/2081
f 1469/1701 1267/2082 691/1702
f 691/1227 1267/2083 1334/2084
f 1351/2081 1267/2082 1469/1701
f 1469/1701 1248/1795 1314/1847
f 1469/1701 1314/1847 1407/2079
f 836/1126 1253/1695 1467/2078
f 1227/1675 1246/1683 1252/1689
f 1314/1847 1465/2085 1468/2077
f 1315/1846 921/1698 632/1697
f 1407/2086 1337/1874 1335/1877
f 1337/1874 1407/2086 1339/1867
f 1467/2078 1466/2073 632/1697
f 1408/2072 1253/1695 1461/2074
f 1466/2073 1315/1846 632/1697
f 1339/1867 1407/2086 1468/2087
f 1315/1846 1464/2022 1465/2085
f 1315/1846 1465/2085 1314/1847
f 1468/2077 1465/2085 1409/2009
f 1463/2021 1409/2009 1465/2085
f 1340/2076 1339/2088 1468/2077
f 1465/2085 1464/2022 1463/2021
f 1409/2009 1463/2021 1410/2007
f 1344/2008 1410/2007 1430/2010
f 1317/1848 1329/1858 1412/2012
f 1412/2089 1344/2008 1430/2010
f 1430/2010 1413/2090 1412/2089
f 1414/2067 1413/2090 1430/2010
f 1454/2064 1457/2070 1452/2063
f 1414/2067 1330/2091 1413/2090
f 1414/2067 1456/2068 1330/2091
f 1414/2067 1430/2010 1416/2066
f 1452/2063 1457/2070 1418/2065
f 1457/2070 1459/2069 1418/2065
f 1330/1859 1456/2092 1320/1849
f 1415/2028 1456/2068 1416/2066
f 1456/2092 1346/2093 1320/1849
f 1456/2068 1415/2028 1346/2094
f 1417/2095 1415/2028 1416/2066
f 1417/2095 1416/2066 1455/2023
f 1455/2023 1448/2057 1447/2053
f 1448/2057 1452/2063 1449/2047
f 1452/2063 1418/2065 1449/2047
f 1415/2028 1343/2061 1341/2029
f 1420/2015 1415/2028 1417/2095
f 1447/2053 1423/2017 1455/2023
f 1449/2047 1445/2051 1448/2057
f 1450/2096 1347/1872 1342/1870
f 1343/1893 1450/2096 1342/1870
f 1129/1807 1135/2054 1451/2060
f 1450/2058 1426/2014 1422/2018
f 1419/2056 1450/2058 1422/2018
f 1420/2015 1417/2095 1423/2017
f 1427/2052 1423/2017 1447/2053
f 1422/2018 1425/2049 1421/2055
f 1425/2049 1422/2018 1444/2019
f 1427/2052 1424/2016 1423/2017
f 1129/1807 1123/1528 1135/2054
f 1443/2048 1440/2041 1427/2052
f 1443/2048 1449/2047 1441/2045
f 1429/2042 1424/2016 1427/2052
f 1440/2041 1429/2042 1427/2052
f 1476/2097 1428/2098 1438/2099
f 1434/2035 1441/2045 1439/2040
f 994/1506 1123/1528 1309/1507
f 993/2044 1438/2039 1111/1815
f 1436/2036 1429/2042 1107/1510
f 1104/1494 1111/1815 1433/2037
f 1431/2032 1435/1509 1434/2035
f 1436/2036 1107/1510 1104/1494
f 628/1226 691/1227 1334/2084
f 1407/2079 1314/1847 1468/2077
f 1315/1846 1466/2073 1464/2022
f 1463/2021 1411/2011 1410/2007
f 1417/2095 1455/2023 1423/2017
f 1418/2065 1446/2050 1449/2047
f 1450/2058 1343/2061 1420/2015
f 1426/2014 1424/2016 1444/2019
f 1476/2097 1438/2099 1477/2100
f 1478/2101 1477/2102 993/2030
f 992/1960 1478/2101 993/2030
f 1479/2103 1476/2104 1477/2102
f 988/2105 1136/2106 1478/2101
f 1480/2107 1478/2101 1136/2106
f 1478/2101 1124/1813 988/2105
f 988/2105 1124/1813 817/2108
f 1479/2103 1480/2107 1481/2109
f 1480/2107 1136/2106 985/2110
f 1474/2111 1425/2112 1482/2113
f 1482/2114 1425/2115 1475/2116
f 1481/2109 1480/2107 985/2110
f 1475/2117 1481/2118 1482/2113
f 1331/1894 1482/2113 1483/2119
f 1484/2120 1482/2113 1481/2118
f 1482/2113 1484/2120 1483/2119
f 1322/1852 1472/2121 1325/1855
f 1472/2121 1470/2122 1325/1855
f 1325/1855 1470/2122 1326/1856
f 1470/2122 1319/2123 1326/1856
f 1471/2124 1473/2125 978/1801
f 1319/2123 1470/2122 1471/2124
f 1473/2125 1032/1303 978/1801
f 1485/2126 1486/2127 1032/1303
f 1485/2126 1484/2120 1486/2127
f 1473/2125 1485/2126 1032/1303
f 1483/2119 1473/2125 1471/2124
f 1472/2121 1483/2119 1471/2124
f 1347/1872 1331/1894 1483/2119
f 1485/2126 1473/2125 1484/2120
f 1483/2119 1484/2120 1473/2125
f 1331/1894 1474/2111 1482/2113
f 1481/2109 1475/2128 1479/2103
f 817/1311 1124/2129 1307/2130
f 1479/2103 1475/2128 1476/2104
f 1477/2102 1478/2101 1480/2107
f 1477/2102 1480/2107 1479/2103
f 1470/2131 1472/2132 1471/2133
f 978/1801 1032/1303 979/1302
f 1484/2120 1481/2118 1149/2134
f 1477/2102 1438/2135 993/2030
f 1484/2120 1149/2134 1486/2127
f 1347/1872 1483/2119 1472/2121
f 978/1801 1319/2123 1471/2124
f 1319/2123 978/1801 1345/1871
f 1345/1871 1326/1856 1319/2123
f 1486/2127 980/1304 1032/1303
f 980/1304 1486/2127 1149/2134
f 1124/1813 1478/2101 990/1827
f 990/1827 1478/2101 992/1960
f 1491/2136 1490/2137 1523/2138
f 633/1057 1491/1037 1489/2139
f 633/1057 1489/2139 1493/2140
f 1494/2141 1493/2142 1497/2143
f 1496/2144 816/1083 1495/2145
f 816/1083 812/1077 1495/2145
f 1495/2146 1494/2141 1496/2147
f 1494/2141 1497/2143 1496/2147
f 1493/2142 1494/2141 812/2148
f 1489/2149 1492/2150 1493/2142
f 1523/2138 1489/2149 1491/2136
f 1504/2151 663/881 1019/2152
f 1510/2153 1516/2154 1509/2155
f 1507/2156 1510/2157 1511/2158
f 1513/2159 1508/2160 1506/2161
f 1514/2162 1515/2163 3622/2164
f 1513/2159 1515/2163 1514/2162
f 1510/2153 1512/2165 1511/2166
f 1514/2162 3622/2164 1509/2155
f 1512/2165 1509/2155 3622/2164
f 1510/2153 1509/2155 1512/2165
f 1513/2159 1514/2162 1508/2160
f 1508/2160 1514/2162 1509/2155
f 1510/2157 1507/2156 1505/2167
f 1507/2156 1594/2168 1505/2167
f 1019/2169 1506/2170 1508/2171
f 1508/2160 1509/2155 1516/2154
f 1504/2151 1019/2152 1508/2160
f 1504/2151 1508/2160 1516/2154
f 1503/2172 1510/2157 1505/2167
f 1502/2173 1505/2167 1517/2174
f 1075/2175 663/881 1504/2151
f 1075/2175 1504/2151 1516/2154
f 1505/2167 1502/2173 1503/2172
f 1075/2175 1516/2154 1518/2176
f 1518/2176 1516/2154 1510/2153
f 1518/2176 1510/2153 1503/2177
f 663/881 1075/2175 740/1318
f 1075/2175 1518/2176 740/1318
f 1518/2176 1503/2177 1519/2178
f 1519/2179 1503/2172 1502/2173
f 740/1318 1518/2176 1519/2178
f 1519/2179 1502/2173 1488/2180
f 653/1450 740/1318 1519/2178
f 1519/2179 1488/2180 1490/2137
f 653/1312 1519/2181 997/1036
f 997/1036 1519/2181 1490/2182
f 640/1022 639/1021 776/1038
f 1490/2137 1488/2180 1523/2138
f 1491/1037 997/1036 1490/2182
f 640/1022 776/1038 1491/1037
f 633/1057 640/1022 1491/1037
f 812/2148 1494/2141 1495/2146
f 1134/1084 816/1083 1520/2183
f 1496/2147 1568/2184 1487/2185
f 1153/2186 1134/2187 1520/2188
f 1153/1595 1520/2189 1185/1596
f 1185/2190 1520/2191 1521/2192
f 1178/1587 1522/2193 1306/1585
f 1185/1596 1521/2194 1522/2193
f 1185/1596 1522/2193 1194/1614
f 1178/1587 1195/1597 1194/1614
f 1185/1596 1194/1614 1171/1594
f 1194/1614 1522/2193 1178/1587
f 1499/2195 1498/1562 1306/1585
f 1500/2196 1521/2192 1520/2191
f 1487/2185 1500/2196 1520/2191
f 1487/2185 1520/2191 1496/2147
f 1568/2184 1496/2147 1497/2143
f 816/2197 1496/2147 1520/2191
f 812/2148 633/2198 1493/2142
f 1522/2193 1499/2195 1306/1585
f 1527/2199 1529/2200 1531/2201
f 1527/1012 777/1031 1526/2202
f 1526/2202 777/1031 806/2203
f 1525/2204 1526/2202 806/2203
f 1524/2205 823/1553 1534/2206
f 1524/2205 1563/2207 823/1553
f 806/2203 1563/2207 1525/2204
f 1527/1012 1526/2202 1532/2208
f 1000/993 1527/1012 1531/2209
f 1000/993 1531/2209 1078/1439
f 1531/2201 1537/2210 1536/2211
f 1004/1440 1536/2212 1538/2213
f 1004/1440 1546/2214 1541/2215
f 1543/2216 1542/2217 1544/2218
f 3751/2219 1541/2215 1560/2220
f 1560/2220 1546/2214 1549/2221
f 1547/2222 1551/2223 1552/2224
f 1554/2225 1552/2224 1553/2226
f 1539/2227 1564/2228 1540/2229
f 1554/2225 1553/2226 1557/2230
f 1555/2231 1558/2232 3886/2233
f 1556/2234 1555/2231 3886/2233
f 1555/2231 1556/2234 1549/2221
f 1556/2234 1550/2235 1549/2221
f 1555/2231 1549/2221 1554/2225
f 1554/2236 1549/2237 1552/2238
f 1550/2235 3753/2239 1560/2220
f 1550/2235 1560/2220 1549/2221
f 1552/2224 1549/2221 1547/2222
f 1547/2240 1561/2241 1548/2242
f 1547/2222 1549/2221 1546/2214
f 1561/2241 1547/2240 1545/2243
f 1559/2244 1561/2241 1545/2243
f 1546/2214 1560/2220 1541/2215
f 1547/2222 1546/2214 1545/2245
f 1541/2215 3751/2219 3750/2246
f 1545/2245 1546/2214 1543/2247
f 1542/2217 1543/2216 1540/2248
f 1543/2247 1546/2214 1538/2213
f 1540/2248 1543/2216 1538/2249
f 1004/1440 1541/2215 1007/1415
f 1540/2248 1538/2249 1539/2250
f 1546/2214 1004/1440 1538/2213
f 1539/2250 1538/2249 1537/2210
f 1004/1440 1078/1439 1536/2212
f 1537/2210 1538/2249 1536/2211
f 1536/2212 1078/1439 1531/2209
f 1531/2201 1530/2251 1537/2210
f 1531/2201 1529/2200 1530/2251
f 1528/2252 1529/2200 1527/2199
f 1563/2207 806/2203 823/1553
f 1498/1562 923/1555 1306/1585
f 1498/1562 1499/2195 1501/2253
f 1498/1562 1501/2253 1534/2206
f 1534/2206 823/1553 1498/1562
f 1532/2208 1528/2254 1527/1012
f 1564/2255 1517/2174 1565/2256
f 1517/2174 1594/2168 1565/2256
f 1535/2257 1528/2258 1566/2259
f 1523/2138 1567/2260 1492/2150
f 1492/2150 1489/2149 1523/2138
f 1526/2261 1492/2150 1567/2260
f 1492/2150 1526/2261 1493/2142
f 1493/2142 1526/2261 1497/2143
f 1497/2143 1526/2261 1563/2262
f 1497/2143 1563/2262 1533/2263
f 1497/2143 1533/2263 1568/2184
f 1568/2184 1562/2264 1487/2185
f 1533/2263 1562/2264 1568/2184
f 1567/2260 1523/2138 1566/2265
f 1535/2266 1566/2265 1523/2138
f 1542/2267 1540/2268 1565/2256
f 1564/2269 1565/2270 1540/2271
f 1574/2272 1573/2273 1576/2274
f 1575/2275 1574/2272 1576/2274
f 1575/2275 1576/2274 1577/2276
f 1576/2277 1578/2278 1577/2279
f 1576/2277 1579/2280 1578/2278
f 1578/2281 1579/2282 1580/2283
f 1578/2281 1580/2283 3884/2284
f 1571/2285 1572/2286 1570/2287
f 1582/2288 1585/2289 1586/2290
f 3885/2291 1582/2288 1586/2290
f 1583/2292 2816/2293 1588/2294
f 1585/2295 1581/2296 1588/2294
f 1582/2288 1581/2297 1585/2289
f 1581/2296 1583/2292 1588/2294
f 1581/2297 1582/2288 3884/2298
f 1581/2296 1580/2299 1583/2292
f 1580/2299 1581/2296 3884/2300
f 1589/2301 2810/2302 1579/2280
f 1595/2303 1561/2304 1569/2305
f 1590/2306 1595/2303 1569/2305
f 1537/2307 1530/2308 1502/2173
f 1569/2305 1594/2168 1590/2306
f 1590/2306 1594/2168 1511/2158
f 1590/2306 1591/2309 1595/2303
f 1595/2303 1591/2309 1551/2310
f 1551/2310 1591/2309 1553/2311
f 1555/2231 1557/2230 1597/2312
f 1598/2313 1597/2314 1596/2315
f 1598/2316 1570/2317 1558/2232
f 1572/2318 1571/2319 1573/2273
f 1587/2320 1572/2318 1573/2273
f 1574/2272 1587/2320 1573/2273
f 1600/2321 1602/2322 1603/2323
f 1592/2324 1517/2174 1564/2255
f 1601/2325 1600/2321 1603/2323
f 1594/2168 1593/2326 1565/2256
f 1602/2322 1600/2321 1604/2327
f 1604/2327 1586/2290 1599/2328
f 1585/2289 1599/2328 1586/2290
f 1586/2290 1604/2327 1600/2321
f 1570/2317 1598/2316 1571/2329
f 1598/2316 1558/2232 1597/2312
f 1597/2314 1557/2330 1591/2309
f 1596/2315 1597/2314 1591/2309
f 1553/2311 1591/2309 1557/2330
f 1548/2331 1561/2304 1595/2303
f 1507/2156 1511/2158 1594/2168
f 1569/2305 1593/2326 1594/2168
f 1594/2168 1517/2174 1505/2167
f 1517/2174 1592/2324 1502/2173
f 1592/2324 1537/2307 1502/2173
f 1502/2173 1530/2308 1535/2266
f 1488/2180 1502/2173 1535/2266
f 1488/2180 1535/2266 1523/2138
f 1534/2332 1501/2333 1562/2334
f 1562/2264 1501/2335 1487/2185
f 1499/2336 1500/2196 1501/2335
f 1605/2337 1499/2336 1522/2338
f 1605/2337 1522/2338 1521/2192
f 1500/2196 1499/2336 1605/2337
f 1500/2196 1605/2337 1521/2192
f 1500/2196 1487/2185 1501/2335
f 1559/2339 1569/2305 1561/2304
f 1525/2340 1563/2341 1526/2342
f 1828/2343 1822/2344 1613/2345
f 1613/2345 1822/2344 1612/2346
f 1828/2343 1613/2345 1614/2347
f 1610/2348 2126/2349 1611/2350
f 1608/2351 2126/2349 1610/2348
f 1607/2352 1611/2350 2216/2353
f 1610/2348 1611/2350 1606/2354
f 1613/2345 1612/2346 1617/2355
f 2216/2353 1609/2356 1619/1903
f 1608/2351 1610/2348 1615/2357
f 1617/2355 1612/2346 1608/2351
f 1829/2358 1828/2343 1616/2359
f 1607/2352 1606/2354 1611/2350
f 1610/2348 1606/2354 1615/2357
f 1828/2343 1614/2347 1620/2360
f 1607/2352 2216/2353 1619/1903
f 1617/2355 1608/2351 1615/2357
f 1614/2347 1618/2361 1620/2360
f 1618/2361 1614/2347 1613/2345
f 1609/2362 1869/2363 1619/2364
f 1618/2361 1613/2345 1617/2355
f 1616/2359 1828/2343 1620/2360
f 1615/2357 1606/2354 1621/2365
f 1606/2354 1607/2352 1621/2365
f 1624/1906 1615/2357 1621/2365
f 1621/2365 1607/2352 1622/1902
f 1617/2355 1615/2357 1624/1906
f 1622/1902 1607/2352 1619/1903
f 1887/2366 1623/1896 1619/2364
f 1621/2365 1622/1902 1624/1906
f 1626/2367 1620/2360 1618/2361
f 1618/2361 1617/2355 1625/2368
f 1617/2355 1624/1906 1625/2368
f 1616/2359 1620/2360 1626/2367
f 1625/2368 1624/1906 1627/1905
f 1618/2361 1625/2368 1626/2367
f 1863/2369 1616/2359 1628/2370
f 1625/2368 1627/1905 1630/1919
f 1616/2359 1626/2367 1629/2371
f 1629/2371 1626/2367 1631/163
f 1628/2370 1616/2359 1629/2371
f 1631/163 1626/2367 1625/2368
f 1632/1926 1625/2368 1630/1919
f 1631/163 1625/2368 1632/1926
f 1631/163 1632/1926 90/164
f 87/162 1629/2371 1631/163
f 1836/2372 1628/2370 1633/149
f 90/164 1632/1926 94/174
f 1633/149 1628/2370 1629/2371
f 1633/149 1629/2371 1634/206
f 1634/206 1629/2371 87/162
f 1633/149 1634/206 106/205
f 91/161 1633/149 106/205
f 1636/2373 772/451 1637/2374
f 260/452 772/451 1636/2373
f 260/452 1636/2373 248/457
f 1636/2373 1715/2375 248/457
f 248/457 1715/2375 1635/2376
f 262/458 248/457 1638/462
f 1638/462 248/457 1635/2376
f 63/129 1635/2376 1743/2377
f 67/131 63/129 1743/2377
f 64/127 63/129 67/131
f 1635/2376 63/129 1638/462
f 1640/2378 1704/2379 1686/2380
f 3735/2381 1645/2382 1650/2383
f 1647/2384 3744/2385 1648/2386
f 1646/2387 3734/2388 1649/2389
f 1651/2390 3740/2391 1652/2392
f 3744/2385 1646/2387 1648/2386
f 1648/2386 1646/2387 1654/2393
f 1646/2387 1649/2389 1654/2393
f 3735/2381 1650/2383 3734/2388
f 1660/2394 1650/2383 1645/2382
f 1645/2382 3745/2395 1660/2394
f 3745/2395 3739/2396 1655/2397
f 1655/2397 3739/2396 1651/2390
f 1647/2384 1648/2386 1659/2398
f 1652/2392 3737/2399 1656/2400
f 1656/2400 3737/2399 1657/2401
f 3738/2402 1647/2384 1658/2403
f 1658/2403 1647/2384 1659/2398
f 3747/2404 1653/2405 1658/2403
f 1651/2390 1652/2392 1656/2400
f 3747/2404 1658/2403 1644/2406
f 1649/2389 3734/2388 1665/2407
f 1662/2408 1651/2390 1656/2400
f 1661/2409 3747/2404 1644/2406
f 1655/2397 1651/2390 1662/2408
f 1654/2393 1649/2389 1643/2410
f 1665/2407 3734/2388 1650/2383
f 1660/2394 3745/2395 1655/2397
f 1656/2400 1657/2401 1663/2411
f 1663/2411 1657/2401 1664/2412
f 1658/2403 1659/2398 1666/2413
f 1659/2398 1648/2386 1668/2414
f 1648/2386 1654/2393 1668/2414
f 1673/2415 1649/2389 1665/2407
f 1644/2406 1658/2403 1666/2413
f 1649/2389 1673/2415 1643/2410
f 1668/2414 1654/2393 1643/2410
f 1667/2416 1661/2409 1670/2417
f 1673/2415 1665/2407 1671/2418
f 1660/2394 1655/2397 1669/2419
f 1669/2419 1655/2397 1662/2408
f 1662/2408 1656/2400 1672/2420
f 1659/2398 1668/2414 1666/2413
f 1665/2407 1650/2383 1671/2418
f 1661/2409 1644/2406 1670/2417
f 1668/2414 1643/2410 1679/2421
f 1671/2418 1650/2383 1660/2394
f 1670/2417 1644/2406 1683/2422
f 1644/2406 1666/2413 1683/2422
f 1683/2422 1666/2413 1674/2423
f 1675/2424 1666/2413 1668/2414
f 1669/2419 1662/2408 1676/2425
f 1662/2408 1672/2420 1676/2425
f 1642/2426 1667/2416 1670/2417
f 1674/2423 1666/2413 1675/2424
f 1679/2421 1643/2410 1680/2427
f 1680/2427 1643/2410 1673/2415
f 1656/2400 1663/2411 1672/2420
f 1677/2428 1664/2412 1681/2429
f 1678/2430 1667/2416 1642/2426
f 1670/2417 1683/2422 1682/2431
f 1660/2394 1685/2432 1671/2418
f 1660/2394 1669/2419 1685/2432
f 1663/2411 1677/2428 1672/2420
f 1680/2427 1673/2415 1684/2433
f 1673/2415 1671/2418 1684/2433
f 2593/2434 1678/2430 1686/2380
f 1686/2380 1678/2430 1642/2426
f 1687/2435 1670/2417 1682/2431
f 1668/2414 1679/2421 1675/2424
f 1670/2417 1687/2435 1642/2426
f 1689/2436 1679/2421 1680/2427
f 1685/2432 1669/2419 1676/2425
f 1672/2420 1677/2428 1690/2437
f 1681/2429 3749/2438 1677/2428
f 3749/2438 1702/2439 1690/2437
f 1704/2379 2593/2434 1686/2380
f 1688/2440 1672/2420 1690/2437
f 1704/2379 1703/2441 1641/2442
f 1642/2426 1687/2435 1697/2443
f 1682/2431 1683/2422 1698/2444
f 1683/2422 1674/2423 1699/2445
f 1674/2423 1675/2424 1694/2446
f 1675/2424 1695/2447 1694/2446
f 1675/2424 1679/2421 1695/2447
f 1684/2433 1671/2418 1691/2448
f 1691/2448 1671/2418 1685/2432
f 1676/2425 1672/2420 1696/2449
f 1692/2450 1693/2451 3749/2438
f 1687/2435 1682/2431 1698/2444
f 1698/2444 1683/2422 1699/2445
f 1685/2432 1676/2425 1706/2452
f 1696/2449 1672/2420 1688/2440
f 1640/2378 1686/2380 1642/2426
f 1640/2378 1642/2426 1697/2443
f 1699/2445 1674/2423 1694/2446
f 1680/2427 1684/2433 1700/2453
f 1684/2433 1691/2448 1701/2454
f 1641/2442 1703/2441 1637/2455
f 1687/2435 1698/2444 1697/2443
f 1695/2447 1679/2421 1689/2436
f 1680/2427 1700/2453 1689/2436
f 1676/2425 1696/2449 1706/2452
f 1696/2449 1688/2440 1707/2456
f 1703/2441 1704/2379 1705/2457
f 1705/2457 1704/2379 1640/2378
f 1697/2443 1698/2444 1708/2458
f 1698/2444 1699/2445 1709/2459
f 1709/2459 1699/2445 1694/2446
f 1688/2440 1690/2437 1710/2460
f 3749/2438 1693/2451 1711/2461
f 1705/2457 1640/2378 1697/2443
f 1698/2444 1709/2459 1708/2458
f 1684/2433 1701/2454 1700/2453
f 1691/2448 1685/2432 1706/2452
f 1690/2437 1702/2439 1710/2460
f 1702/2439 3749/2438 1711/2461
f 1694/2446 1695/2447 1713/2462
f 1637/2455 1703/2441 1717/2463
f 1717/2463 1703/2441 1705/2457
f 1705/2457 1697/2443 1712/2464
f 1712/2464 1697/2443 1708/2458
f 1713/2462 1695/2447 1689/2436
f 1701/2454 1691/2448 1706/2452
f 1714/2465 1694/2446 1713/2462
f 1715/2466 1636/2467 1637/2455
f 1709/2459 1694/2446 1721/2468
f 1707/2456 1688/2440 1716/2469
f 1717/2463 1705/2457 1712/2464
f 1708/2458 1709/2459 1720/2470
f 1694/2446 1714/2465 1721/2468
f 1723/2471 1701/2454 1718/2472
f 1701/2454 1706/2452 1718/2472
f 1706/2452 1696/2449 1727/2473
f 1720/2470 1709/2459 1721/2468
f 1689/2436 1700/2453 1723/2471
f 1700/2453 1701/2454 1723/2471
f 1716/2469 1688/2440 1710/2460
f 1725/2474 1702/2439 1711/2461
f 1719/2475 1717/2463 1712/2464
f 1712/2464 1708/2458 1722/2476
f 1713/2462 1689/2436 1723/2471
f 1696/2449 1707/2456 1727/2473
f 1725/2474 1711/2461 1726/2477
f 1635/2478 1715/2466 1717/2463
f 1719/2475 1712/2464 1722/2476
f 1722/2476 1708/2458 1720/2470
f 1727/2473 1707/2456 1716/2469
f 1710/2460 1702/2439 1724/2479
f 1724/2479 1702/2439 1725/2474
f 1635/2478 1717/2463 1639/2480
f 1639/2480 1717/2463 1719/2475
f 1737/2481 1706/2452 1727/2473
f 1639/2480 1719/2475 1728/2482
f 1714/2465 1713/2462 1729/2483
f 1718/2472 1706/2452 1737/2481
f 1728/2482 1719/2475 1722/2476
f 1713/2462 1723/2471 1729/2483
f 1734/2484 1723/2471 1730/2485
f 1716/2469 1710/2460 1724/2479
f 1720/2470 1721/2468 1731/2486
f 1721/2468 1714/2465 1732/2487
f 1723/2471 1718/2472 1730/2485
f 1722/2476 1720/2470 1731/2486
f 1731/2486 1721/2468 1733/2488
f 1721/2468 1732/2487 1745/2489
f 1714/2465 1729/2483 1732/2487
f 1725/2474 1726/2477 1736/2490
f 1721/2468 1745/2489 1733/2488
f 1729/2483 1723/2471 1739/2491
f 1739/2491 1723/2471 1734/2484
f 1727/2473 1716/2469 1724/2479
f 1724/2479 1725/2474 1736/2490
f 1736/2490 1726/2477 1738/2492
f 1735/2493 1718/2472 1737/2481
f 1742/2494 1737/2481 1727/2473
f 1728/2482 1722/2476 1741/2495
f 1722/2476 1731/2486 1741/2495
f 1727/2473 1724/2479 1740/2496
f 1732/2487 1729/2483 1739/2491
f 1735/2493 1737/2481 1742/2494
f 1639/2480 1728/2482 1743/2497
f 1718/2472 1735/2493 1730/2485
f 1742/2494 1727/2473 1740/2496
f 1724/2479 1736/2490 1748/2498
f 1635/2478 1639/2480 1743/2497
f 1732/2487 1739/2491 1746/2499
f 1739/2491 1734/2484 1747/2500
f 1736/2490 1744/2501 1748/2498
f 1743/2497 1728/2482 1751/2502
f 1740/2496 1724/2479 1748/2498
f 1736/2490 1738/2492 1866/298
f 1731/2486 1733/2488 1741/2495
f 1734/2484 1730/2485 1755/2503
f 1740/2496 1748/2498 1749/2504
f 1751/2502 1728/2482 1741/2495
f 1746/2499 1739/2491 1747/2500
f 1748/2498 1744/2501 1750/2505
f 1736/2490 1866/298 1744/2501
f 1732/2487 1746/2499 1745/2489
f 1742/2494 1740/2496 1757/2506
f 1750/2505 1744/2501 1752/2507
f 1747/2500 1734/2484 1754/2508
f 1754/2508 1734/2484 1755/2503
f 1735/2493 1742/2494 1757/2506
f 1757/2506 1740/2496 1756/2509
f 1744/2501 1866/298 1752/2507
f 1751/2502 1741/2495 1753/2510
f 1733/2488 1753/2510 1741/2495
f 1756/2509 1740/2496 1749/2504
f 1745/2489 1746/2499 1758/2511
f 1730/2485 1735/2493 1757/2506
f 1749/2504 1748/2498 1750/2505
f 1753/2510 1733/2488 1758/2511
f 1758/2511 1733/2488 1745/2489
f 1758/2511 1746/2499 1762/2512
f 1730/2485 1757/2506 1755/2503
f 1751/2502 1753/2510 1759/2513
f 67/2514 1743/2497 1751/2502
f 1755/2503 1757/2506 1760/2515
f 1750/2505 1752/2507 1866/298
f 1755/2503 1760/2515 1764/2516
f 1761/2517 1756/2509 1749/2504
f 1763/2518 1749/2504 1750/2505
f 1753/2510 1758/2511 1762/2512
f 1747/2500 1754/2508 1765/2519
f 1760/2515 1757/2506 1756/2509
f 1761/2517 1749/2504 1763/2518
f 187/297 1750/2505 1866/298
f 1746/2499 1747/2500 1765/2519
f 1754/2508 1755/2503 1764/2516
f 1763/2518 1750/2505 187/297
f 1767/2520 1753/2510 1762/2512
f 1760/2515 1756/2509 1766/2521
f 1759/2513 1753/2510 1767/2520
f 1762/2512 1746/2499 1769/2522
f 1766/2521 1756/2509 1761/2517
f 1769/2522 1746/2499 1765/2519
f 1765/2519 1754/2508 1764/2516
f 1766/2521 1761/2517 1772/2523
f 1764/2516 1760/2515 1768/2524
f 1760/2515 1766/2521 1768/2524
f 1761/2517 1763/2518 1770/2525
f 1772/2523 1761/2517 1770/2525
f 1771/2526 1762/2512 1769/2522
f 1768/2524 1766/2521 1772/2523
f 1763/2518 187/297 1770/2525
f 1767/2520 1762/2512 1771/2526
f 1773/300 187/297 1867/299
f 1770/2525 187/297 1773/300
f 67/2514 1751/2502 69/312
f 1751/2502 1759/2513 69/312
f 1777/2527 1765/2519 1764/2516
f 1769/2522 1765/2519 1775/2528
f 1765/2519 1777/2527 1775/2528
f 1776/2529 1772/2523 1770/2525
f 1759/2513 1774/2530 69/312
f 1759/2513 1767/2520 1774/2530
f 1771/2526 1769/2522 1775/2528
f 1776/2529 1770/2525 1773/300
f 1764/2516 1768/2524 1777/2527
f 1777/2527 1768/2524 1778/2531
f 1768/2524 1772/2523 1778/2531
f 1772/2523 1776/2529 1778/2531
f 1776/2529 1773/300 1779/304
f 1773/300 188/301 1779/304
f 1779/304 188/301 189/303
f 1767/2520 1771/2526 1781/2532
f 1781/2532 1771/2526 1775/2528
f 1777/2527 1778/2531 1782/2533
f 1776/2529 1780/2534 1778/2531
f 1774/2530 1767/2520 1781/2532
f 1778/2531 1780/2534 1784/2535
f 1776/2529 1779/304 1780/2534
f 1775/2528 1777/2527 1783/2536
f 1782/2533 1778/2531 1784/2535
f 69/312 1774/2530 191/311
f 1774/2530 1781/2532 1785/2537
f 1783/2536 1781/2532 1775/2528
f 1777/2527 1782/2533 1783/2536
f 1782/2533 1784/2535 1783/2536
f 1774/2530 1785/2537 191/311
f 1781/2532 1783/2536 1785/2537
f 1780/2534 1779/304 1786/2538
f 1783/2536 1784/2535 1788/2539
f 1637/2455 1717/2463 1715/2466
f 1780/2534 1786/2538 1784/2535
f 1779/304 1787/305 1786/2538
f 1783/2536 1788/2539 1785/2537
f 1788/2539 1784/2535 1790/2540
f 1784/2535 1786/2538 1790/2540
f 191/311 1785/2537 192/309
f 1785/2537 1788/2539 1789/2541
f 1786/2538 1787/305 1791/315
f 192/309 1785/2537 1789/2541
f 1790/2540 1786/2538 1792/2542
f 1786/2538 1791/315 1792/2542
f 1790/2540 1792/2542 1788/2539
f 1788/2539 1792/2542 1789/2541
f 1792/2542 1791/315 196/321
f 196/321 1791/315 193/318
f 192/309 1789/2541 195/320
f 195/320 1789/2541 1793/323
f 198/327 1792/2542 196/321
f 1789/2541 1792/2542 198/327
f 1793/323 1789/2541 198/327
f 1532/2543 1566/2259 1528/2258
f 1532/2543 1567/2544 1566/2259
f 1077/986 742/970 641/1014
f 1798/2545 1794/2546 1817/2547
f 1794/2546 1077/2548 666/2549
f 1794/2546 736/2550 1077/2548
f 742/970 1077/986 736/971
f 646/1016 641/1014 742/970
f 1807/2551 1806/2552 1811/2553
f 1810/2554 1795/2555 1796/2556
f 1809/2557 1811/2558 1813/2559
f 1813/2559 1811/2558 1808/2560
f 1795/2555 1810/2554 1813/2559
f 1808/2560 1811/2558 1805/2561
f 1813/2559 1808/2560 1795/2555
f 1820/2562 1795/2555 1808/2560
f 1811/2558 1806/2563 1805/2561
f 1808/2560 1805/2561 1804/2564
f 1808/2560 1804/2564 1814/2565
f 1800/2566 1804/2564 1805/2561
f 1804/2564 1800/2566 1803/2567
f 1804/2564 1803/2567 1814/2565
f 1806/2552 1801/2568 1805/2569
f 1801/2570 1800/2566 1805/2561
f 1806/2552 1802/2571 1801/2568
f 1803/2567 1800/2566 1819/2572
f 1802/2571 1815/2573 1801/2568
f 1799/2574 1800/2566 1801/2570
f 1815/2575 1799/2574 1801/2570
f 1815/2573 1802/2571 1816/2576
f 1819/2572 1800/2566 1818/2577
f 1800/2566 1799/2574 1818/2577
f 1799/2574 1815/2575 1798/2545
f 1798/2545 1815/2575 1797/2578
f 1797/2578 1815/2575 1056/2579
f 1056/1330 1815/2573 1816/2576
f 1799/2574 1798/2545 1818/2577
f 1818/2577 1798/2545 1817/2547
f 1070/1429 1797/2580 1056/1330
f 1798/2545 1797/2578 1070/2581
f 666/2549 1817/2547 1794/2546
f 1798/2545 1070/2581 1794/2546
f 1056/1330 1068/1421 1070/1429
f 737/2582 1794/2546 1070/2581
f 736/971 1794/2583 737/972
f 666/2549 669/2584 1817/2547
f 1808/2560 1814/2565 1820/2562
f 1821/2585 1796/2556 1795/2555
f 1821/2585 1795/2555 1820/2562
f 669/2584 1818/2577 1817/2547
f 1825/2586 2179/2587 1824/2588
f 1840/2589 1825/2590 1827/2591
f 1824/2592 2181/2593 1826/2594
f 1827/2595 1825/2586 1826/2596
f 1825/2586 1824/2588 1826/2596
f 1823/2597 1827/2595 1826/2596
f 1823/2597 1826/2596 1851/2598
f 1828/2343 1851/2598 1822/2344
f 1823/2597 1851/2598 1828/2343
f 1822/2344 1852/2599 1612/2346
f 1823/2597 1828/2343 1829/2358
f 1863/2369 1829/2358 1616/2359
f 1865/2600 1830/2601 1831/2602
f 1832/2603 1830/2601 1860/2604
f 1833/2605 1831/2602 1830/2601
f 1830/2601 1832/2603 1834/2606
f 1832/2603 1863/2369 1628/2370
f 1835/148 1833/2605 1830/2601
f 1835/148 1830/2601 1834/2606
f 190/2607 1867/2608 1833/2605
f 190/2607 1833/2605 1835/148
f 1834/2606 1832/2603 1836/2372
f 1832/2603 1628/2370 1836/2372
f 1835/148 1834/2606 1836/2372
f 190/2607 1835/148 84/147
f 1633/149 1835/148 1836/2372
f 1853/2609 1854/2610 1841/2611
f 1827/2591 1839/2612 1840/2589
f 2180/2613 2133/2614 1847/2615
f 3749/2438 1690/2437 1677/2428
f 3997/2616 3975/2617 3890/2618
f 1849/2619 1841/2620 1847/2615
f 1842/2621 1845/2622 1848/2623
f 1848/2623 1846/2624 1843/2625
f 1844/2626 1847/2615 1850/2627
f 1846/2624 1844/2626 1843/2625
f 1850/2627 1847/2615 1841/2620
f 1841/2620 1849/2619 2130/2628
f 1848/2623 1843/2625 1842/2621
f 1844/2626 1850/2627 3579/2629
f 1841/2620 2130/2628 1838/2630
f 2130/2628 1840/2589 1838/2630
f 1824/2592 2179/2631 2181/2593
f 1843/2625 3578/2632 1842/2621
f 3579/2633 1850/2634 1855/2635
f 1840/2589 1839/2612 1838/2630
f 1850/2634 1841/2611 1854/2610
f 1841/2620 1838/2630 1853/2636
f 1826/2594 2181/2593 1851/2637
f 1837/2638 1850/2634 1854/2610
f 3579/2633 1855/2635 3583/2639
f 1850/2634 1837/2638 1855/2635
f 1838/2630 1839/2612 1853/2636
f 1851/2637 2181/2593 1822/2640
f 1822/2344 2181/2641 1852/2599
f 3583/2639 1855/2635 1856/2642
f 1855/2635 1837/2638 1856/2642
f 1839/2643 1827/2644 1853/2645
f 1837/2638 1854/2610 1856/2642
f 1853/2646 1827/2647 1857/2648
f 3583/2639 1856/2642 1858/2649
f 1856/2642 1854/2610 1859/2650
f 1854/2610 1853/2609 1859/2650
f 1827/2595 1823/2597 1829/2358
f 1858/2649 1856/2642 1859/2650
f 1827/2595 1829/2358 1857/2651
f 1859/2652 1853/2646 1857/2648
f 1857/2651 1829/2358 1860/2604
f 1861/2653 1858/2649 1859/2650
f 1859/2652 1857/2648 1860/2654
f 1858/2655 1861/2656 3577/2657
f 1860/2604 1829/2358 1863/2369
f 1861/2653 1859/2650 1865/2658
f 3586/2659 1861/2653 1862/2660
f 1865/2600 1859/2661 1860/2604
f 1862/2660 1861/2653 1865/2658
f 1862/2660 1865/2658 1831/2662
f 1830/2601 1865/2600 1860/2604
f 1866/2663 1864/2664 1862/2665
f 1860/2604 1863/2369 1832/2603
f 1862/2665 1831/2666 1866/2663
f 1866/2667 1831/2602 1833/2605
f 1726/2477 1711/2461 3585/2668
f 1726/2477 3585/2668 1864/2669
f 1738/2492 1726/2477 1864/2669
f 1738/2492 1864/2669 1866/298
f 1867/299 1866/298 1833/2670
f 1871/2671 1872/2672 2220/2673
f 1874/2674 1871/2671 2220/2673
f 1886/2675 2223/2676 2063/2677
f 1878/2678 1879/2679 1880/2680
f 1938/2681 1882/2682 2096/2683
f 1938/2684 2090/2685 1882/2686
f 2219/2687 2223/2688 1875/2689
f 2220/2673 2219/2687 1875/2689
f 2220/2673 1875/2689 1874/2674
f 1875/2689 1914/2690 1968/2691
f 1873/2692 1875/2689 1968/2691
f 1874/2674 1873/2692 1968/2691
f 1869/2363 1871/2671 1874/2674
f 1609/2362 2215/2693 1872/2672
f 1609/2362 1872/2672 1869/2363
f 1869/2363 1872/2672 1871/2671
f 1874/2674 1968/2691 1870/2694
f 1887/2366 1869/2363 1874/2674
f 1887/2366 1874/2674 1870/2694
f 1870/2694 1969/2695 1868/1899
f 1869/2363 1887/2366 1619/2364
f 1870/2694 1888/1897 1887/2366
f 1870/2694 1868/1899 1888/1897
f 1868/1899 1969/2695 1908/2696
f 1887/2366 1888/1897 1623/1896
f 1356/1901 1888/1897 1868/1899
f 1888/1897 1356/1901 1357/1898
f 1893/2697 1896/2698 1895/2699
f 1954/2700 4181/2701 1901/2702
f 1897/2703 1895/2704 1934/2705
f 1898/2706 1897/2703 1934/2705
f 1893/2697 1895/2699 1894/2707
f 1890/2708 1893/2709 1894/2710
f 1892/2711 1928/2712 1894/2710
f 3900/2713 1899/2714 1935/2715
f 1970/2716 1916/2717 1966/2718
f 1913/2719 1966/2720 1919/2721
f 1926/2722 2070/2723 1885/2724
f 1932/2725 1929/2726 1924/2727
f 1884/2728 1878/2729 1885/2724
f 1881/2730 1930/2731 1880/2732
f 1934/2705 1899/2714 1898/2706
f 1932/2725 1965/2733 1993/2734
f 1939/2735 1938/2736 2096/2737
f 1939/2735 2096/2737 1940/2738
f 1992/2739 1937/2740 1944/2741
f 1944/2741 1937/2740 1946/2742
f 1932/2725 1993/2734 1943/2743
f 1941/2744 1992/2739 1949/2745
f 1950/2746 2258/2747 1955/2748
f 2186/2749 2112/2750 2113/2751
f 3917/2752 1952/2753 1901/2702
f 1901/2702 1952/2753 1954/2700
f 1992/2739 1902/2754 1949/2745
f 2260/2755 1947/2756 1941/2744
f 2260/2755 1941/2744 1949/2745
f 1948/2757 1947/2756 2260/2755
f 1943/2743 1993/2734 1956/2758
f 1957/2759 1942/2760 1943/2743
f 1942/2760 1959/2761 4268/2762
f 1942/2760 1957/2759 1959/2761
f 1951/2763 4268/2762 1958/2764
f 1951/2763 1958/2764 1960/2765
f 2339/2766 4268/2767 1959/2768
f 1951/2763 1960/2765 1961/2769
f 1953/2770 1962/2771 1963/2772
f 1995/2773 1953/2770 1963/2772
f 1995/2773 1963/2772 4182/2774
f 1954/2700 1952/2753 1964/2775
f 1881/2730 1933/2776 1930/2731
f 1933/2776 1965/2733 1931/2777
f 1930/2731 1933/2776 1931/2777
f 1934/2778 1896/2698 1893/2697
f 1932/2725 1936/2779 1929/2726
f 1936/2779 1935/2715 1929/2726
f 1934/2780 1893/2709 1890/2708
f 1880/2732 1931/2777 1878/2729
f 1931/2777 1880/2732 1930/2731
f 1932/2725 1924/2727 1965/2733
f 1935/2715 1927/2781 1929/2726
f 1890/2708 1894/2710 1928/2712
f 1885/2724 1878/2729 1931/2777
f 1927/2781 1935/2715 1934/2705
f 1934/2705 1890/2782 1927/2781
f 2070/2723 1884/2728 1885/2724
f 1965/2733 1926/2722 1931/2777
f 1926/2722 1965/2733 1924/2727
f 1931/2777 1926/2722 1885/2724
f 1924/2727 1929/2726 1923/2783
f 1925/2784 1929/2785 1927/2786
f 1883/2787 2067/2788 1877/2789
f 1883/2790 2070/2791 1926/2792
f 1922/2793 1924/2727 1923/2783
f 1929/2785 1925/2784 1923/2794
f 1922/2793 1926/2722 1924/2727
f 1927/2786 1890/2708 1925/2784
f 2067/2795 1883/2790 1922/2796
f 1883/2790 1926/2792 1922/2796
f 1925/2784 1890/2708 1917/2797
f 2067/2795 1922/2796 1876/2798
f 1886/2799 1876/2798 1922/2796
f 1890/2708 3614/2800 3612/2801
f 1917/2797 1890/2708 3612/2801
f 1886/2799 1922/2796 1875/2689
f 1925/2784 1921/2802 1923/2794
f 1966/2718 1922/2796 1923/2794
f 2223/2688 1886/2799 1875/2689
f 1875/2689 1922/2796 1914/2690
f 1922/2796 1966/2718 1914/2690
f 1925/2784 1917/2797 1920/2803
f 1925/2784 1920/2803 1921/2802
f 1923/2794 1921/2802 1966/2718
f 1921/2802 1920/2803 1918/2804
f 1918/2804 1919/2805 1921/2802
f 1918/2804 1915/2806 1919/2805
f 1966/2720 1921/2807 1919/2721
f 1912/2808 1909/2809 1918/2804
f 1917/2797 1967/2810 1920/2803
f 1915/2806 1918/2804 1909/2809
f 1915/2806 1913/2811 1919/2805
f 1912/2808 1918/2804 1920/2803
f 1911/2812 1966/2718 1913/2811
f 1873/2692 1874/2674 1875/2689
f 1968/2691 1914/2690 1969/2695
f 1969/2695 1914/2690 1916/2717
f 1966/2718 1916/2717 1914/2690
f 1966/2718 1911/2812 1971/2813
f 1966/2718 1971/2813 1970/2716
f 1968/2691 1969/2695 1870/2694
f 1969/2695 1916/2717 1908/2696
f 1915/2806 1910/2814 1913/2811
f 1911/2812 1910/2814 1971/2813
f 1910/2814 1915/2806 1909/2809
f 1910/2814 1911/2812 1913/2811
f 1916/2717 1970/2716 1908/2696
f 1920/2803 1967/2810 1906/2815
f 1970/2716 1971/2813 1907/2816
f 1912/2808 1920/2803 1972/2817
f 1972/2817 1920/2803 1906/2815
f 1910/2814 1907/2816 1971/2813
f 1904/2818 1909/2809 1912/2808
f 1904/2818 1912/2808 1972/2817
f 3604/2819 1906/2815 1967/2810
f 1910/2814 1909/2809 1905/2820
f 1909/2809 1904/2818 1905/2820
f 1972/2817 1906/2815 3604/2819
f 1910/2814 1905/2820 1907/2816
f 1970/2716 1907/2816 1868/1899
f 1972/2821 3604/2822 1974/2823
f 1970/2716 1868/1899 1908/2696
f 1973/2824 1974/2825 3604/2819
f 1907/2816 1358/1900 1868/1899
f 1907/2816 1975/2826 1358/1900
f 1905/2820 1904/2818 1979/2827
f 1907/2816 1905/2820 1976/2828
f 1976/2828 1905/2820 1979/2827
f 1974/2829 1973/2830 1978/2831
f 1972/2832 1974/2833 1977/2834
f 1978/2831 1973/2830 3609/2835
f 1904/2818 1972/2817 1979/2827
f 1976/2828 1975/2826 1907/2816
f 1358/1900 1975/2826 1360/1911
f 1972/2836 1977/2837 1979/2838
f 3609/2835 1980/2839 1978/2831
f 1980/2839 3610/2840 1981/2841
f 1975/2842 1976/2843 1985/2844
f 3610/2840 1982/2845 1981/2841
f 1982/2845 3541/2846 3543/821
f 1985/2847 1976/2828 1979/2827
f 1974/2829 1978/2831 1977/2837
f 1982/2845 3543/821 1983/823
f 1980/2839 1981/2841 1984/2848
f 1978/2831 1980/2839 1984/2848
f 1985/2849 1979/2838 1977/2837
f 1981/2841 1982/2845 1984/2848
f 1982/2845 1983/823 580/825
f 1977/2837 1978/2831 1990/2850
f 1978/2831 1984/2848 1990/2850
f 1985/2849 1977/2837 1986/1940
f 1987/2851 1982/2845 1988/2852
f 1986/1940 1977/2837 1989/2853
f 1988/2852 1982/2845 580/825
f 1989/2853 1977/2837 1990/2850
f 1984/2848 1982/2845 1987/2851
f 1985/2849 1986/1940 1364/1925
f 1984/2848 1987/2851 1990/2850
f 1990/2850 1987/2851 1989/2853
f 1987/2851 1988/2852 1989/2853
f 1989/2853 1996/1941 1986/1940
f 1989/2853 1988/2852 587/830
f 1965/2733 1933/2776 2090/2854
f 2081/2855 2084/2856 2086/2857
f 1934/2705 1935/2715 1899/2714
f 2084/2856 1882/2858 2086/2857
f 3990/2859 2157/2860 3988/2861
f 1993/2734 1965/2733 1950/2746
f 1937/2740 2090/2854 1938/2736
f 1992/2739 1965/2733 2090/2854
f 1937/2740 1938/2736 1939/2735
f 2090/2854 1937/2740 1992/2739
f 3900/2713 1935/2715 1900/2862
f 1935/2715 1936/2779 1952/2753
f 1935/2715 1952/2753 1900/2862
f 1940/2738 1937/2740 1939/2735
f 1951/2763 1936/2779 1932/2725
f 1942/2760 1932/2725 1943/2743
f 3910/2863 1900/2862 1952/2753
f 1937/2740 1940/2738 1946/2742
f 1951/2763 1932/2725 1942/2760
f 1944/2741 1946/2742 1902/2754
f 1903/2864 1947/2756 1948/2757
f 1902/2754 1992/2739 1944/2741
f 1946/2742 1940/2738 1945/2865
f 1951/2763 1942/2760 4268/2762
f 1994/2866 3910/2863 1952/2753
f 1955/2748 1993/2734 1950/2746
f 1936/2779 1951/2763 1953/2770
f 1952/2753 1936/2779 1953/2770
f 1951/2763 1962/2771 1953/2770
f 1994/2866 1952/2753 3917/2752
f 1953/2770 1964/2775 1952/2753
f 1961/2769 1962/2771 1951/2763
f 1995/2773 1964/2775 1953/2770
f 1988/2852 580/825 587/830
f 587/830 580/825 586/828
f 1996/1941 1989/2853 587/830
f 1996/1941 587/830 1991/829
f 1991/829 1371/1930 1996/1941
f 1371/1930 1991/829 1889/177
f 765/1007 1999/979 1998/2867
f 2002/978 1998/2867 1999/979
f 2000/2868 2002/978 2003/2869
f 2003/2869 2002/978 665/956
f 2000/2868 2003/2869 2001/2870
f 2008/2871 2010/2872 2044/2873
f 1997/2874 643/1820 638/1042
f 2012/2875 2011/2876 2014/2877
f 2013/2878 2011/2876 2012/2875
f 2228/2879 2011/2876 2013/2878
f 2043/2880 2010/2872 2016/2881
f 2228/2879 2013/2878 2017/1370
f 2017/2882 2010/2883 2008/2884
f 2017/1370 2013/2878 2010/2885
f 682/904 2009/2886 699/905
f 2009/2886 2042/2887 2018/2888
f 671/913 699/905 2009/2886
f 2009/2886 2018/2888 2007/933
f 2018/2888 2045/2889 2005/2890
f 671/913 2009/2886 2007/933
f 2007/933 2018/2888 2006/2891
f 2007/933 2006/2891 712/934
f 2006/2891 2018/2888 2005/2890
f 712/934 2006/2891 665/956
f 2006/2891 2005/2890 2003/2869
f 665/956 2006/2891 2003/2869
f 2003/2869 2005/2890 2001/2870
f 665/956 2002/978 727/957
f 2002/978 2000/2868 1998/2867
f 2000/2868 2046/2892 1998/2867
f 1998/2893 2046/2894 2019/2895
f 2019/2895 2046/2894 1051/2896
f 1051/2896 1997/2897 2019/2895
f 765/1007 1998/2867 2020/2898
f 1998/2867 2019/2899 2020/2898
f 2020/2898 2019/2899 1997/2874
f 765/1007 2020/2898 790/1049
f 792/1041 790/1049 2020/2898
f 638/1042 2020/2898 1997/2874
f 643/1820 1997/2874 1051/2900
f 638/1042 792/1041 2020/2898
f 2022/2901 1051/2896 2021/2902
f 1051/2896 2022/2901 1002/1324
f 1013/1323 1051/2896 1002/1324
f 2028/2903 2026/2904 2029/2905
f 2031/2906 2037/2907 2038/2908
f 2035/2909 2029/2910 2036/2911
f 2021/2902 2001/2912 2047/2913
f 2034/2914 2029/2905 2035/2915
f 2037/2907 2399/2916 2038/2908
f 2038/2908 2033/2917 2031/2906
f 2030/2918 2036/2911 2029/2910
f 2033/2917 2032/2919 2031/2906
f 2030/2918 2029/2910 2026/2920
f 2034/2914 2028/2903 2029/2905
f 2037/2907 2039/2921 682/2922
f 2039/2921 2037/2907 2027/2923
f 2031/2906 2032/2919 2040/2924
f 2032/2919 2030/2918 2026/2920
f 2037/2907 2031/2906 2027/2923
f 2027/2925 2031/2926 2040/2927
f 2040/2924 2032/2919 2026/2920
f 2039/2928 2027/2925 2042/2887
f 2043/2880 2016/2881 2041/2929
f 2043/2880 2041/2929 2044/2873
f 2041/2929 2024/2930 2044/2873
f 2027/2925 2040/2927 2042/2887
f 2025/2931 2024/2930 2041/2929
f 2024/2930 2023/2932 2044/2873
f 682/904 2039/2928 2042/2887
f 682/904 2042/2887 2009/2886
f 2044/2873 2010/2872 2043/2880
f 2042/2887 2040/2927 2045/2889
f 681/2933 2008/2871 2044/2873
f 681/1371 2044/2934 2023/1372
f 2042/2887 2045/2889 2018/2888
f 2021/2902 2046/2894 2001/2912
f 2001/2912 2046/2894 2000/2935
f 2001/2912 2005/2936 2004/2937
f 2056/2938 2004/2937 2005/2936
f 2014/2939 2048/2940 2049/2941
f 2048/2940 2045/2942 2049/2941
f 2015/2943 2054/2944 2050/2945
f 2053/2946 2050/2945 2052/2947
f 2052/2947 2050/2945 2054/2944
f 2034/2914 2055/2948 2028/2903
f 2028/2903 2055/2948 2052/2947
f 2052/2947 2054/2944 2028/2903
f 2026/2904 2028/2903 2054/2944
f 2015/2943 2050/2945 2012/2949
f 2052/2947 2051/2950 2053/2946
f 2051/2950 2016/2881 2053/2946
f 2012/2949 2050/2945 2053/2946
f 2012/2949 2053/2946 2013/2951
f 2054/2944 2015/2943 2049/2941
f 2026/2904 2054/2944 2049/2941
f 2015/2943 2012/2949 2014/2939
f 2053/2946 2010/2872 2013/2951
f 2053/2946 2016/2881 2010/2872
f 2049/2941 2015/2943 2014/2939
f 2014/2877 2011/2876 2230/2952
f 2230/2953 2203/2954 2014/2939
f 2049/2955 2040/2956 2026/2957
f 2040/2958 2049/2941 2045/2942
f 2048/2940 2014/2939 2203/2954
f 2045/2942 2048/2940 2056/2938
f 2048/2940 2203/2954 2056/2938
f 2005/2936 2045/2942 2056/2938
f 2203/2954 2004/2937 2056/2938
f 2021/2902 1051/2896 2046/2894
f 2058/2959 2224/2960 2059/2961
f 2060/2962 2057/2963 2225/2964
f 2222/2965 2062/2966 2061/2967
f 2223/2676 2060/2962 2063/2677
f 2073/2968 2064/2969 2065/2970
f 2065/2970 2184/2971 2185/2972
f 1877/2789 2067/2788 2068/2973
f 2069/2974 2114/2975 2115/2976
f 2074/2977 2108/2978 2115/2976
f 1878/2678 2073/2968 1879/2679
f 3676/2979 3730/2980 3727/2981
f 2074/2977 2116/2982 2079/2983
f 1879/2679 2081/2984 1880/2680
f 1881/2985 1880/2680 2081/2984
f 2078/2986 2082/2987 2077/2988
f 2078/2989 2079/2983 2080/2990
f 1881/2985 2081/2984 1933/2991
f 2082/2992 2078/2993 2195/2994
f 2083/2995 2195/2996 2078/2989
f 2083/2995 2078/2989 2080/2990
f 2080/2990 2095/2997 2083/2995
f 2086/2998 1933/2991 2081/2984
f 2086/2998 2090/2685 1933/2991
f 2083/2995 2092/2999 2091/3000
f 2083/2995 2095/2997 2092/2999
f 2097/3001 2087/3002 2085/3003
f 2373/3004 2370/3005 2273/3006
f 2093/3007 2089/3008 2087/3002
f 2084/3009 2075/3010 2096/3011
f 2075/3010 2073/2968 2098/3012
f 2075/3010 2098/3012 4266/3013
f 2100/3014 2093/3007 2087/3002
f 2075/3010 4265/3015 2105/3016
f 2105/3016 2107/3017 2106/3018
f 2225/2964 2224/2960 2058/2959
f 2061/2967 2224/2960 2222/2965
f 2082/3019 2195/2996 2194/3020
f 2198/3021 2091/3000 2103/3022
f 2106/3018 1940/3023 2105/3016
f 2100/3014 2097/3001 2199/3024
f 2098/3012 2257/3025 2099/3026
f 4264/3027 4265/3028 2104/3029
f 2182/3030 2079/2983 2078/2989
f 2075/3010 2081/2984 2073/2968
f 2109/3031 2079/2983 2182/3030
f 2074/2977 2079/2983 2109/3031
f 2151/3032 2141/3033 2158/3034
f 2129/3035 2112/3036 2110/3037
f 2074/2977 2072/3038 2116/2982
f 2073/2968 1878/2678 2071/3039
f 2074/2977 2115/2976 2072/3038
f 2071/3039 1878/2678 1884/3040
f 1884/3040 2070/3041 2071/3039
f 1879/2679 2073/2968 2081/2984
f 2071/3039 2070/3041 2064/2969
f 2108/2978 2066/3042 2115/2976
f 2098/3012 2099/3026 4266/3013
f 2108/2978 2185/2972 2066/3042
f 2069/2974 2115/2976 2066/3042
f 2064/2969 2070/3041 1877/2789
f 1877/2789 2070/3041 1883/2787
f 1877/2789 2068/2973 2064/2969
f 2108/2978 2065/2970 2185/2972
f 2068/2973 2067/2788 1876/3043
f 2064/2969 2068/2973 2063/2677
f 2063/2677 2068/2973 1876/3043
f 2064/2969 2058/2959 2065/2970
f 1886/2675 2063/2677 1876/3043
f 2065/2970 2183/3044 2184/2971
f 2096/3011 2075/3010 2105/3016
f 2058/2959 2061/2967 2065/2970
f 2183/3044 2065/2970 2062/2966
f 2065/2970 2061/2967 2062/2966
f 2064/2969 2063/2677 2060/2962
f 3566/3045 3571/3046 3572/3047
f 2073/2968 2071/3039 2064/2969
f 2225/2964 2058/2959 2060/2962
f 2222/2965 2110/3048 2062/2966
f 2059/2961 2224/2960 2061/2967
f 2223/2676 2057/2963 2060/2962
f 2088/3049 2195/2996 2083/2995
f 2073/2968 2089/3008 2098/3012
f 2084/3009 2081/2984 2075/3010
f 2089/3008 2101/3050 2094/3051
f 2090/2685 2086/2998 1882/2686
f 2058/2959 2064/2969 2060/2962
f 2089/3008 2094/3051 2098/3012
f 2103/3022 2091/3000 2092/2999
f 2101/3050 2089/3008 2093/3007
f 2097/3001 2100/3014 2087/3002
f 2084/2856 2096/3052 1882/2858
f 2108/2978 2073/2968 2065/2970
f 2096/3011 2105/3016 1940/3023
f 3576/3053 3547/3054 3575/3055
f 2088/3049 2083/2995 2091/3000
f 2102/3056 2092/2999 2095/2997
f 3575/3055 3548/3057 3572/3047
f 2120/3058 2191/3059 2119/3060
f 2121/3061 2122/3062 2120/3058
f 2123/3063 2121/3061 2119/3060
f 2122/3062 2192/3064 2120/3058
f 2114/3065 2175/3066 2189/3067
f 2125/3068 2179/2587 1825/2586
f 2126/3069 1852/3070 2128/3071
f 1852/2599 2126/2349 1612/2346
f 1612/2346 2126/2349 1608/2351
f 2125/3072 1825/2590 2130/2628
f 2138/3073 2132/3074 2137/3075
f 2146/3076 2145/3077 2176/3078
f 2072/3079 2117/3080 2116/3081
f 2120/3082 2192/3083 2190/3084
f 2191/3085 2118/3086 2152/3087
f 2191/3059 2123/3063 2119/3060
f 2151/3032 2282/3088 2149/3089
f 3573/3090 3587/3091 3742/3092
f 2121/3061 2123/3063 2267/3093
f 2247/3094 2156/3095 2160/3096
f 2147/3097 2157/2860 2162/3098
f 2165/3099 2167/3100 2171/3101
f 2168/3102 2147/3097 2305/3103
f 2120/3058 2119/3060 2121/3061
f 2325/3104 2173/3105 2172/3106
f 2148/3107 2147/3097 2164/3108
f 2152/3087 2174/3109 2123/3110
f 2293/3111 2161/3112 2165/3099
f 2191/3085 2152/3087 2123/3110
f 2155/3113 2152/3087 2118/3086
f 2150/3114 2154/3115 2153/3116
f 2150/3114 2153/3116 2155/3113
f 2154/3115 2150/3114 2156/3095
f 2165/3099 2161/3112 2141/3033
f 2147/3097 2148/3107 2165/3099
f 2116/3081 2117/3080 2192/3083
f 2158/3034 2141/3033 2161/3112
f 2118/3086 2191/3085 2175/3066
f 2149/3089 2141/3033 2151/3032
f 2191/3085 2189/3067 2175/3066
f 3988/2861 2157/2860 2147/3097
f 2141/3033 2149/3089 2150/3114
f 2188/3117 2114/3065 2189/3067
f 2147/3097 2165/3099 2146/3076
f 2144/3118 2165/3099 2141/3033
f 3988/2861 2147/3097 2146/3076
f 2146/3076 2165/3099 2144/3118
f 2144/3118 2143/3119 2146/3076
f 2141/3033 2150/3114 2138/3073
f 2145/3077 2146/3076 2143/3119
f 2145/3077 3984/3120 2176/3078
f 3984/3120 3983/3121 2176/3078
f 2150/3114 2175/3066 2113/3122
f 2144/3118 2142/3123 2143/3119
f 2145/3077 2143/3119 2139/3124
f 2144/3118 2141/3033 2140/3125
f 2138/3073 2150/3114 2177/3126
f 3984/3120 2145/3077 2139/3124
f 2178/3127 2143/3119 2142/3123
f 2140/3125 2141/3033 2138/3073
f 2138/3073 2137/3075 2140/3125
f 2178/3127 2139/3124 2143/3119
f 2136/3128 2144/3118 2140/3125
f 2142/3123 2136/3128 2178/3127
f 2142/3123 2144/3118 2136/3128
f 3984/3120 2139/3124 2134/3129
f 2178/3127 2134/3129 2139/3124
f 2140/3125 2137/3075 2136/3128
f 2150/3114 2113/3122 2129/3035
f 3984/3120 2134/3129 2135/3130
f 2135/3130 3983/3121 3984/3120
f 2177/3126 2150/3114 2129/3035
f 2178/3127 2180/2613 2134/3129
f 2136/3128 2133/2614 2178/3127
f 2125/3072 2132/3074 2138/3073
f 1846/2624 2135/3130 2134/3129
f 2178/3127 2133/2614 2180/2613
f 2133/2614 2136/3128 2137/3075
f 2125/3072 2138/3073 2177/3126
f 2125/3072 2177/3126 2179/2631
f 3587/3091 3741/3131 3742/3092
f 2137/3075 2132/3074 2131/3132
f 2134/3129 2180/2613 1847/2615
f 2137/3075 2131/3132 2133/2614
f 2112/3036 2129/3035 2113/3122
f 2134/3129 1847/2615 1846/2624
f 1845/2622 2135/3130 1848/2623
f 1848/2623 2135/3130 1846/2624
f 1849/2619 2133/2614 2131/3132
f 2177/3126 2181/2593 2179/2631
f 1847/2615 2133/2614 1849/2619
f 2130/2628 2131/3132 2132/3074
f 2130/2628 2132/3074 2125/3072
f 1825/2590 1840/2589 2130/2628
f 2177/3126 2128/3071 2181/2593
f 2177/3126 2129/3035 2128/3071
f 2131/3132 2130/2628 1849/2619
f 2129/3035 2110/3037 2221/3133
f 2129/3035 2221/3133 2217/3134
f 2128/3071 2129/3035 2217/3134
f 1852/3070 2181/2593 2128/3071
f 2155/3113 2153/3116 2159/3135
f 1664/2412 1677/2428 1663/2411
f 2158/3034 2161/3112 2127/3136
f 2153/3116 2154/3115 2159/3135
f 2156/3095 2149/3089 2160/3096
f 3891/3137 3916/3138 3893/3139
f 2159/3135 2154/3115 2156/3095
f 2167/3100 2165/3099 2294/3140
f 2263/3141 2372/3142 2339/2766
f 2147/3097 2162/3098 2305/3103
f 2299/3143 2164/3108 2147/3097
f 2293/3111 2289/3144 2166/3145
f 2294/3140 2165/3099 2148/3107
f 2171/3146 2169/3147 2165/3148
f 2169/3147 2171/3146 2172/3149
f 2182/3150 2077/2988 2109/3151
f 2183/3044 2110/3048 2111/3152
f 2184/2971 2112/2750 2185/2972
f 2066/3042 2185/2972 2186/2749
f 2186/3153 2187/3154 2066/3155
f 2187/3156 2186/2749 2113/2751
f 2187/3156 2113/2751 2069/2974
f 2187/3154 2069/3157 2066/3155
f 2114/2975 2188/3158 2115/2976
f 2115/2976 2188/3158 2072/3038
f 2191/3059 2190/3159 2117/3160
f 2117/3160 2189/3161 2191/3059
f 2191/3059 2120/3058 2190/3159
f 2116/2982 2192/3064 2079/2983
f 2079/2983 2192/3064 2122/3062
f 2076/3162 2077/3163 2082/3019
f 4265/3015 2075/3010 2104/3164
f 2122/3062 2080/2990 2079/2983
f 2085/3003 2193/3165 2196/3166
f 2122/3062 2121/3061 2267/3093
f 2085/3003 2198/3021 2097/3001
f 2198/3021 2197/3167 2097/3001
f 2103/3022 2092/2999 2102/3056
f 2095/2997 2268/3168 2102/3056
f 2117/3080 2190/3084 2192/3083
f 2082/3019 2194/3020 2076/3162
f 2193/3165 2194/3020 2195/2996
f 2196/3166 2195/2996 2088/3049
f 2122/3062 2095/2997 2080/2990
f 2198/3021 2196/3166 2091/3000
f 2091/3000 2196/3166 2088/3049
f 2194/3020 2193/3165 2076/3162
f 2198/3021 2103/3022 2197/3167
f 2097/3001 2197/3167 2199/3024
f 2111/3152 2112/2750 2184/2971
f 2112/2750 2186/2749 2185/2972
f 2196/3166 2198/3021 2085/3003
f 2197/3167 2103/3022 2200/3169
f 2197/3167 2200/3169 2199/3024
f 2183/3044 2111/3152 2184/2971
f 2110/3048 2183/3044 2062/2966
f 2095/2997 2122/3062 2268/3168
f 2203/3170 2202/3171 2201/3172
f 2203/2954 2201/3173 2004/2937
f 2004/2937 2201/3173 2047/2913
f 2201/3173 2232/3174 2047/2913
f 2047/2913 2001/2912 2004/2937
f 2208/3175 570/3176 2214/3177
f 2209/3178 2206/3179 2204/3180
f 570/811 2207/3181 2209/3182
f 2205/114 2209/3182 2204/3183
f 2238/112 2205/114 2204/3183
f 2209/3178 2207/3184 2206/3179
f 2213/3185 2204/3180 2206/3179
f 2204/3180 2213/3185 2238/3186
f 2206/3179 2210/3187 2213/3185
f 2206/3179 2207/3184 2210/3187
f 2214/836 2241/838 2208/3188
f 570/3176 2208/3175 2207/3189
f 2209/3182 2205/114 570/811
f 2215/2693 1609/2362 2216/3190
f 2217/3134 1611/3191 2128/3071
f 2221/3133 2218/3192 2217/3134
f 2219/2687 2221/3193 2222/3194
f 2219/2687 2057/3195 2223/2688
f 2057/3195 2219/2687 2225/3196
f 2224/3197 2225/3196 2219/2687
f 2221/3133 2110/3037 2222/3198
f 2224/3197 2219/2687 2222/3194
f 2218/3199 2221/3193 2219/2687
f 2219/2687 2220/2673 2218/3199
f 1872/2672 2218/3199 2220/2673
f 1872/2672 2215/2693 2218/3199
f 2218/3200 2216/2353 2217/3201
f 2216/3190 2218/3199 2215/2693
f 2217/3201 2216/2353 1611/2350
f 2126/2349 2128/3202 1611/2350
f 2226/3203 676/3204 1022/3205
f 676/3204 2226/3203 2229/3206
f 677/931 679/882 2017/1370
f 2228/2879 2230/2952 2011/2876
f 2226/3203 2227/3207 2229/3206
f 2230/2952 2228/2879 2229/3206
f 679/882 2228/2879 2017/1370
f 2008/3208 681/1371 2017/1370
f 2226/3209 2231/3210 2227/3211
f 2231/3210 2201/3173 2202/3212
f 2226/3209 1022/3213 2231/3210
f 2233/3214 2201/3173 2231/3210
f 2231/3210 1022/3213 2233/3214
f 2232/3174 2201/3173 2233/3214
f 679/882 2229/3206 2228/2879
f 679/882 676/3204 2229/3206
f 2231/3210 2202/3212 2227/3211
f 2230/3215 2229/3216 2227/3217
f 2227/3217 2203/3170 2230/3215
f 2202/3171 2203/3170 2227/3217
f 2234/3218 2235/3219 2236/3220
f 2234/3221 2155/3113 2235/3222
f 2234/3221 2124/3223 2155/3113
f 2236/3220 2235/3219 2237/3224
f 2213/3185 2239/3225 60/3226
f 2213/3185 2210/3187 2239/3225
f 4123/3227 4122/3228 4119/3229
f 3546/115 3545/1945 2243/1944
f 2210/3187 3538/3230 4051/3231
f 2973/3232 2245/3233 2636/3234
f 2973/3232 2210/3187 2245/3233
f 2210/3187 2243/3235 2240/3236
f 2243/3235 2210/3187 2970/3237
f 2210/3187 2240/3236 250/3238
f 2208/3188 2210/3187 2207/3184
f 2213/3185 60/3226 2238/3186
f 2243/3235 2242/3239 2240/3236
f 2241/838 2244/3240 2210/3187
f 2241/838 2211/837 575/3241
f 2241/838 575/3241 2244/3240
f 3920/3242 3916/3138 3921/3243
f 3546/3244 2243/3235 2970/3237
f 2210/3187 250/3238 2239/3225
f 4056/3245 4053/3246 4054/3247
f 3538/3230 4045/3248 4051/3231
f 2970/3237 2210/3187 2972/3249
f 4053/3246 2245/3233 4054/3247
f 4054/3247 2210/3187 4051/3231
f 2245/3233 2773/3250 2636/3234
f 2210/3187 4054/3247 2245/3233
f 2637/3251 2638/3252 2636/3234
f 2637/3251 2636/3234 2773/3250
f 2241/838 2210/3187 2208/3188
f 2210/3187 2244/3240 3538/3230
f 2973/3253 2971/3254 2972/3255
f 2072/3038 2188/3158 2189/3161
f 2189/3256 2117/3257 2072/3258
f 2078/2986 2077/2988 2182/3150
f 2193/3165 2195/2996 2196/3166
f 2247/3259 2246/3260 2156/3261
f 2248/3262 2315/3263 2252/3264
f 2252/3264 2313/3265 2254/3266
f 2313/3265 2312/3267 2254/3266
f 2252/3264 2315/3263 2313/3265
f 2250/3268 2315/3263 2249/3269
f 2285/3270 2248/3262 2252/3264
f 4263/3271 2292/3272 2252/3264
f 4263/3271 2298/3273 2292/3272
f 2298/3273 2288/3274 2292/3272
f 2249/3269 2255/3275 2253/3276
f 2266/3277 2250/3268 2249/3269
f 2255/3275 2329/3278 2253/3276
f 4263/3271 2252/3264 2254/3266
f 2315/3263 2248/3262 2249/3269
f 2251/3279 2253/3276 2329/3278
f 2094/3280 2101/3281 2256/3282
f 2364/3283 2365/3284 2339/2766
f 4264/3027 2107/3285 4265/3028
f 2256/3282 2364/3283 2257/3286
f 1961/3287 4268/2767 3934/3288
f 2107/3017 2105/3016 4265/3015
f 2259/3289 2258/2747 1950/2746
f 2257/3025 2098/3012 2094/3051
f 2265/3290 2256/3282 2101/3281
f 2339/2766 2259/3291 2257/3286
f 2099/3292 2257/3286 4266/3293
f 3920/3242 3927/3294 3918/3295
f 4143/3296 4125/3297 4123/3227
f 2362/3298 2281/3299 2271/3300
f 1945/2865 2106/3301 2107/3302
f 1945/2865 1940/2738 2106/3301
f 1948/2757 2259/3289 1903/2864
f 236/359 214/355 215/357
f 1956/2758 1993/2734 1955/2748
f 1946/2742 1945/2865 2262/3303
f 1949/2745 1902/2754 2262/3303
f 1902/2754 1946/2742 2262/3303
f 2260/2755 1949/2745 2261/3304
f 1948/2757 2260/2755 2259/3289
f 2100/3305 2199/3306 2200/3307
f 1950/2746 1903/2864 2259/3289
f 2261/3304 1949/2745 2262/3303
f 2362/3298 2271/3300 2265/3290
f 3925/3308 3933/3309 3932/3310
f 2261/3311 4266/3293 2259/3291
f 2378/3312 2280/3313 3927/3314
f 2258/3315 2339/2766 1955/3316
f 4268/2767 3933/3317 3934/3288
f 2339/2766 1956/3318 1955/3316
f 1421/2055 1474/3319 1331/3320
f 1421/3321 1331/1894 1419/1895
f 1425/2049 1474/3319 1421/2055
f 1534/2332 1562/2334 1524/3322
f 1100/1492 1309/3323 1105/1520
f 1117/3324 1105/1520 1309/3323
f 1113/1524 1105/1520 1117/3324
f 1113/1524 1117/3324 1308/3325
f 1116/1525 1113/1524 1155/3326
f 1155/3326 1113/1524 1308/3325
f 1155/3326 1308/3325 1169/3327
f 1308/1806 1170/1590 1169/1358
f 1180/1601 1155/3326 1169/3327
f 1180/1601 1169/3327 1220/3328
f 1180/1601 1220/3328 1219/1651
f 1180/1601 1116/1525 1155/3326
f 1563/3329 1524/3322 1533/3330
f 1476/2097 1475/3331 1428/2098
f 3929/3332 4183/3333 3930/3334
f 2373/3004 2354/3335 2334/3336
f 2333/3337 2263/3141 2368/3338
f 2271/3300 2364/3283 2256/3282
f 2326/3339 2372/3142 2263/3141
f 2339/2766 2348/3340 2376/3341
f 4183/3342 1995/2773 4182/2774
f 2262/3343 4264/3027 2261/3311
f 4181/3344 4183/3333 3929/3332
f 2339/2766 2251/3279 2263/3141
f 2266/3277 2249/3269 2253/3276
f 2266/3277 2253/3276 2251/3279
f 2124/3223 2152/3087 2155/3113
f 2237/3224 2270/3345 2269/3346
f 3991/3347 2274/3348 2275/3349
f 2363/3350 2320/3351 2350/3352
f 2152/3087 2124/3223 2174/3109
f 2288/3353 2158/3034 2127/3136
f 2174/3354 2124/3355 2355/3356
f 2355/3356 2124/3355 2286/3357
f 2284/3358 2272/3359 2283/3360
f 2151/3361 2283/3362 2282/3363
f 2287/3364 2151/3032 2158/3034
f 2151/3032 2287/3364 2283/3365
f 2147/3097 2163/3366 2299/3143
f 2161/3367 2248/3262 2285/3270
f 2299/3143 2163/3366 2296/3368
f 2289/3369 2165/3370 2169/3371
f 2162/3098 2157/2860 2304/3372
f 2163/3366 2295/3373 2296/3368
f 2297/3374 2300/3375 2306/3376
f 2166/3377 2301/3378 2293/3379
f 2302/3380 2294/3140 2148/3107
f 2296/3368 2295/3373 2168/3102
f 2167/3381 2173/3105 2171/3382
f 2166/3377 2307/3383 2301/3378
f 2304/3372 2157/2860 2311/3384
f 2302/3380 2309/3385 2303/3386
f 2173/3105 2167/3381 2303/3387
f 2170/3388 2157/2860 2314/3389
f 2299/3390 2273/3006 2308/3391
f 2331/3392 2305/3103 2304/3372
f 2349/3393 2274/3394 3992/3395
f 2319/3396 3993/3397 2276/3398
f 2149/3399 2284/3400 2160/3401
f 2286/3357 2269/3346 2281/3299
f 2301/3378 2248/3262 2293/3379
f 2162/3098 2304/3372 2305/3103
f 2166/3377 2289/3402 2307/3383
f 2164/3108 2299/3143 2308/3403
f 2168/3102 2305/3103 2331/3392
f 2311/3384 2157/2860 2170/3388
f 2273/3006 2296/3404 2310/3405
f 2300/3375 4263/3271 2323/3406
f 2300/3375 2323/3406 2306/3376
f 2309/3407 2326/3339 2303/3387
f 2307/3383 2172/3106 2329/3278
f 2308/3391 2326/3339 2309/3407
f 2323/3406 2332/3408 2327/3409
f 2172/3106 2368/3338 2329/3278
f 2329/3278 2255/3275 2307/3383
f 2172/3106 2173/3105 2333/3337
f 2313/3265 2315/3263 2312/3267
f 2173/3105 2330/3410 2333/3337
f 2170/3411 2314/3412 2375/3413
f 2312/3267 2315/3263 2332/3408
f 2330/3410 2263/3141 2333/3337
f 2310/3405 2371/3414 2338/3415
f 2338/3415 2354/3335 2310/3405
f 2335/3416 2304/3417 2336/3418
f 3934/3288 3931/3419 3930/3334
f 2339/2766 2367/3420 2332/3408
f 2089/3008 2073/2968 2108/2978
f 2337/3421 2315/3263 2250/3268
f 2315/3263 2337/3421 2332/3408
f 2250/3268 2266/3277 2337/3421
f 2341/3422 2328/3423 2343/3424
f 2375/3413 2336/3418 2311/3425
f 2337/3421 2251/3279 2339/2766
f 2337/3421 2266/3277 2251/3279
f 2338/3415 2371/3414 2340/3426
f 2371/3414 2341/3422 2340/3426
f 2341/3422 2345/3427 2340/3426
f 2340/3426 2345/3427 2346/3428
f 2346/3428 2374/3429 2342/3430
f 2346/3428 2348/3340 2374/3429
f 2350/3352 2320/3351 2349/3431
f 2350/3352 2349/3431 2377/3432
f 3918/3433 2280/3313 2353/3434
f 4026/3435 2351/3436 2321/3437
f 2322/3438 2279/3439 2351/3436
f 2353/3434 2280/3313 4035/3440
f 2328/3423 2168/3441 2331/3442
f 2282/3443 2283/3360 2272/3359
f 2293/3379 2248/3262 2161/3367
f 2289/3144 2293/3111 2165/3099
f 2163/3366 2147/3097 2295/3373
f 2286/3357 2236/3220 2269/3346
f 2358/3444 2291/3445 2246/3446
f 2291/3447 2358/3448 2356/3449
f 2147/3097 2168/3102 2295/3373
f 2289/3402 2169/3450 2307/3383
f 2302/3380 2303/3386 2167/3100
f 2302/3380 2164/3108 2309/3385
f 2273/3006 2299/3390 2296/3404
f 2164/3108 2308/3403 2309/3385
f 1444/2019 1429/2042 1437/2038
f 2317/3451 3991/3347 2275/3349
f 3992/3452 2274/3348 3991/3347
f 2319/3396 2349/3453 3992/3452
f 2349/3453 2319/3396 2321/3454
f 2321/3454 2276/3398 4026/3455
f 2360/3456 2361/3457 2297/3374
f 2282/3458 2272/3459 2149/3399
f 2124/3355 2234/3218 2286/3357
f 2286/3357 2234/3218 2236/3220
f 2156/3460 2291/3445 2159/3461
f 2268/3462 2267/3463 2290/3464
f 2123/3465 2174/3354 2357/3466
f 2155/3467 2159/3468 2270/3469
f 2290/3464 2267/3463 2357/3466
f 2357/3466 2355/3356 2281/3299
f 2160/3401 2246/3446 2247/3470
f 2288/3274 2298/3273 2300/3375
f 2297/3374 2288/3274 2300/3375
f 2292/3272 2285/3270 2252/3264
f 2284/3400 2283/3471 2324/3472
f 2283/3471 2287/3473 2324/3472
f 2248/3262 2301/3378 2249/3269
f 2264/3474 2268/3462 2290/3464
f 2264/3474 2357/3466 2362/3298
f 2284/3400 2359/3475 2160/3401
f 2168/3441 2310/3405 2296/3404
f 2357/3466 2281/3299 2362/3298
f 2371/3414 2168/3441 2328/3423
f 2318/3476 2316/3477 2314/3412
f 2321/3454 2319/3396 2276/3398
f 4026/3435 2322/3438 2351/3436
f 2127/3478 2161/3367 2285/3270
f 2355/3356 2286/3357 2281/3299
f 2310/3405 2168/3441 2371/3414
f 2363/3350 2275/3479 2320/3351
f 2284/3400 2324/3472 2359/3475
f 2265/3290 2200/3307 2102/3480
f 2324/3472 2287/3473 2361/3457
f 2171/3382 2173/3105 2325/3104
f 2102/3480 2268/3462 2264/3474
f 2297/3374 2306/3376 2360/3456
f 2171/3382 2325/3104 2172/3106
f 2301/3378 2307/3383 2255/3275
f 2093/3481 2100/3305 2265/3290
f 2269/3346 2270/3345 2271/3300
f 2364/3283 2339/2766 2257/3286
f 2361/3457 2365/3284 2324/3472
f 2307/3482 2169/3483 2172/3484
f 2249/3269 2301/3378 2255/3275
f 2102/3056 2200/3169 2103/3022
f 2306/3376 2323/3406 2327/3409
f 2265/3290 2102/3480 2264/3474
f 3570/3485 3742/3486 3676/3487
f 2303/3387 2330/3410 2173/3105
f 2326/3339 2366/3488 2303/3387
f 2265/3290 2264/3474 2362/3298
f 2270/3345 2356/3489 2369/3490
f 2356/3489 2358/3444 2364/3283
f 2356/3489 2364/3283 2369/3490
f 2324/3472 2364/3283 2359/3475
f 2273/3006 2310/3405 2373/3004
f 2365/3284 2361/3457 2360/3456
f 2306/3376 2327/3409 2367/3420
f 2354/3335 2373/3004 2310/3405
f 2308/3391 2273/3006 2370/3005
f 2303/3387 2366/3488 2330/3410
f 2331/3442 2304/3417 2335/3416
f 2271/3300 2270/3345 2369/3490
f 2324/3472 2365/3284 2364/3283
f 2172/3106 2333/3337 2368/3338
f 2330/3410 2366/3488 2263/3141
f 2262/3343 1945/3491 2107/3285
f 2360/3456 2306/3376 2367/3420
f 2328/3423 2341/3422 2371/3414
f 2370/3005 2372/3142 2308/3391
f 2326/3339 2308/3391 2372/3142
f 2311/3425 2336/3418 2304/3417
f 2311/3425 2170/3411 2375/3413
f 2375/3413 2314/3412 2316/3477
f 2339/2766 1959/2768 1956/3318
f 2334/3336 2354/3335 2338/3415
f 2263/3141 2366/3488 2326/3339
f 2334/3336 2374/3429 2373/3004
f 2331/3442 2335/3416 2328/3423
f 2352/3492 3927/3314 3932/3493
f 2376/3341 2375/3413 2347/3494
f 2339/2766 2360/3456 2367/3420
f 2370/3005 2373/3004 2372/3142
f 2100/3305 2200/3307 2265/3290
f 2374/3429 2334/3336 2342/3430
f 2372/3142 2373/3004 2374/3429
f 2328/3423 2335/3416 2344/3495
f 2341/3422 2343/3424 2345/3427
f 2316/3477 2317/3496 2277/3497
f 2274/3394 2349/3393 2275/3498
f 2338/3415 2346/3428 2342/3430
f 2343/3424 2328/3423 2344/3495
f 2349/3431 2320/3351 2275/3479
f 2345/3427 2343/3424 2348/3340
f 2338/3415 2340/3426 2346/3428
f 2336/3418 2375/3413 2376/3341
f 2335/3416 2336/3418 2376/3341
f 2344/3495 2335/3416 2376/3341
f 2375/3413 2316/3477 2347/3494
f 2317/3496 2363/3350 2350/3352
f 2372/3142 2374/3429 2339/2766
f 2348/3340 2343/3424 2344/3495
f 2316/3477 2277/3497 2347/3494
f 2317/3496 2350/3352 2277/3497
f 2346/3428 2345/3427 2348/3340
f 2348/3340 2344/3495 2376/3341
f 2278/3499 2347/3494 2277/3497
f 2278/3499 2277/3497 2350/3352
f 2271/3300 2369/3490 2364/3283
f 2352/3492 3932/3493 2347/3494
f 2377/3432 2349/3431 2321/3437
f 2350/3352 2352/3492 2278/3499
f 2347/3494 2278/3499 2352/3492
f 2377/3432 2321/3437 2378/3312
f 2377/3432 2378/3312 2352/3492
f 2377/3432 2352/3492 2350/3352
f 2378/3312 2321/3437 2351/3436
f 2351/3436 2279/3439 2379/3500
f 3930/3501 3928/3502 3929/3503
f 2378/3312 2351/3436 2280/3313
f 2280/3313 2351/3436 2379/3500
f 2280/3313 2379/3500 4035/3440
f 2259/3291 2339/2766 2258/3315
f 2334/3336 2338/3415 2342/3430
f 1959/3504 1957/3505 1943/3506
f 2291/3445 2156/3460 2246/3446
f 2149/3399 2272/3459 2284/3400
f 2122/3507 2267/3463 2268/3462
f 2235/3222 2155/3113 2270/3508
f 2267/3463 2123/3465 2357/3466
f 2288/3274 2127/3478 2292/3272
f 2355/3356 2357/3466 2174/3354
f 2291/3509 2356/3510 2159/3511
f 2285/3270 2292/3272 2127/3478
f 2235/3512 2270/3513 2237/3514
f 2158/3515 2288/3274 2297/3374
f 2156/3095 2150/3114 2149/3089
f 2358/3444 2246/3446 2359/3475
f 3742/3092 3730/2980 3676/2979
f 2264/3474 2290/3464 2357/3466
f 2269/3346 2236/3220 2237/3224
f 2246/3446 2160/3401 2359/3475
f 2287/3473 2158/3515 2297/3374
f 2302/3380 2167/3100 2294/3140
f 6/8 7/7 8/800
f 2281/3299 2269/3346 2271/3300
f 2287/3473 2297/3374 2361/3457
f 2359/3475 2364/3283 2358/3444
f 2318/3476 2317/3496 2316/3477
f 2363/3350 2317/3496 2275/3479
f 2251/3279 2329/3278 2368/3338
f 2076/3516 2109/3517 2077/3518
f 2507/3519 2520/1373 2387/3520
f 2388/3521 2498/3522 2394/3523
f 2404/3524 2402/3525 2405/3526
f 2030/2918 2406/3527 2036/2911
f 2406/3527 2033/2917 2408/3528
f 2404/3524 2405/3526 2414/3529
f 2418/3530 2461/3531 2421/3532
f 2419/3533 2418/3530 2421/3532
f 2458/3534 2421/3532 2461/3531
f 2427/3535 2425/3536 2428/3537
f 2425/3536 2432/3538 2430/3539
f 2430/3539 2432/3538 2434/3540
f 2428/3537 2430/3539 2431/3541
f 2430/3539 2434/3540 2437/3542
f 2434/3540 2433/3543 2435/3544
f 2430/3539 2436/3545 2431/3541
f 2436/3545 2430/3539 2437/3542
f 2435/3544 2438/3546 2434/3540
f 2438/3546 2437/3542 2434/3540
f 2438/3546 2439/3547 2437/3542
f 2441/3548 2439/3547 2440/3549
f 2428/3537 2425/3536 2430/3539
f 2439/3547 2441/3548 2437/3542
f 2384/1946 2467/3550 2512/3551
f 2443/3552 2442/3553 2445/3554
f 3449/3555 3836/3556 2436/3545
f 2443/3552 2445/3554 2444/3557
f 2440/3549 2439/3547 3503/3558
f 2436/3545 2437/3542 3449/3555
f 2438/3546 2435/3544 2439/3547
f 2442/3553 3503/3558 2446/3559
f 2860/3560 2444/3557 2448/3561
f 2442/3553 2446/3559 2445/3554
f 2446/3559 3503/3558 2447/3562
f 3503/3558 2439/3547 2447/3562
f 2447/3562 2439/3547 2435/3544
f 3836/3556 2431/3541 2436/3545
f 2444/3557 2445/3554 2448/3561
f 2445/3554 2446/3559 2449/3563
f 2860/3560 2443/3552 2444/3557
f 2447/3562 2435/3544 2433/3543
f 2453/3564 2860/3560 2448/3561
f 2448/3561 2445/3554 2450/3565
f 2451/3566 2445/3554 2449/3563
f 2446/3559 2447/3562 2449/3563
f 2433/3543 2434/3540 2432/3538
f 2450/3565 2445/3554 2451/3566
f 2447/3562 2433/3543 2426/3567
f 2449/3563 2447/3562 2452/3568
f 2447/3562 2426/3567 2452/3568
f 2454/3569 2453/3564 2448/3561
f 2454/3569 2448/3561 2450/3565
f 2452/3568 2451/3566 2449/3563
f 2427/3535 2428/3537 2429/3570
f 2432/3538 2425/3536 2455/3571
f 2433/3543 2432/3538 2426/3567
f 2432/3538 2455/3571 2426/3567
f 2425/3536 2427/3535 2423/3572
f 2456/3573 2454/3569 2450/3565
f 2450/3565 2451/3566 2457/3574
f 2451/3566 2452/3568 2457/3574
f 2452/3568 2426/3567 2424/3575
f 2458/3534 2425/3536 2423/3572
f 2455/3571 2425/3536 2458/3534
f 2454/3569 2456/3573 2453/3564
f 2456/3573 2450/3565 2457/3574
f 2426/3567 2455/3571 2459/3576
f 2459/3576 2455/3571 2458/3534
f 2453/3564 2456/3573 2460/3577
f 2457/3574 2452/3568 2424/3575
f 2459/3576 2458/3534 2464/3578
f 2424/3575 2426/3567 2459/3576
f 2456/3573 2457/3574 2460/3577
f 2464/3578 2458/3534 2461/3531
f 2423/3572 2427/3535 2421/3532
f 2457/3574 2424/3575 2420/3579
f 2462/3580 2424/3575 2459/3576
f 2421/3532 2458/3534 2423/3572
f 2427/3535 2422/3581 2421/3532
f 2420/3579 2424/3575 2462/3580
f 2457/3574 2420/3579 2460/3577
f 2467/3550 3936/3582 2453/3564
f 2462/3580 2459/3576 2464/3578
f 2467/3550 2453/3564 2465/3583
f 2453/3564 2460/3577 2465/3583
f 2463/3584 2460/3577 2420/3579
f 2420/3579 2462/3580 2466/3585
f 2466/3585 2462/3580 2468/3586
f 2462/3580 2464/3578 2468/3586
f 2419/3533 2421/3532 2422/3581
f 3936/3587 2968/3588 2870/3589
f 2468/3586 2464/3578 2469/3590
f 2469/3590 2464/3578 2461/3531
f 2465/3583 2460/3577 2463/3584
f 2470/3591 2466/3585 2468/3586
f 2461/3531 2418/3530 2469/3590
f 2471/3592 2465/3583 2463/3584
f 2420/3579 2466/3585 2463/3584
f 2463/3584 2466/3585 2470/3591
f 2467/3550 2465/3583 2471/3592
f 2470/3591 2468/3586 2472/3593
f 2468/3586 2469/3590 2472/3593
f 3877/3594 3818/3595 2419/3533
f 2474/3596 2471/3592 2463/3584
f 2469/3590 2418/3530 2476/3597
f 2410/3598 2419/3533 3818/3595
f 2416/3599 2414/3529 3391/3600
f 3391/3600 2414/3529 2417/3601
f 3438/3602 2473/3603 2416/3599
f 2471/3592 2401/3604 2467/3550
f 2418/3530 2419/3533 2476/3597
f 2476/3597 2419/3533 2410/3598
f 2416/3599 2473/3603 2413/3605
f 2414/3529 2416/3599 2413/3605
f 2412/3606 2473/3603 2415/3607
f 2413/3605 2473/3603 2412/3606
f 2472/3593 2469/3590 2478/3608
f 2415/3607 2473/3603 2477/3609
f 2401/3604 2471/3592 2474/3596
f 2463/3584 2470/3591 2474/3596
f 2470/3591 2472/3593 2475/3610
f 2478/3608 2469/3590 2476/3597
f 2411/3611 2410/3598 3818/3595
f 3818/3595 3819/3612 2411/3611
f 2417/3601 2414/3529 2409/3613
f 2479/3614 2412/3606 2408/3528
f 2415/3607 2408/3528 2412/3606
f 2412/3606 2479/3614 2413/3605
f 2470/3591 2475/3610 2490/3615
f 2407/3616 3531/3617 2417/3601
f 2413/3605 2404/3524 2414/3529
f 2409/3613 2414/3529 2405/3526
f 2403/3618 2409/3613 2405/3526
f 2406/3527 2408/3528 2415/3607
f 2413/3605 2479/3614 2404/3524
f 2480/3619 2410/3598 2411/3611
f 2409/3613 2407/3616 2417/3601
f 2479/3614 2408/3528 2038/2908
f 2406/3527 2415/3607 2036/2911
f 2474/3596 2470/3591 2490/3615
f 2475/3610 2472/3593 2478/3608
f 2476/3597 2410/3598 2480/3619
f 2403/3618 2405/3526 2402/3525
f 2399/2916 2479/3614 2038/2908
f 2038/2908 2408/3528 2033/2917
f 2404/3524 2479/3614 2481/3620
f 2479/3614 2399/2916 2481/3620
f 2467/3550 2401/3604 2482/3621
f 2483/3622 2407/3616 2409/3613
f 2409/3613 2403/3618 2400/3623
f 2406/3527 2030/2918 2033/2917
f 2484/3624 2476/3597 2396/3625
f 2476/3597 2480/3619 2396/3625
f 2409/3613 2400/3623 2483/3622
f 2402/3525 2404/3524 2481/3620
f 2033/2917 2030/2918 2032/2919
f 2478/3608 2476/3597 2484/3624
f 2403/3618 2398/3626 2400/3623
f 2488/3627 2398/3626 2403/3618
f 2402/3525 2481/3620 2487/3628
f 2402/3525 2487/3628 2488/3627
f 2403/3618 2402/3525 2488/3627
f 2399/2916 2489/3629 2481/3620
f 2399/2916 2037/2907 682/2922
f 2485/3630 2478/3608 2484/3624
f 2480/3619 2411/3611 2395/3631
f 2411/3611 3815/3632 2491/3633
f 2487/3628 2481/3620 2489/3629
f 2401/3604 2474/3596 2509/3634
f 2475/3610 2478/3608 2485/3630
f 2482/3621 2401/3604 2509/3634
f 2395/3631 2411/3611 2491/3633
f 2396/3625 2480/3619 2395/3631
f 2488/3627 2487/3628 2493/3635
f 2488/3627 2493/3635 2513/1841
f 2489/3629 2399/2916 682/2922
f 2397/3636 2394/3523 2498/3522
f 2398/3626 2488/3627 2513/1841
f 2487/3628 2489/3629 693/3637
f 2474/3596 2490/3615 2509/3634
f 2494/3638 2475/3610 2485/3630
f 2485/3630 2484/3624 2499/3639
f 2484/3624 2396/3625 2499/3639
f 2491/3633 2495/3640 2392/3641
f 3429/3642 2397/3636 2393/3643
f 2393/3643 2397/3636 2502/3644
f 2397/3636 2498/3522 2502/3644
f 2493/3635 2487/3628 693/3637
f 2475/3610 2494/3638 2490/3615
f 2395/3631 2500/3645 2396/3625
f 2500/3645 2395/3631 2491/3633
f 2495/3640 2496/3646 2392/3641
f 3429/3642 2393/3643 2390/3647
f 3428/3648 2497/3649 2504/3650
f 2492/3651 2501/3652 2497/3649
f 2490/3615 2494/3638 2506/3653
f 2396/3625 2500/3645 2499/3639
f 2503/3654 3429/3642 2390/3647
f 2496/3646 2503/3654 2392/3641
f 2390/3647 2393/3643 2505/3655
f 2504/3650 2497/3649 2387/3520
f 2497/3649 2501/3652 2507/3519
f 2505/3655 2393/3643 2508/3656
f 695/1842 2513/1841 2493/3635
f 2489/3629 692/3657 693/3637
f 2489/3629 682/2922 683/3658
f 692/3657 2489/3629 683/3658
f 2509/3634 2490/3615 2506/3653
f 2500/3645 2491/3633 2516/3659
f 2491/3633 2392/3641 2516/3659
f 2503/3654 2390/3647 2511/3660
f 2392/3641 2503/3654 2511/3660
f 2394/3523 2389/3661 2388/3521
f 3430/3662 2504/3650 2387/3520
f 2389/3661 3430/3662 2387/3520
f 2387/3520 2497/3649 2507/3519
f 2393/3643 2502/3644 2508/3656
f 2467/3550 2482/3621 2512/3551
f 695/1842 2493/3635 680/3663
f 2494/3638 2485/3630 2514/3664
f 2485/3630 2499/3639 2514/3664
f 2499/3639 2510/3665 2514/3664
f 2390/3647 2505/3655 1037/1374
f 2389/3661 2387/3520 2388/3521
f 2507/3519 2501/3652 2391/3666
f 2507/3519 2391/3666 1025/1368
f 2505/3655 2508/3656 1037/1374
f 2482/3621 2509/3634 2515/3667
f 2499/3639 2500/3645 2516/3659
f 2392/3641 2511/3660 2522/3668
f 2388/3521 2387/3520 2520/1373
f 2498/3522 2388/3521 2518/1338
f 2518/1338 2508/3656 2498/3522
f 2510/3665 2499/3639 2516/3659
f 2516/3659 2392/3641 2522/3668
f 2522/3668 2511/3660 2519/3669
f 2390/3647 1037/1374 2511/3660
f 1025/1368 2391/3666 2517/1840
f 1025/1368 2517/1840 1035/1369
f 2518/1338 2388/3521 2520/1373
f 2518/1338 2520/1373 1041/1339
f 2508/3656 2518/1338 1039/1375
f 2482/3621 2515/3667 2521/3670
f 2384/1946 3936/3582 2467/3550
f 1037/1374 1040/1376 2511/3660
f 2507/3519 1025/1368 2520/1373
f 1037/1374 2508/3656 1039/1375
f 2482/3621 2521/3670 2512/3551
f 2509/3634 2506/3653 2525/3671
f 2519/3669 2511/3660 1040/1376
f 2514/3664 2510/3665 2524/3672
f 2510/3665 2523/3673 2524/3672
f 2509/3634 2525/3671 2515/3667
f 2510/3665 2516/3659 2526/3674
f 2519/3669 1040/1376 1043/1336
f 2519/3669 1043/1336 2522/3668
f 2494/3638 2514/3664 2524/3672
f 2510/3665 2526/3674 2523/3673
f 2526/3674 2516/3659 2532/3675
f 2516/3659 2522/3668 2532/3675
f 2525/3671 2506/3653 2529/3676
f 2528/3677 2523/3673 2526/3674
f 2522/3668 1043/1336 2527/1386
f 2530/3678 2494/3638 2524/3672
f 2524/3672 2523/3673 2528/3677
f 2506/3653 2494/3638 2530/3678
f 1058/1399 2522/3668 2527/1386
f 2530/3678 2524/3672 2531/3679
f 2531/3679 2524/3672 2528/3677
f 2528/3677 2526/3674 2386/3680
f 2529/3676 2506/3653 2530/3678
f 2532/3675 2522/3668 1058/1399
f 2531/3679 2528/3677 2535/3681
f 2385/3682 2386/3680 2526/3674
f 2526/3674 2532/3675 2385/3682
f 3545/1945 3936/3582 2384/1946
f 2385/3682 2532/3675 1058/1399
f 2530/3678 2531/3679 2535/3681
f 2535/3681 2528/3677 2386/3680
f 2385/3682 1058/1399 1069/1424
f 2525/3671 2529/3676 2533/3683
f 2529/3676 2534/3684 2533/3683
f 2530/3678 2535/3681 2529/3676
f 2385/3682 2383/3685 2386/3680
f 2515/3667 2525/3671 2533/3683
f 2385/3682 1069/1424 1001/1438
f 2383/3685 2385/3682 1001/1438
f 2521/3670 2515/3667 2536/3686
f 2512/3551 2521/3670 2536/3686
f 2515/3667 2533/3683 2536/3686
f 2529/3676 2535/3681 2537/3687
f 2538/3688 2386/3680 2383/3685
f 2534/3684 2382/3689 2533/3683
f 2535/3681 2386/3680 2538/3688
f 2537/3687 2535/3681 2538/3688
f 2383/3685 1001/1438 2380/3690
f 2380/3690 1001/1438 2381/1443
f 2534/3684 2529/3676 2537/3687
f 2512/3551 2536/3686 2384/1946
f 2538/3688 2383/3685 2380/3690
f 2382/3689 2534/3684 2540/3691
f 2536/3686 2533/3683 2382/3689
f 2384/1946 2536/3686 2546/3692
f 2534/3684 2537/3687 2540/3691
f 2538/3688 2380/3690 2539/3693
f 2541/3694 2537/3687 2538/3688
f 2536/3686 2382/3689 2542/3695
f 2538/3688 2539/3693 2541/3694
f 2536/3686 2542/3695 2546/3692
f 2380/3690 2381/1443 1091/1472
f 2539/3693 2380/3690 1091/1472
f 2540/3691 2537/3687 2541/3694
f 2382/3689 2540/3691 2543/3696
f 2382/3689 2543/3696 2542/3695
f 2541/3694 2539/3693 2544/3697
f 2541/3694 2544/3697 2547/1503
f 2545/3698 2540/3691 2548/3699
f 2540/3691 2545/3698 2543/3696
f 2384/1946 2546/3692 2549/3700
f 2541/3694 2550/3701 2540/3691
f 2550/3701 2541/3694 2547/1503
f 2548/3699 2540/3691 2550/3701
f 2552/1633 2384/1946 2549/3700
f 2546/3692 2553/3702 2549/3700
f 2550/3701 2547/1503 1110/1532
f 2546/3692 2542/3695 2553/3702
f 1122/1504 1110/1532 2547/1503
f 2543/3696 2545/3698 2551/3703
f 2542/3695 2543/3696 2551/3703
f 2545/3698 2548/3699 2554/3704
f 2545/3698 2554/3704 2551/3703
f 2551/3703 2554/3704 2555/3705
f 2542/3695 2551/3703 2553/3702
f 2556/3706 2550/3701 1110/1532
f 2550/3701 2556/3706 2548/3699
f 2553/3702 2551/3703 2555/3705
f 2556/3706 1110/1532 1128/1531
f 2548/3699 2556/3706 2557/3707
f 2548/3699 2557/3707 2554/3704
f 2553/3702 2555/3705 2559/3708
f 2549/3700 2553/3702 2559/3708
f 2559/3708 2555/3705 2558/3709
f 2549/3700 2559/3708 2552/1633
f 2555/3705 2554/3704 2560/3710
f 2554/3704 2557/3707 2562/3711
f 2556/3706 1128/1531 1160/1584
f 2557/3707 2556/3706 1160/1584
f 2559/3708 2561/3712 2563/3713
f 2554/3704 2562/3711 2560/3710
f 2555/3705 2560/3710 2558/3709
f 2559/3708 2558/3709 2561/3712
f 2562/3711 2557/3707 1160/1584
f 2552/1633 2559/3708 2563/3713
f 2558/3709 2560/3710 2564/1630
f 2564/1630 2560/3710 2567/1631
f 2561/3712 2558/3709 2564/1630
f 2563/3713 2561/3712 2565/1619
f 2562/3711 1160/1584 2568/3714
f 2562/3711 2566/3715 2560/3710
f 2561/3712 1193/1620 2565/1619
f 2568/3714 1160/1584 974/1593
f 1193/1620 2561/3712 2564/1630
f 2563/3713 2565/1619 2552/1633
f 2568/3714 974/1593 832/1797
f 2560/3710 1211/1647 2567/1631
f 2566/3715 2568/3714 1211/1647
f 1193/1620 2564/1630 1205/1632
f 2560/3710 2566/3715 1211/1647
f 832/1797 974/1593 1223/1646
f 2568/3714 832/1797 1211/1647
f 2562/3711 2568/3714 2566/3715
f 1098/1476 2547/1503 1091/1472
f 2544/3697 2539/3693 1091/1472
f 2544/3697 1091/1472 2547/1503
f 2400/3623 2391/3666 2501/3652
f 2486/3716 2407/3616 2483/3622
f 2486/3716 2483/3622 2492/3651
f 2492/3651 2483/3622 2501/3652
f 3422/3717 2486/3716 2492/3651
f 2501/3652 2483/3622 2400/3623
f 2400/3623 2398/3626 2391/3666
f 2391/3666 2398/3626 2513/1841
f 2502/3644 2498/3522 2508/3656
f 2493/3635 693/3637 680/3663
f 2517/1840 2391/3666 2513/1841
f 2517/1840 698/1839 1035/1369
f 1565/2256 1544/3718 1542/2267
f 3789/3719 3681/3720 2578/3721
f 3681/3722 2579/3723 2580/3724
f 2583/3725 3766/3726 2578/3721
f 2582/3727 2578/3728 3681/3722
f 3681/3722 2580/3724 2582/3727
f 2581/3729 3766/3726 2583/3725
f 2576/3730 2581/3729 2583/3725
f 2578/3728 2582/3727 2584/3731
f 2581/3729 2576/3730 2587/3732
f 2576/3730 2583/3725 2577/3733
f 2583/3725 2578/3721 2577/3733
f 2585/3734 2582/3727 2580/3724
f 2577/3733 2578/3721 2584/3735
f 2584/3731 2582/3727 2585/3734
f 2586/3736 3793/3737 2587/3732
f 2586/3736 2587/3732 2588/3738
f 2588/3738 2587/3732 2576/3730
f 2577/3733 2584/3735 2589/3739
f 2575/1385 2586/3736 2588/3738
f 2574/3740 2588/3738 2576/3730
f 2576/3730 2577/3733 2573/3741
f 2577/3733 2589/3739 2573/3741
f 2574/3740 2576/3730 2573/3741
f 2575/1385 2588/3738 2590/3742
f 1054/1398 2575/1385 2590/3742
f 2590/3742 2588/3738 2574/3740
f 2589/3743 2584/3731 2596/3744
f 2574/3740 2573/3741 2572/3745
f 2590/3742 2574/3740 2572/3745
f 2573/3746 2589/3743 2572/3747
f 2590/3742 2572/3745 2571/3748
f 2572/3747 2589/3743 2591/3749
f 2591/3749 2589/3743 2596/3744
f 1010/1405 1054/1398 2590/3742
f 1010/1405 2590/3742 2571/3748
f 1010/1405 2571/3748 2592/1435
f 2570/3750 2572/3747 2591/3749
f 2571/3748 2572/3745 2570/3751
f 2592/1435 2571/3748 2569/3752
f 2571/3748 2570/3751 2569/3752
f 2570/3750 2591/3749 2593/2434
f 2569/3753 2570/3750 2593/2434
f 1084/3754 2592/3755 1641/2442
f 2592/3755 2569/3753 1641/2442
f 2569/3753 2593/2434 1641/2442
f 769/447 1084/1469 772/451
f 1084/3754 1641/2442 1637/2455
f 1637/2374 772/451 1084/1469
f 2584/3731 2585/3734 2594/3756
f 2584/3731 2594/3756 2596/3744
f 2597/3757 2596/3744 2594/3756
f 2594/3756 2595/3758 2597/3757
f 2591/3749 2596/3744 2597/3757
f 2597/3757 2595/3758 1667/2416
f 1667/2416 2595/3758 1661/2409
f 2591/3749 2597/3757 1678/2430
f 1678/2430 2597/3757 1667/2416
f 2593/2434 2591/3749 1678/2430
f 1641/2442 2593/2434 1704/2379
f 1532/2543 1526/3759 1567/2544
f 922/1289 1380/3760 967/1665
f 967/1665 1382/3761 971/1296
f 975/1603 1197/3762 976/1604
f 967/1665 1380/3760 1382/3761
f 1305/1297 971/1296 1382/3761
f 1264/1711 1398/1713 1254/1292
f 1305/1297 1384/3763 975/1603
f 975/1603 1384/3763 1197/3762
f 1384/3763 1305/1297 1382/3761
f 230/3764 223/391 44/390
f 1346/3765 1321/3766 1320/3767
f 1475/3331 1425/3768 1428/2098
f 1528/2258 1535/2257 1529/3769
f 1321/3766 1346/3765 1323/3770
f 1533/3330 1524/3322 1562/2334
f 2599/3771 2598/824 2762/3772
f 2724/3773 2726/3774 2738/3775
f 2611/3776 2610/3777 2606/3778
f 2693/3779 2683/3780 2770/3781
f 2658/3782 2656/3783 2657/3784
f 2629/3785 2622/3786 2627/3787
f 3537/3788 2630/3789 4042/3790
f 4047/3791 2631/3792 4052/3793
f 2631/3792 2633/3794 4052/3793
f 2633/3794 2631/3792 2634/3795
f 2634/3795 2635/3796 2637/3797
f 2627/3787 2622/3786 2628/3798
f 2963/3799 2650/3800 2645/3801
f 2642/3802 2639/3803 2641/3804
f 2643/3805 2648/3806 2639/3803
f 2626/3807 2640/3808 2625/3809
f 2650/3800 2640/3808 2644/3810
f 3117/3811 2645/3801 2649/3812
f 2644/3810 2640/3808 2626/3807
f 2642/3802 2641/3804 2646/3813
f 2648/3806 2643/3805 2647/3814
f 2639/3803 2648/3806 2641/3804
f 2649/3812 2645/3801 2655/3815
f 2641/3804 2648/3806 2652/3816
f 2651/3817 3129/3818 2653/3819
f 2655/3815 2645/3801 2650/3800
f 2647/3814 2651/3817 2654/3820
f 2653/3819 2649/3812 2656/3783
f 2652/3816 2648/3806 2654/3820
f 2648/3806 2647/3814 2654/3820
f 2654/3820 2651/3817 2653/3819
f 2649/3812 2657/3784 2656/3783
f 2649/3812 2655/3815 2657/3784
f 2654/3820 2653/3819 2656/3783
f 2655/3815 2650/3800 2660/3821
f 2660/3821 2650/3800 2644/3810
f 2644/3810 2626/3807 2660/3821
f 2660/3821 2626/3807 2946/3822
f 2642/3802 2646/3813 2659/3823
f 2646/3813 2641/3804 2652/3816
f 3537/3788 2622/3786 2630/3789
f 3135/3824 2642/3802 2664/3825
f 2672/3826 2655/3815 2660/3821
f 2646/3813 2652/3816 2662/3827
f 2965/3828 2624/3829 2621/3830
f 2642/3802 2659/3823 2664/3825
f 2652/3816 2654/3820 2658/3782
f 2657/3784 2655/3815 2672/3826
f 3135/3824 2664/3825 2663/3831
f 2628/3798 2624/3829 2627/3787
f 3431/3832 2965/3828 2621/3830
f 2654/3820 2656/3783 2658/3782
f 2662/3827 2652/3816 2658/3782
f 2659/3823 2661/3833 2664/3825
f 2657/3784 2672/3826 2623/3834
f 2624/3829 2628/3798 2621/3830
f 2661/3833 2659/3823 2665/3835
f 2646/3813 2662/3827 2666/3836
f 2661/3833 2665/3835 2667/3837
f 2665/3835 2659/3823 2666/3836
f 2659/3823 2646/3813 2666/3836
f 2663/3831 2664/3825 2668/3838
f 2658/3782 2657/3784 2623/3834
f 2664/3825 2669/3839 2668/3838
f 2664/3825 2661/3833 2669/3839
f 2661/3833 2667/3837 2670/3840
f 2663/3831 2668/3838 2671/3841
f 2672/3826 2660/3821 2677/3842
f 2660/3821 2946/3822 2677/3842
f 2665/3835 2666/3836 2674/3843
f 2667/3837 2665/3835 2674/3843
f 2669/3839 2661/3833 2679/3844
f 2667/3837 2674/3843 2680/3845
f 2666/3836 2662/3827 2623/3834
f 2662/3827 2658/3782 2623/3834
f 2672/3826 2677/3842 2623/3834
f 2667/3837 2673/3846 2670/3840
f 2674/3843 2666/3836 2675/3847
f 2679/3844 2661/3833 2670/3840
f 2667/3837 2680/3845 2678/3848
f 2666/3836 2623/3834 2677/3842
f 2667/3837 2678/3848 2673/3846
f 2622/3786 2607/3849 2628/3798
f 2668/3838 2669/3839 2676/3850
f 2669/3839 2679/3844 2676/3850
f 2674/3843 2675/3847 2680/3845
f 2666/3836 2677/3842 2675/3847
f 2673/3846 2678/3848 2681/3851
f 2676/3850 2679/3844 2684/3852
f 2679/3844 2670/3840 2682/3853
f 2682/3853 2670/3840 2685/3854
f 2685/3854 2670/3840 2673/3846
f 2675/3847 2677/3842 2683/3855
f 2680/3845 2675/3847 2686/3856
f 2684/3852 2679/3844 2682/3853
f 2675/3847 2683/3855 2686/3856
f 2673/3846 2681/3851 2685/3854
f 2678/3848 2680/3845 2686/3856
f 2689/3857 2678/3848 2686/3856
f 2684/3852 2682/3853 2688/3858
f 2618/3859 2681/3851 2687/3860
f 2678/3848 2689/3857 2681/3851
f 2685/3854 2681/3851 2618/3859
f 2681/3851 2690/3861 2687/3860
f 2682/3853 2685/3854 2620/3862
f 2681/3851 2689/3857 2690/3861
f 2686/3856 2683/3855 2689/3857
f 2687/3860 2692/3863 2618/3859
f 2692/3863 2687/3860 2691/3864
f 2621/3830 2607/3849 3953/3865
f 2687/3860 2690/3861 2697/3866
f 2689/3857 2683/3855 2690/3861
f 2685/3854 2618/3859 2617/3867
f 2692/3863 2691/3864 2696/3868
f 2687/3860 2697/3866 2691/3864
f 2682/3853 2620/3862 2688/3858
f 2620/3862 2685/3854 2619/3869
f 2691/3864 2698/3870 2694/3871
f 2684/3852 2688/3858 2695/3872
f 2688/3858 2620/3862 2619/3869
f 2685/3854 2617/3867 2619/3869
f 2691/3864 2694/3871 2696/3868
f 2691/3864 2704/3873 2698/3870
f 2608/3874 2718/3875 2710/3876
f 2618/3859 2692/3863 2696/3868
f 2691/3864 2697/3866 2704/3873
f 2690/3861 2683/3855 2693/3877
f 2699/3878 2690/3861 2693/3877
f 2695/3872 2688/3858 2616/3879
f 2688/3858 2619/3869 2616/3879
f 2767/3880 3953/3865 2607/3849
f 2697/3866 2690/3861 2699/3878
f 2618/3859 2696/3868 2710/3876
f 2710/3876 2615/3881 2608/3874
f 2697/3866 2699/3878 2704/3873
f 2607/3849 2621/3830 2628/3798
f 2602/3882 2622/3786 3537/3788
f 2619/3869 2617/3867 2708/3883
f 2698/3870 2704/3873 2705/3884
f 2694/3871 2698/3870 2706/3885
f 2699/3878 2693/3877 2702/3886
f 2616/3879 2619/3869 2701/3887
f 2617/3867 2618/3859 2710/3876
f 2696/3868 2615/3881 2710/3876
f 2698/3870 2705/3884 2706/3885
f 2700/3888 2694/3871 2706/3885
f 2701/3887 2619/3869 2708/3883
f 2708/3883 2617/3867 2613/3889
f 2694/3871 2700/3888 2615/3881
f 2700/3888 2707/3890 2615/3881
f 2704/3873 2699/3878 2702/3886
f 2767/3880 2607/3849 2604/3891
f 2696/3868 2694/3871 2615/3881
f 2695/3872 2616/3879 2709/3892
f 2617/3867 2710/3876 2613/3889
f 2700/3888 2706/3885 2716/3893
f 2700/3888 2716/3893 2707/3890
f 2713/3894 2707/3890 2716/3893
f 2703/3895 2695/3872 2709/3892
f 2701/3887 2708/3883 2711/3896
f 2711/3896 2708/3883 2613/3889
f 2702/3886 2614/3897 2704/3873
f 2702/3886 2765/3898 2614/3897
f 2703/3895 2709/3892 2712/3899
f 2622/3786 2602/3882 2607/3849
f 2707/3890 2713/3894 2611/3776
f 2616/3879 2701/3887 2612/3900
f 2715/3901 2613/3889 2710/3876
f 2615/3881 2611/3776 2608/3874
f 2615/3881 2707/3890 2611/3776
f 2716/3893 2706/3885 2705/3884
f 2614/3897 2765/3898 2717/3902
f 2709/3892 2616/3879 2612/3900
f 2711/3896 2613/3889 2714/3903
f 2611/3776 2713/3894 2610/3777
f 2704/3873 2614/3897 2705/3884
f 2614/3897 2717/3902 2719/3904
f 2612/3900 2701/3887 2711/3896
f 2714/3903 2613/3889 2715/3901
f 2705/3884 2614/3897 2716/3893
f 2614/3897 2719/3904 2716/3893
f 3536/818 2602/3905 3537/3906
f 2712/3899 2709/3892 2720/3907
f 2720/3907 2709/3892 2612/3900
f 2612/3900 2711/3896 2609/3908
f 2711/3896 2714/3903 2609/3908
f 2715/3901 2710/3876 2718/3875
f 2609/3908 2714/3903 2721/3909
f 2714/3903 2715/3901 2728/3910
f 2610/3777 2713/3894 2727/3911
f 2608/3874 2611/3776 2606/3778
f 2723/3912 2713/3894 2724/3773
f 3942/3913 2767/3880 2604/3891
f 2721/3909 2714/3903 2728/3910
f 2728/3910 2715/3901 2725/3914
f 2722/3915 2713/3894 2723/3912
f 2724/3773 2713/3894 2726/3774
f 2720/3907 2612/3900 2605/3916
f 2715/3901 2718/3875 2725/3914
f 2610/3777 2727/3911 2606/3778
f 2612/3900 2609/3908 2605/3916
f 2713/3894 2716/3893 2726/3774
f 2850/3917 2720/3907 3673/3918
f 2720/3907 2605/3916 2730/3919
f 3942/3913 2604/3891 2731/3920
f 3673/3918 2720/3907 2730/3919
f 2609/3908 2721/3909 2605/3916
f 2725/3914 2718/3875 2733/3921
f 2606/3778 2733/3921 2608/3874
f 2718/3875 2608/3874 2733/3921
f 2604/3891 2607/3849 2734/3922
f 2728/3910 2725/3914 2771/3923
f 3942/3913 2731/3920 2764/3924
f 2744/3925 2738/3775 2726/3774
f 2726/3774 2716/3893 2729/3926
f 2605/3916 2721/3909 2603/3927
f 2721/3909 2728/3910 2732/3928
f 2722/3915 2727/3911 2713/3894
f 2733/3921 2606/3778 2736/3929
f 2606/3778 2727/3911 2736/3929
f 2716/3893 2719/3904 2729/3926
f 2731/3920 2604/3891 2734/3922
f 4197/3930 2764/3924 2735/3931
f 2730/3919 2605/3916 3672/3932
f 2603/3927 2721/3909 2732/3928
f 2605/3916 2603/3927 3672/3932
f 2736/3929 2727/3911 2722/3915
f 2735/3931 2764/3924 2731/3920
f 4197/3930 2735/3931 2763/3933
f 2744/3925 2726/3774 2740/3934
f 2719/3904 2737/3935 2747/3936
f 2722/3915 2723/3912 2739/3937
f 2736/3929 2722/3915 2739/3937
f 2740/3934 2726/3774 2729/3926
f 2772/3938 2736/3929 2742/3939
f 2742/3939 2736/3929 2739/3937
f 2735/3931 2731/3920 2743/3940
f 2741/3941 2744/3925 2740/3934
f 2729/3926 2719/3904 2747/3936
f 2607/3849 2602/3882 2734/3922
f 2735/3931 2743/3940 2763/3933
f 2747/3936 2737/3935 2750/3942
f 2743/3940 2731/3920 2734/3922
f 2737/3935 2763/3933 2749/3943
f 2740/3934 2729/3926 2746/3944
f 2746/3944 2729/3926 2747/3936
f 2763/3933 2743/3940 2749/3943
f 2742/3939 2739/3937 3699/3945
f 2740/3934 2745/3946 2741/3941
f 2745/3946 2740/3934 2746/3944
f 2734/3922 2602/3882 2748/3947
f 2737/3935 2749/3943 2750/3942
f 2741/3941 2745/3946 2752/3948
f 2745/3946 2746/3944 2751/3949
f 2745/3946 2751/3949 2753/3950
f 2747/3936 2754/3951 2746/3944
f 2745/3946 2753/3950 2752/3948
f 2756/3952 2746/3953 2754/3954
f 2751/3949 2746/3944 2756/3955
f 2743/3940 2734/3922 2601/3956
f 2747/3936 2750/3942 2754/3951
f 2757/3957 2749/3943 2743/3940
f 2750/3942 2749/3943 2759/3958
f 2743/3940 2601/3956 2757/3957
f 2749/3943 2757/3957 2759/3958
f 2754/3954 2750/3959 2759/3960
f 2751/3961 2756/3952 2758/3962
f 2756/3952 2754/3954 2759/3960
f 2748/3947 2602/3882 2600/3963
f 2757/3957 2601/3956 2600/3963
f 2758/3962 2756/3952 2759/3960
f 2757/3964 2600/3965 2760/3966
f 2600/3965 2599/3967 2760/3966
f 2759/3958 2757/3957 2760/3968
f 2599/3771 2600/3969 2602/3905
f 3606/3970 2758/3971 3540/3972
f 3540/3972 2758/3971 2761/3973
f 2758/3971 2759/3958 2761/3973
f 2599/3967 2762/3974 2760/3966
f 2759/3958 2760/3968 2761/3973
f 3540/3975 2761/3976 3539/3977
f 2761/3976 2760/3978 2762/3772
f 2761/3976 2762/3772 3539/3977
f 2630/3789 2622/3786 2631/3792
f 2629/3785 2631/3792 2622/3786
f 4040/3979 2632/3980 3537/3981
f 2629/3785 2627/3787 2635/3796
f 3537/3982 4042/3983 4039/3984
f 4047/3791 2630/3789 2631/3792
f 2635/3796 2638/3985 2637/3797
f 2635/3796 2636/3986 2638/3985
f 2636/3986 2635/3796 2973/3253
f 2763/3933 2766/3987 4197/3930
f 2769/3988 2765/3898 2768/3989
f 2702/3886 2693/3877 2765/3898
f 2769/3988 2766/3987 2765/3898
f 2769/3988 4197/3930 2766/3987
f 2765/3898 2719/3904 2717/3902
f 2719/3904 2765/3898 2766/3987
f 2737/3935 2719/3904 2766/3987
f 2737/3935 2766/3987 2763/3933
f 2768/3989 2765/3898 2693/3877
f 2771/3990 2725/3991 2733/3992
f 2732/3928 2728/3910 2771/3923
f 2603/3927 2732/3928 3693/3993
f 2772/3994 2771/3990 2733/3992
f 3692/3995 2732/3996 2771/3990
f 2733/3992 2736/3997 2772/3994
f 3529/3998 2779/3999 2789/4000
f 2779/3999 2776/4001 2782/4002
f 2781/4003 2779/3999 2782/4002
f 2974/4004 2785/4005 3629/4006
f 2797/4007 2790/4008 2791/4009
f 2803/4010 2788/4011 3399/4012
f 2808/4013 3620/4014 2805/4015
f 3652/4016 2821/4017 2822/4018
f 2817/4019 2827/4020 2820/4021
f 2821/4017 3652/4016 2828/4022
f 2819/4023 2825/4024 2836/4025
f 2832/4026 2828/4022 3328/4027
f 2834/4028 3312/4029 2838/4030
f 2838/4030 3312/4029 3298/4031
f 2830/4032 2833/4033 2843/4034
f 2833/4033 2840/4035 2846/4036
f 2834/4028 2838/4030 3443/4037
f 3443/4038 2838/4039 2849/4040
f 2846/4036 2840/4035 2844/4041
f 2849/4042 2838/4030 2846/4036
f 2838/4030 2847/4043 2846/4036
f 3443/4038 2849/4040 2844/4044
f 2859/4045 2858/4046 2861/4047
f 2859/4045 2861/4047 2862/4048
f 2861/4047 2865/4049 2862/4048
f 2860/4050 2870/3589 3258/4051
f 2865/4049 2874/4052 2867/4053
f 2874/4052 2866/4054 2875/4055
f 2876/4056 2865/4049 2867/4053
f 2878/4057 2872/4058 2879/4059
f 2868/4060 3217/4061 2881/4062
f 3949/4063 2872/4058 2878/4057
f 2869/4064 2870/3589 3219/4065
f 2873/4066 2882/4067 2898/4068
f 3088/4069 2881/4062 3209/4070
f 2890/4071 2878/4057 2887/4072
f 2917/4073 2886/4074 3094/4075
f 2883/4076 4196/4077 3195/4078
f 2907/4079 2892/4080 2912/4081
f 2900/4082 2919/4083 2906/4084
f 2901/4085 2912/4081 2914/4086
f 3187/4087 3181/4088 2917/4073
f 2928/4089 2909/4090 3960/4091
f 2937/4092 3963/4093 3966/4094
f 3098/4095 3180/4096 3174/4097
f 2912/4081 2921/4098 2914/4086
f 3174/4097 3097/4099 3098/4095
f 2914/4086 3152/4100 4011/4101
f 2928/4089 3960/4091 2899/4102
f 4004/4103 2930/4104 4005/4105
f 2937/4092 3966/4094 2949/4106
f 2947/4107 2977/4108 3152/4109
f 2948/4110 2936/4111 4007/4112
f 2936/4113 2954/4114 4009/4115
f 2977/4108 2947/4107 2953/4116
f 2966/4117 2957/4118 2624/3829
f 2967/4119 3105/4120 3103/4121
f 2971/3254 2969/4122 2972/3255
f 2972/3255 2969/4122 2970/4123
f 2627/3787 2971/3254 2973/3253
f 2781/4003 2783/4124 2779/3999
f 2849/4042 2846/4036 2844/4041
f 3235/4125 2868/4060 3081/4126
f 2915/4127 2870/3589 2927/4128
f 2896/4129 2897/4130 3213/4131
f 3963/4093 2906/4132 3966/4094
f 4001/4133 2924/4134 2933/4135
f 2942/4136 2945/4137 2943/4138
f 2792/4139 2797/4007 2793/4140
f 2796/4141 2799/4142 2800/4143
f 2797/4007 2791/4009 2978/4144
f 2978/4144 2791/4009 2979/4145
f 2791/4009 2981/4146 2979/4145
f 2797/4007 2982/4147 2980/4148
f 2793/4140 2797/4007 2980/4148
f 2797/4007 2978/4144 2982/4147
f 2800/4143 2793/4140 2796/4141
f 2796/4141 2793/4140 3344/4149
f 2982/4147 2984/4150 2985/4151
f 2984/4150 2982/4147 2986/4152
f 2982/4147 2985/4151 2980/4148
f 2793/4140 2980/4148 2987/4153
f 3344/4149 2793/4140 2987/4153
f 2986/4152 2982/4147 2978/4144
f 2985/4151 2984/4150 2988/4154
f 2984/4150 2986/4152 2988/4154
f 2987/4153 2980/4148 2990/4155
f 2980/4148 2985/4151 2993/4156
f 2980/4148 2993/4156 2989/4157
f 2990/4155 2980/4148 2989/4157
f 2991/4158 3455/4159 2992/4160
f 2993/4156 2985/4151 2992/4160
f 2994/4161 2989/4157 2993/4156
f 3344/4149 2987/4153 2818/4162
f 2987/4153 2990/4155 2818/4162
f 2990/4155 2989/4157 2994/4161
f 2994/4161 2997/4163 2990/4155
f 2996/4164 2998/4165 3456/4166
f 2996/4164 3456/4166 2995/4167
f 3456/4166 3000/4168 2994/4161
f 2990/4155 2997/4163 2999/4169
f 2997/4163 2994/4161 3000/4168
f 2997/4170 3457/4171 2999/4172
f 3001/4173 2990/4155 2999/4169
f 2839/4174 3001/4175 2999/4172
f 3469/4176 3004/4177 3099/4178
f 3099/4178 3004/4177 3005/4179
f 3004/4177 3480/4180 3005/4179
f 3474/4181 3003/4182 3006/4183
f 3005/4179 3480/4180 3013/4184
f 3005/4185 3013/4186 3008/4187
f 3012/4188 3475/4189 3010/4190
f 2774/4191 3014/4192 3480/4193
f 2774/4194 3009/4195 3006/4183
f 3012/4196 3010/4197 3015/4198
f 3007/4199 3008/4200 3016/4201
f 3008/4200 3013/4202 3016/4201
f 2774/4191 3006/4203 3030/4204
f 3013/4184 3011/4205 3017/4206
f 3014/4192 2774/4191 3018/4207
f 3012/4196 3015/4198 3485/4208
f 3015/4209 3010/4190 3019/4210
f 3011/4211 3020/4212 3017/4213
f 3020/4212 3011/4211 3014/4192
f 2774/4191 3030/4204 3018/4207
f 3022/4214 3021/4215 3024/4216
f 3022/4214 3024/4216 4085/4217
f 3025/4218 3485/4208 3015/4198
f 3015/4198 3019/4219 3026/4220
f 3019/4210 3010/4190 3027/4221
f 3020/4212 3014/4192 3034/4222
f 3035/4223 3020/4212 3034/4222
f 3014/4192 3018/4207 3034/4222
f 3025/4218 3015/4198 3031/4224
f 3021/4215 3028/4225 3032/4226
f 3021/4215 3032/4226 3024/4216
f 3018/4207 3030/4204 3039/4227
f 3031/4224 3015/4198 3026/4220
f 3028/4225 3035/4223 3037/4228
f 3032/4226 3028/4225 3037/4228
f 3029/4229 3033/4230 3023/4231
f 3033/4232 3029/4233 3044/4234
f 3044/4234 3029/4233 3043/4235
f 3040/4236 3034/4222 3018/4207
f 3041/4237 3035/4223 3034/4222
f 3026/4220 3019/4219 3027/4238
f 3035/4223 3041/4237 3037/4228
f 3025/4218 3031/4224 3039/4227
f 3026/4220 3027/4238 3050/4239
f 3033/4232 3044/4234 3045/4240
f 3046/4241 3047/4242 3038/4243
f 3046/4241 3038/4243 3037/4228
f 3038/4243 3032/4226 3037/4228
f 3046/4241 3037/4228 3051/4244
f 3031/4224 3026/4220 3056/4245
f 3018/4207 3039/4227 3040/4236
f 3036/4246 3033/4232 3048/4247
f 3034/4222 3040/4236 3071/4248
f 3041/4237 3034/4222 3071/4248
f 3036/4246 3048/4247 3072/4249
f 3045/4240 3044/4234 3042/4250
f 3047/4242 3049/4251 3100/4252
f 3047/4242 3046/4241 3049/4251
f 3046/4241 3058/4253 3049/4251
f 3058/4253 3046/4241 3051/4244
f 3042/4250 3052/4254 3053/4255
f 3039/4227 3031/4224 3055/4256
f 3056/4245 3026/4220 3050/4239
f 3048/4247 3033/4232 3045/4240
f 3053/4255 3052/4254 3064/4257
f 3065/4258 3040/4236 3039/4227
f 3055/4256 3031/4224 3056/4245
f 3048/4247 3059/4259 3074/4260
f 3060/4261 3061/4262 3062/4263
f 3064/4257 3061/4262 3060/4261
f 3064/4257 3060/4261 3053/4255
f 3053/4255 3060/4261 3059/4259
f 3049/4251 3058/4253 3068/4264
f 3049/4251 3068/4264 3054/4265
f 3071/4248 3040/4236 3065/4258
f 3062/4263 3061/4262 3063/4266
f 3061/4267 3064/4268 3067/4269
f 3041/4237 3070/4270 3051/4244
f 3062/4263 3073/4271 3060/4261
f 3060/4261 3073/4271 3078/4272
f 3078/4272 3073/4271 3075/4273
f 3073/4271 3069/4274 3075/4273
f 3060/4261 3078/4272 3076/4275
f 3070/4270 3041/4237 3071/4248
f 3058/4253 3051/4244 3070/4270
f 3077/4276 3056/4245 3050/4239
f 3074/4260 3066/4277 3076/4275
f 3074/4260 3059/4259 3066/4277
f 3060/4261 3066/4277 3059/4259
f 3078/4272 3068/4264 3084/4278
f 3084/4278 3068/4264 3058/4253
f 3058/4253 3070/4270 3087/4279
f 3058/4253 3087/4279 3084/4278
f 3080/4280 3071/4248 3065/4258
f 3048/4247 3074/4260 3072/4249
f 3080/4281 3065/4282 3055/4283
f 2881/4062 3081/4126 2868/4060
f 3072/4249 3074/4260 3079/4284
f 3087/4279 3085/4285 3091/4286
f 3070/4270 3071/4248 3085/4285
f 3085/4285 3071/4248 3080/4280
f 3055/4256 3056/4245 3086/4287
f 3057/4288 3072/4249 3079/4284
f 3074/4260 3076/4275 3079/4284
f 3083/4289 3078/4272 3084/4278
f 3086/4287 3056/4245 3077/4276
f 3081/4126 2881/4062 3088/4069
f 3083/4289 3084/4278 3087/4279
f 3087/4279 3091/4286 3083/4289
f 3080/4280 3091/4286 3085/4285
f 3057/4288 3079/4284 3089/4290
f 3228/4291 3057/4288 3089/4290
f 3086/4287 3077/4276 3090/4292
f 3079/4284 3076/4275 3082/4293
f 3082/4293 3083/4289 3093/4294
f 3093/4294 3083/4289 3091/4286
f 3080/4280 3055/4256 3091/4286
f 3079/4284 3082/4293 3092/4295
f 3092/4295 3082/4293 3093/4294
f 3228/4291 3089/4290 3094/4075
f 3079/4284 3095/4296 3089/4290
f 3079/4284 3092/4295 3095/4296
f 3091/4286 3055/4256 3092/4295
f 3055/4256 3096/4297 3092/4295
f 2886/4074 3228/4291 3094/4075
f 3094/4075 3089/4290 2920/4298
f 3055/4256 3086/4287 3096/4297
f 3092/4295 3093/4294 3091/4286
f 3094/4075 2920/4298 2917/4073
f 3089/4290 3095/4296 2920/4298
f 3092/4295 3096/4297 3097/4099
f 2917/4073 2920/4298 3187/4087
f 3092/4295 3097/4099 3095/4296
f 3097/4099 3096/4297 2922/4299
f 3097/4099 2922/4299 3098/4095
f 3005/4185 3483/4300 3478/4301
f 3013/4184 3480/4180 3011/4205
f 3013/4202 3017/4213 3021/4215
f 3022/4214 3013/4202 3021/4215
f 3017/4213 3020/4212 3028/4225
f 3020/4212 3035/4223 3028/4225
f 3025/4218 3039/4227 3030/4204
f 3037/4228 3041/4237 3051/4244
f 3059/4259 3048/4247 3045/4240
f 3045/4240 3042/4250 3053/4255
f 3059/4259 3045/4240 3053/4255
f 3039/4227 3055/4256 3065/4258
f 3054/4265 3068/4264 3069/4274
f 3069/4274 3068/4264 3075/4273
f 3060/4261 3076/4275 3066/4277
f 3078/4272 3082/4293 3076/4275
f 3087/4279 3070/4270 3085/4285
f 3049/4251 3054/4265 3100/4252
f 3101/4302 3102/4303 3103/4121
f 3103/4121 3104/4304 3101/4302
f 2965/3828 3102/4303 3101/4302
f 2624/3829 3101/4302 3104/4304
f 2968/3588 2624/3829 2957/4118
f 2967/4119 3103/4121 3102/4303
f 2624/3829 2965/3828 3101/4302
f 3106/4305 3104/4304 3103/4121
f 3103/4121 3105/4120 3107/4306
f 2966/4117 2624/3829 3104/4304
f 3102/4303 2965/3828 3109/4307
f 2966/4117 3104/4304 3106/4305
f 2967/4119 3102/4303 3109/4307
f 3107/4306 3105/4120 3111/4308
f 3105/4120 3108/4309 3111/4308
f 3109/4307 2965/3828 2958/4310
f 3110/4311 2966/4117 3106/4305
f 3106/4305 3103/4121 3107/4306
f 3108/4309 3105/4120 3113/4312
f 2957/4118 2966/4117 3110/4311
f 3113/4312 3105/4120 2960/4313
f 2960/4313 3105/4120 2964/4314
f 3105/4120 2967/4119 2964/4314
f 3114/4315 3108/4309 3116/4316
f 3108/4309 3113/4312 3116/4316
f 2967/4119 3112/4317 2963/3799
f 2967/4119 3109/4307 3112/4317
f 3110/4311 3106/4305 2962/4318
f 3106/4305 3107/4306 2962/4318
f 3107/4306 3111/4308 3115/4319
f 2964/4314 2967/4119 3117/3811
f 3112/4317 3109/4307 2625/3809
f 3109/4307 2958/4310 2626/3807
f 3117/3811 2967/4119 2963/3799
f 3112/4317 2625/3809 2640/3808
f 3109/4307 2626/3807 2625/3809
f 2959/4320 3123/4321 3121/4322
f 3114/4315 3119/4323 3118/4324
f 2961/4325 3114/4315 3120/4326
f 3118/4324 3120/4326 3114/4315
f 3121/4322 2639/3803 3122/4327
f 2959/4320 3121/4322 3122/4327
f 3111/4308 3108/4309 3124/4328
f 2959/4320 3118/4324 3123/4321
f 3114/4315 3116/4316 3119/4323
f 3113/4312 2960/4313 3126/4329
f 2960/4313 2964/4314 3126/4329
f 3108/4309 3114/4315 2961/4325
f 2643/3805 2639/3803 3121/4322
f 3123/4321 3118/4324 3119/4323
f 2963/3799 3112/4317 2640/3808
f 3124/4328 3108/4309 2961/4325
f 3116/4316 3113/4312 3128/4330
f 3128/4330 3113/4312 3126/4329
f 3120/4326 3118/4324 2959/4320
f 3115/4319 3111/4308 3124/4328
f 3124/4328 2961/4325 3131/4331
f 3123/4321 3119/4323 3125/4332
f 3122/4327 2639/3803 3127/4333
f 3121/4322 3123/4321 2643/3805
f 3128/4330 3126/4329 3129/3818
f 3126/4329 2964/4314 3117/3811
f 3117/3811 2963/3799 2645/3801
f 2963/3799 2640/3808 2650/3800
f 3127/4333 2639/3803 2642/3802
f 3116/4316 3128/4330 3125/4332
f 3119/4323 3116/4316 3125/4332
f 2959/4320 3139/4334 3120/4326
f 2959/4320 3122/4327 3130/4335
f 2961/4325 3132/4336 3131/4331
f 2961/4325 3120/4326 3132/4336
f 3123/4321 3125/4332 2643/3805
f 2651/3817 3128/4330 3129/3818
f 3129/3818 3126/4329 2649/3812
f 3143/4337 3107/4306 3115/4319
f 3124/4328 3131/4331 3134/4338
f 3126/4329 3117/3811 2649/3812
f 2958/4310 2952/4339 2626/3807
f 3110/4311 3133/4340 2957/4118
f 3115/4319 3134/4338 3143/4337
f 3115/4319 3124/4328 3134/4338
f 3127/4333 2642/3802 3135/3824
f 2643/3805 3125/4332 2647/3814
f 3125/4332 3128/4330 2647/3814
f 2647/3814 3128/4330 2651/3817
f 2950/4341 2953/4116 2947/4107
f 2962/4318 3107/4306 3153/4342
f 3120/4326 3138/4343 3132/4336
f 3129/3818 2649/3812 2653/3819
f 3120/4326 3139/4334 3138/4343
f 3122/4327 3127/4333 3136/4344
f 3143/4337 3134/4338 3137/4345
f 2626/3807 2952/4339 2946/3822
f 2959/4320 3130/4335 3139/4334
f 3140/4346 3122/4327 3136/4344
f 3136/4344 3127/4333 3135/3824
f 2958/4310 2965/3828 2955/4347
f 2965/3828 4015/4348 2955/4347
f 3153/4342 3107/4306 2940/4349
f 3132/4336 3145/4350 3131/4331
f 3132/4336 3138/4343 3145/4350
f 2952/4339 4007/4112 4005/4105
f 3110/4311 2962/4318 3141/4351
f 3130/4335 3122/4327 3142/4352
f 3122/4327 3140/4346 3142/4352
f 3134/4338 3131/4331 3144/4353
f 3136/4344 3135/3824 3146/4354
f 2952/4339 2948/4110 4007/4112
f 3133/4340 3110/4311 3141/4351
f 3141/4351 2962/4318 3153/4342
f 3131/4331 3145/4350 3144/4353
f 2950/4341 2947/4107 2941/4355
f 3139/4334 3130/4335 3142/4352
f 3140/4346 3136/4344 3147/4356
f 3137/4345 3134/4338 3148/4357
f 3148/4357 3134/4338 3144/4353
f 3147/4356 3136/4344 3150/4358
f 3150/4358 3136/4344 3146/4354
f 3133/4340 2927/4128 2957/4118
f 3138/4343 3139/4334 3149/4359
f 3144/4353 3145/4350 3154/4360
f 2956/4361 2945/4137 4018/4362
f 2952/4339 4005/4105 2946/3822
f 3157/4363 2940/4349 3107/4306
f 3107/4306 3143/4337 3157/4363
f 2950/4341 2941/4355 3163/4364
f 3151/4365 3148/4357 3144/4353
f 2944/4366 2954/4367 2936/4368
f 2948/4110 2951/4369 2939/4370
f 3139/4334 3142/4352 3167/4371
f 3153/4342 2940/4349 2935/4372
f 2942/4136 4018/4362 2945/4137
f 3145/4350 3138/4343 3149/4359
f 3143/4337 3137/4345 3157/4363
f 3144/4353 3154/4360 3151/4365
f 3158/4373 3154/4360 3159/4374
f 3154/4360 3145/4350 3159/4374
f 3159/4374 3145/4350 3155/4375
f 3162/4376 3147/4356 3156/4377
f 3156/4377 3147/4356 3150/4358
f 3156/4377 3150/4358 3160/4378
f 3146/4354 3135/3824 2663/3831
f 3145/4350 3149/4359 3155/4375
f 3149/4359 3139/4334 3161/4379
f 3157/4363 3137/4345 3148/4357
f 3168/4380 3148/4357 3151/4365
f 3160/4378 3150/4358 3146/4354
f 4262/4381 2942/4136 2943/4138
f 3155/4375 3149/4359 3164/4382
f 3161/4379 3139/4334 3167/4371
f 3140/4346 3147/4356 3165/4383
f 3151/4365 3154/4360 3158/4373
f 2946/3822 4005/4105 2930/4104
f 3157/4363 3148/4357 3168/4380
f 3168/4380 3151/4365 3169/4384
f 3151/4365 3158/4373 3169/4384
f 3169/4384 3158/4373 3170/4385
f 3159/4374 3155/4375 3166/4386
f 2929/4387 2938/4388 4017/4389
f 3140/4346 3165/4383 3171/4390
f 3142/4352 3140/4346 3171/4390
f 3175/4391 3162/4376 3156/4377
f 2948/4110 2939/4370 2936/4111
f 3164/4382 3149/4359 3161/4379
f 3147/4356 3162/4376 3172/4392
f 2935/4372 2940/4349 2926/4393
f 2926/4393 2940/4349 3157/4363
f 3169/4384 3170/4385 3174/4097
f 3158/4373 3159/4374 3166/4386
f 3172/4392 3162/4376 3173/4394
f 2938/4388 2929/4387 3999/4395
f 2929/4387 4017/4389 2976/4396
f 4017/4389 2932/4397 2933/4135
f 3167/4371 3142/4352 3171/4390
f 3165/4383 3147/4356 3172/4392
f 3178/4398 3168/4380 3169/4384
f 3170/4385 3158/4373 3166/4386
f 2943/4138 2975/4399 4262/4381
f 2934/4400 2944/4366 2936/4368
f 2957/4118 2870/3589 2968/3588
f 2870/3589 2957/4118 2927/4128
f 2193/3165 2085/3003 2087/3002 2089/3008
f 2926/4393 3157/4363 3168/4380
f 3173/4394 3162/4376 3175/4391
f 2976/4396 4017/4389 2933/4135
f 2932/4397 2934/4401 2933/4135
f 2932/4397 2944/4402 2934/4401
f 2934/4403 2936/4111 2939/4370
f 3163/4364 2941/4355 2931/4404
f 4010/4405 4262/4381 2975/4399
f 2914/4086 2921/4098 3152/4100
f 2934/4403 2939/4370 2919/4406
f 3182/4407 3161/4379 3167/4371
f 3172/4392 3177/4408 3165/4383
f 3171/4390 3165/4383 3177/4408
f 3153/4342 2935/4372 3179/4409
f 3176/4410 3169/4384 3174/4097
f 3146/4354 2663/3831 3160/4378
f 4001/4133 2933/4135 2934/4401
f 3164/4382 3161/4379 3182/4407
f 3177/4408 3172/4392 3173/4394
f 2925/4411 3153/4342 3179/4409
f 3179/4409 2935/4372 2926/4393
f 3169/4384 3176/4410 3178/4398
f 3097/4099 3170/4385 3095/4296
f 3155/4375 3181/4088 3187/4087
f 3160/4378 2663/3831 2671/3841
f 2928/4089 2899/4102 2923/4412
f 3182/4407 3167/4371 3183/4413
f 3141/4351 3153/4342 2925/4411
f 3174/4097 3170/4385 3097/4099
f 3170/4385 3166/4386 3095/4296
f 3155/4375 3164/4382 3181/4088
f 3167/4371 3171/4390 3183/4413
f 2925/4411 3179/4409 3184/4414
f 3179/4409 2926/4393 2913/4415
f 3185/4416 2926/4393 3168/4380
f 3186/4417 3178/4398 3176/4410
f 3174/4097 3180/4096 3176/4410
f 3176/4410 3180/4096 2918/4418
f 3166/4386 3155/4375 3187/4087
f 2916/4419 2914/4086 4011/4101
f 3171/4390 3188/4420 3183/4413
f 3171/4390 3177/4408 3188/4420
f 3098/4095 2922/4299 3180/4096
f 3095/4296 3166/4386 2920/4298
f 2923/4412 2899/4102 2898/4068
f 2915/4127 3133/4340 3141/4351
f 3184/4414 3179/4409 2913/4415
f 3186/4417 3176/4410 3194/4421
f 3194/4421 3176/4410 2918/4418
f 2920/4298 3166/4386 3187/4087
f 3175/4391 3156/4377 3190/4422
f 3133/4340 2915/4127 2927/4128
f 3164/4382 3182/4407 3193/4423
f 3141/4351 2925/4411 2905/4424
f 3173/4394 3175/4391 3189/4425
f 3191/4426 3156/4377 3160/4378
f 2928/4089 2923/4412 2897/4130
f 2897/4130 2923/4412 3213/4131
f 4001/4427 2934/4428 2919/4429
f 3213/4131 2923/4412 2883/4076
f 3177/4408 3173/4394 3192/4430
f 3193/4423 3181/4088 3164/4382
f 3193/4423 3182/4407 3197/4431
f 3188/4420 3177/4408 3192/4430
f 3204/4432 2925/4411 3184/4414
f 2903/4433 3184/4414 2913/4415
f 2913/4415 2926/4393 3185/4416
f 3168/4380 3178/4398 3185/4416
f 3156/4377 3191/4426 3190/4422
f 2911/4434 2908/4435 2931/4436
f 3141/4351 2905/4424 2915/4127
f 2905/4424 2925/4411 3204/4432
f 3204/4432 3184/4414 2904/4437
f 3192/4430 3173/4394 3196/4438
f 2928/4089 2897/4130 2896/4129
f 3213/4131 2883/4076 3195/4078
f 3183/4413 3197/4431 3182/4407
f 3185/4416 3178/4398 2902/4439
f 2901/4085 2916/4419 2907/4079
f 2895/4440 2908/4435 2911/4434
f 3184/4414 2903/4433 2904/4437
f 3178/4398 3186/4417 2902/4439
f 2902/4439 3186/4417 3194/4421
f 2902/4439 3194/4421 3198/4441
f 3196/4438 3173/4394 3199/4442
f 3175/4391 3200/4443 3189/4425
f 3160/4378 2671/3841 3191/4426
f 2901/4085 2907/4079 2912/4081
f 2919/4083 2900/4082 4001/4444
f 2923/4412 2898/4068 2883/4076
f 3202/4445 2917/4073 3181/4088
f 3181/4088 3193/4423 3202/4445
f 3183/4413 3188/4420 3203/4446
f 3173/4394 3189/4425 3199/4442
f 2677/4447 2946/4448 2910/4449
f 2928/4089 2896/4129 2909/4090
f 2911/4434 2912/4081 2895/4440
f 3197/4431 3183/4413 3203/4446
f 2903/4433 2913/4415 3185/4416
f 3201/4450 3192/4430 3196/4438
f 3200/4443 3175/4391 3190/4422
f 3191/4426 2671/3841 3210/4451
f 2887/4072 2908/4435 2890/4071
f 3192/4430 3201/4450 3188/4420
f 3188/4420 3211/4452 3203/4446
f 2885/4453 3204/4432 2904/4437
f 2904/4437 2903/4433 2894/4454
f 2671/3841 2668/3838 3207/4455
f 2909/4090 2896/4129 2910/4456
f 2890/4071 2908/4435 2895/4440
f 2898/4068 2882/4067 2883/4076
f 2917/4073 3202/4445 2886/4074
f 2905/4424 3204/4432 3208/4457
f 2885/4453 2904/4437 2889/4458
f 2903/4433 3185/4416 3206/4459
f 3209/4070 2902/4439 3198/4441
f 3188/4420 3201/4450 3211/4452
f 3193/4423 3212/4460 3202/4445
f 3193/4423 3197/4431 3212/4460
f 3197/4431 3203/4446 3214/4461
f 3204/4432 2885/4453 3208/4457
f 2904/4437 2894/4454 2889/4458
f 3185/4416 2902/4439 3206/4459
f 3206/4459 2902/4439 2893/4462
f 3213/4131 3195/4078 2891/4463
f 2899/4102 2888/4464 2898/4068
f 2903/4433 3206/4459 2894/4454
f 2893/4462 2902/4439 3209/4070
f 2668/3838 2676/3850 2684/3852
f 2892/4080 2895/4440 2912/4081
f 2860/4050 3936/3587 2870/3589
f 2915/4127 3219/4065 2870/3589
f 2915/4127 2905/4424 3219/4065
f 3197/4431 3214/4461 3212/4460
f 3203/4446 3211/4452 3214/4461
f 3189/4425 3200/4443 3205/4465
f 3210/4451 2671/3841 3207/4455
f 2677/4466 2910/4456 2896/4129
f 3202/4445 3212/4460 2886/4074
f 2889/4458 2894/4454 3217/4061
f 3213/4131 2891/4463 2896/4129
f 2888/4464 2873/4066 2898/4068
f 2892/4080 3951/4467 2895/4440
f 3951/4467 2890/4071 2895/4440
f 2894/4454 3206/4459 3217/4061
f 3215/4468 3190/4422 3191/4426
f 3214/4461 3211/4452 3216/4469
f 2885/4453 2889/4458 2867/4053
f 3217/4061 3206/4459 2881/4062
f 2881/4062 2893/4462 3209/4070
f 3201/4450 3196/4438 3218/4470
f 3189/4425 3205/4465 3199/4442
f 2873/4066 2888/4464 2880/4471
f 2890/4071 3949/4063 2878/4057
f 3201/4450 3227/4472 3211/4452
f 3219/4065 2905/4424 3223/4473
f 3206/4459 2893/4462 2881/4062
f 3199/4442 3205/4465 3221/4474
f 2890/4071 3951/4467 2877/4475
f 3949/4063 2890/4071 2877/4475
f 2870/3589 2869/4064 3258/4051
f 3211/4452 3227/4472 3222/4476
f 3208/4457 2885/4453 2875/4055
f 2874/4052 2875/4055 2885/4453
f 2867/4053 2874/4052 2885/4453
f 2867/4053 2889/4458 2876/4056
f 3196/4438 3199/4442 3220/4477
f 3200/4443 3190/4422 3224/4478
f 3224/4478 3190/4422 3225/4479
f 2668/3838 2684/3852 3226/4480
f 2896/4481 2891/4482 3964/4483
f 2869/4064 3219/4065 3223/4473
f 3230/4484 3214/4461 3216/4469
f 3201/4450 3218/4470 3227/4472
f 3196/4438 3220/4477 3218/4470
f 3231/4485 3216/4469 3222/4476
f 3216/4469 3211/4452 3222/4476
f 3223/4473 2905/4424 3208/4457
f 2889/4458 3217/4061 2876/4056
f 3191/4426 3210/4451 2871/4486
f 2871/4486 3210/4451 3207/4455
f 2668/3838 3226/4480 3207/4455
f 3228/4487 2886/4488 3229/4489
f 2886/4074 3212/4460 3229/4490
f 3212/4460 3214/4461 3229/4490
f 3229/4490 3214/4461 3230/4484
f 3223/4473 3208/4457 2875/4055
f 3220/4477 3199/4442 3221/4474
f 3205/4465 3200/4443 2864/4491
f 3225/4479 3190/4422 3215/4468
f 3191/4426 2871/4486 3215/4468
f 3230/4484 3216/4469 3231/4485
f 3217/4061 2868/4060 2876/4056
f 2865/4049 2876/4056 2862/4048
f 2864/4491 3200/4443 3224/4478
f 2871/4486 3207/4455 3226/4480
f 2865/4049 2866/4054 2874/4052
f 2876/4056 2868/4060 3233/4492
f 3232/4493 3227/4472 3218/4470
f 3221/4474 3205/4465 2864/4491
f 2869/4494 3223/4495 3241/4496
f 2863/4497 3223/4473 2875/4055
f 2863/4497 2875/4055 2866/4054
f 2862/4048 2876/4056 3233/4492
f 3236/4498 3227/4472 3232/4493
f 3215/4468 2871/4486 3234/4499
f 3218/4470 3220/4477 3221/4474
f 3258/4051 2869/4064 3241/4500
f 2866/4054 2865/4049 2861/4047
f 2868/4060 3235/4125 3233/4492
f 3218/4470 3221/4474 3238/4501
f 2864/4491 3239/4502 3221/4474
f 2864/4491 3224/4478 3237/4503
f 3226/4480 2684/3852 2695/3872
f 3232/4493 3218/4470 3243/4504
f 3243/4504 3218/4470 3238/4501
f 3239/4502 2864/4491 3240/4505
f 3225/4479 3215/4468 3234/4499
f 2871/4486 3226/4480 3245/4506
f 3241/4500 3223/4473 2863/4497
f 2863/4497 2866/4054 2861/4047
f 3247/4507 2862/4048 3242/4508
f 3224/4478 3225/4479 3253/4509
f 3241/4500 2863/4497 3244/4510
f 3238/4501 3221/4474 3239/4502
f 2863/4497 2861/4047 3246/4511
f 2864/4491 3237/4503 3240/4505
f 3250/4512 2871/4486 3245/4506
f 3226/4480 2695/3872 2703/3895
f 2861/4047 2858/4046 3246/4511
f 3239/4502 3240/4505 3248/4513
f 3237/4503 3224/4478 3253/4509
f 2871/4486 3250/4512 3234/4499
f 3244/4510 2863/4497 3246/4511
f 3240/4505 3237/4503 3249/4514
f 3252/4515 3241/4516 3244/4517
f 3251/4518 3237/4503 3253/4509
f 3244/4517 3246/4519 3252/4515
f 3257/4520 3238/4501 3239/4502
f 3248/4513 3240/4505 3249/4514
f 3249/4514 3237/4503 3251/4518
f 3253/4509 3225/4479 3254/4521
f 3225/4479 3234/4499 3254/4521
f 3250/4512 3245/4506 3255/4522
f 3245/4506 3226/4480 2703/3895
f 3258/4051 3241/4500 3256/4523
f 3241/4516 3252/4515 3256/4524
f 3252/4515 3246/4519 2856/4525
f 2854/4526 3232/4493 3243/4504
f 3255/4522 3245/4506 2703/3895
f 3238/4501 3257/4520 3243/4504
f 3239/4502 3248/4513 3257/4520
f 3234/4499 3250/4512 2852/4527
f 2853/4528 2852/4527 3250/4512
f 2853/4528 3250/4512 3255/4522
f 3243/4504 3257/4520 2851/4529
f 3259/4530 3248/4513 3249/4514
f 3257/4520 3248/4513 3260/4531
f 2854/4526 3243/4504 2851/4529
f 3253/4509 3254/4521 3251/4518
f 3248/4513 3259/4530 3261/4532
f 3255/4522 2703/3895 3262/4533
f 2851/4529 3257/4520 3260/4531
f 3259/4530 3249/4514 3263/4534
f 3254/4521 3234/4499 2852/4527
f 2854/4526 2851/4529 3265/4535
f 2703/3895 2712/3899 2850/3917
f 2851/4529 3260/4531 3266/4536
f 2703/3895 2850/3917 3262/4533
f 2853/4528 3255/4522 3262/4533
f 2712/3899 2720/3907 2850/3917
f 3248/4513 3261/4532 3269/4537
f 3263/4534 3249/4514 3251/4518
f 2853/4528 3262/4533 3267/4538
f 3260/4531 3248/4513 3269/4537
f 3263/4534 3251/4518 3268/4539
f 3268/4539 3251/4518 3254/4521
f 3265/4535 2851/4529 3266/4536
f 3266/4536 3260/4531 3280/4540
f 3270/4541 3261/4532 3271/4542
f 3262/4533 2850/3917 3273/4543
f 3268/4539 3254/4521 3274/4544
f 3264/4545 3265/4535 3276/4546
f 3265/4535 3266/4536 3272/4547
f 3260/4531 3269/4537 3280/4540
f 3274/4544 3254/4521 2852/4527
f 2853/4528 3267/4538 3275/4548
f 3267/4538 3262/4533 3273/4543
f 3272/4547 3266/4536 3280/4540
f 3261/4532 3259/4530 3282/4549
f 2852/4527 2853/4528 3275/4548
f 3269/4537 3261/4532 3277/4550
f 3261/4532 3270/4541 3277/4550
f 3271/4542 3261/4532 3282/4549
f 3279/4551 3264/4545 3276/4546
f 3274/4544 2852/4527 3275/4548
f 3265/4535 3272/4547 3276/4546
f 3281/4552 3284/4553 3270/4541
f 3270/4541 3271/4542 3281/4552
f 3279/4551 3276/4546 3283/4554
f 3269/4537 3277/4550 3280/4540
f 3277/4550 3270/4541 3278/4555
f 3276/4546 3272/4547 3287/4556
f 3263/4534 3268/4539 3286/4557
f 3289/4558 3281/4552 3271/4542
f 3259/4530 3263/4534 3286/4557
f 3273/4543 3301/4559 3267/4538
f 3283/4554 3276/4546 3290/4560
f 3287/4556 3272/4547 3288/4561
f 3288/4561 3272/4547 3280/4540
f 3277/4550 3278/4555 3291/4562
f 3284/4553 3281/4552 3285/4563
f 3285/4563 3281/4552 3289/4558
f 3282/4549 3259/4530 3300/4564
f 3259/4530 3286/4557 3300/4564
f 3268/4539 3274/4544 3286/4557
f 3271/4542 3282/4549 3294/4565
f 3295/4566 3274/4544 3275/4548
f 3275/4548 3267/4538 3296/4567
f 3290/4560 3276/4546 3287/4556
f 2844/4041 2848/4568 3443/4037
f 3522/4569 3283/4554 3290/4560
f 3288/4561 3280/4540 3297/4570
f 3280/4540 3277/4550 3297/4570
f 3289/4558 3271/4542 3294/4565
f 2846/4036 2847/4043 2833/4033
f 3285/4563 3293/4571 2845/4572
f 3292/4573 3285/4563 2845/4572
f 3516/4574 3518/4575 3309/4576
f 2847/4043 2838/4030 3298/4031
f 2842/4577 2847/4043 3298/4031
f 2841/4578 3287/4556 3288/4561
f 3293/4571 3285/4563 3299/4579
f 3296/4567 3267/4538 3301/4559
f 2844/4041 2840/4035 2848/4568
f 2848/4568 2840/4035 3309/4576
f 2839/4174 3442/4580 3302/4581
f 2843/4034 2833/4033 2847/4043
f 2842/4577 2843/4034 2847/4043
f 3290/4560 3287/4556 2841/4578
f 3285/4563 3289/4558 3299/4579
f 3516/4574 3309/4576 3303/4582
f 2843/4034 2842/4577 3304/4583
f 3290/4560 2841/4578 3306/4584
f 2837/4585 3288/4561 3297/4570
f 3282/4549 3300/4564 3294/4565
f 3286/4557 3274/4544 3295/4566
f 3516/4574 3303/4582 3310/4586
f 3001/4175 2839/4174 3302/4581
f 2843/4034 3304/4583 2830/4032
f 2832/4026 3304/4583 2842/4577
f 2832/4026 2842/4577 3311/4587
f 2837/4585 3306/4584 2841/4578
f 2841/4578 3288/4561 2837/4585
f 3296/4567 3301/4559 2829/4588
f 3313/4589 3523/4590 3310/4591
f 2833/4033 2830/4032 3324/4592
f 3304/4583 2836/4025 2830/4032
f 3304/4583 2832/4026 3314/4593
f 2842/4577 3298/4031 3311/4587
f 3311/4587 3298/4031 3312/4029
f 3316/4594 3293/4571 3305/4595
f 2845/4572 3293/4571 3316/4594
f 3631/4596 3308/4597 2831/4598
f 3308/4597 2845/4572 3325/4599
f 3337/4600 3295/4566 3275/4548
f 3275/4548 3296/4567 2829/4588
f 3303/4582 3309/4576 3317/4601
f 3304/4583 3314/4593 2836/4025
f 2832/4026 3311/4587 2828/4022
f 3341/4602 3290/4560 3306/4584
f 3308/4597 3325/4599 2831/4598
f 3329/4603 3299/4579 3289/4558
f 2814/4604 3294/4565 3300/4564
f 2840/4035 2833/4033 2835/4605
f 2833/4033 3318/4606 2835/4605
f 2836/4025 3314/4593 2824/4607
f 2832/4026 3328/4027 3314/4593
f 3311/4587 3312/4029 2827/4020
f 2845/4572 3316/4594 3325/4599
f 2831/4598 3325/4599 2815/4608
f 3293/4571 3299/4579 3326/4609
f 3289/4558 3294/4565 3329/4603
f 3337/4600 3275/4548 2829/4588
f 3323/4610 2830/4032 2825/4024
f 2836/4025 2825/4024 2830/4032
f 2840/4035 2835/4605 3309/4576
f 3313/4611 3310/4586 3327/4612
f 3313/4611 3327/4612 3321/4613
f 3322/4614 3313/4611 3321/4613
f 3324/4592 2830/4032 3323/4610
f 2821/4017 2828/4022 3311/4587
f 3312/4029 2834/4028 2827/4020
f 2834/4028 3315/4615 2827/4020
f 3293/4571 3326/4609 3320/4616
f 2819/4023 2836/4025 2824/4607
f 3310/4586 3303/4582 3317/4601
f 3310/4586 3317/4601 3327/4612
f 2833/4033 3324/4592 3318/4606
f 3314/4593 3328/4027 2824/4607
f 3311/4587 2827/4020 2821/4017
f 2821/4017 2827/4020 2817/4019
f 3315/4615 2820/4021 2827/4020
f 3305/4595 3293/4571 3320/4616
f 3319/4617 3290/4560 3341/4602
f 2831/4598 2815/4608 2823/4618
f 2823/4618 2815/4608 2813/4619
f 3329/4603 3294/4565 2814/4604
f 3349/4620 3286/4557 3295/4566
f 2835/4605 3318/4606 3351/4621
f 3317/4601 3309/4576 3330/4622
f 2824/4607 3328/4027 3333/4623
f 2828/4022 3652/4016 3328/4027
f 3346/4624 3305/4595 3320/4616
f 3341/4602 3306/4584 3335/4625
f 3306/4584 2837/4585 3336/4626
f 2837/4585 2826/4627 3336/4626
f 3325/4599 3316/4594 2815/4608
f 3300/4564 3286/4557 2814/4604
f 2819/4023 2824/4607 3332/4628
f 3309/4576 2835/4605 3330/4622
f 3321/4613 3327/4612 3331/4629
f 3322/4614 3321/4613 2818/4162
f 3333/4623 3332/4628 2824/4607
f 3333/4623 3328/4027 3652/4016
f 3335/4625 3306/4584 3338/4630
f 3306/4584 3336/4626 3338/4630
f 2815/4608 3316/4594 3339/4631
f 3286/4557 3349/4620 2814/4604
f 3349/4620 3295/4566 3337/4600
f 3324/4592 3323/4610 3345/4632
f 3323/4610 2825/4024 3345/4632
f 3332/4628 3333/4623 3340/4633
f 2822/4018 2821/4017 2817/4019
f 3320/4616 3334/4634 3346/4624
f 3357/4635 2815/4608 3339/4631
f 3299/4579 3329/4603 3326/4609
f 3327/4612 3317/4601 3330/4622
f 3321/4613 3331/4629 3344/4149
f 2818/4162 3321/4613 3344/4149
f 2825/4024 3343/4636 3345/4632
f 2816/2293 1583/2292 3336/4626
f 3342/4637 3334/4634 3347/4638
f 3334/4634 3320/4616 3348/4639
f 3326/4609 3329/4603 3354/4640
f 3343/4636 2825/4024 2819/4023
f 2819/4023 3332/4628 3350/4641
f 3350/4641 3332/4628 3340/4633
f 3327/4612 3330/4622 3331/4629
f 3354/4640 3329/4603 2814/4604
f 3355/4642 3337/4600 2829/4588
f 3360/4643 2819/4023 3350/4641
f 2835/4605 3351/4621 3330/4622
f 3351/4621 3318/4606 3352/4644
f 3318/4606 3324/4592 3352/4644
f 2813/4619 2815/4608 3357/4635
f 3343/4636 2819/4023 3360/4643
f 3331/4629 3330/4622 3356/4645
f 3346/4624 3334/4634 3342/4637
f 2810/2302 3338/4630 3336/4626
f 2810/2302 3336/4626 1583/2292
f 3347/4638 3334/4634 3353/4646
f 3353/4646 3334/4634 3348/4639
f 3320/4616 3326/4609 3363/4647
f 3358/4648 3349/4620 3337/4600
f 2829/4588 2812/4649 3355/4642
f 3359/4650 3360/4643 3350/4641
f 2809/4651 3339/4631 3361/4652
f 3339/4631 3316/4594 3361/4652
f 3358/4648 3337/4600 3355/4642
f 3330/4622 3351/4621 3392/4653
f 3649/4654 2811/4655 3441/4656
f 3361/4652 3316/4594 3305/4595
f 3342/4637 3362/4657 3346/4624
f 3338/4630 2810/2302 3368/4658
f 3368/4658 2810/2302 2808/4013
f 3320/4616 3363/4647 3348/4639
f 3354/4640 2814/4604 3364/4659
f 3364/4659 2814/4604 3349/4620
f 3358/4648 3355/4642 3365/4660
f 3345/4632 3343/4636 3367/4661
f 3344/4149 3331/4629 2796/4141
f 3305/4595 3346/4624 3371/4662
f 3335/4625 3338/4630 3368/4658
f 3366/4663 3360/4643 3359/4650
f 3381/4664 3359/4650 3350/4641
f 3360/4643 3382/4665 3343/4636
f 3330/4622 3392/4653 3356/4645
f 3331/4629 3356/4645 2796/4141
f 3305/4595 3371/4662 3361/4652
f 3346/4624 3362/4657 3371/4662
f 3352/4644 3324/4592 3370/4666
f 3324/4592 3345/4632 3370/4666
f 3369/4667 3351/4621 3352/4644
f 3393/4668 2809/4651 3361/4652
f 3371/4662 3362/4657 3372/4669
f 3339/4631 2809/4651 3357/4635
f 3366/4663 3359/4650 3381/4664
f 3366/4663 3380/4670 3360/4643
f 3367/4661 3343/4636 3382/4665
f 3345/4632 3367/4661 3370/4666
f 3361/4652 3371/4662 3393/4668
f 3335/4625 3368/4658 3375/4671
f 3368/4658 2805/4015 3375/4671
f 2808/4013 2805/4015 3368/4658
f 2809/4651 2807/4672 3376/4673
f 3347/4638 3353/4646 3378/4674
f 3353/4646 3348/4639 3379/4675
f 3379/4675 3348/4639 3363/4647
f 3354/4640 3363/4647 3326/4609
f 3364/4659 3349/4620 3358/4648
f 3384/4676 3366/4663 3381/4664
f 3360/4643 3380/4670 3382/4665
f 3351/4621 3369/4667 3392/4653
f 2809/4651 3393/4668 2807/4672
f 3357/4635 2809/4651 3376/4673
f 3373/4677 3367/4661 3382/4665
f 3352/4644 3385/4678 3369/4667
f 3352/4644 3370/4666 3385/4678
f 2807/4672 3393/4668 2804/4679
f 3374/4680 3335/4625 3375/4671
f 3364/4659 3358/4648 3390/4681
f 3390/4681 3358/4648 3386/4682
f 2801/4683 3366/4663 3384/4676
f 2807/4672 2804/4679 3376/4673
f 3357/4635 3376/4673 3387/4684
f 3347/4685 3378/4686 3528/4687
f 3354/4640 3364/4659 2803/4010
f 3380/4670 3366/4663 2801/4683
f 3380/4670 2802/4688 3402/4689
f 3380/4670 3402/4689 3382/4665
f 3373/4677 3382/4665 3402/4689
f 3370/4666 3367/4661 2806/4690
f 3367/4661 3373/4677 2806/4690
f 2798/4691 3375/4671 2805/4015
f 3882/4692 3377/4693 3387/4694
f 3377/4695 3357/4635 3387/4684
f 3378/4674 3353/4646 3388/4696
f 3388/4696 3353/4646 3379/4675
f 2794/4697 3364/4659 3390/4681
f 3371/4662 3372/4669 3393/4668
f 3376/4673 3394/4698 3387/4684
f 3379/4675 3363/4647 3398/4699
f 3363/4647 3354/4640 3398/4699
f 2803/4010 3364/4659 2794/4697
f 3370/4666 2806/4690 3385/4678
f 3394/4698 3376/4673 2804/4679
f 3354/4640 2803/4010 3399/4012
f 2803/4010 2794/4697 2788/4011
f 3356/4645 3392/4653 3396/4700
f 3394/4698 2804/4679 2784/4701
f 2795/4702 2804/4679 3393/4668
f 2795/4702 3393/4668 3395/4703
f 3375/4671 2798/4691 2785/4704
f 3389/4705 3375/4671 2785/4704
f 3378/4674 3388/4696 3397/4706
f 3388/4696 3379/4675 3398/4699
f 2794/4697 3390/4681 3386/4682
f 2792/4139 2793/4140 2800/4143
f 2806/4690 3373/4677 2786/4707
f 3385/4678 2806/4690 3403/4708
f 3629/4709 2785/4704 2798/4691
f 3398/4699 3354/4640 3401/4710
f 3354/4640 3399/4012 3401/4710
f 3389/4711 2785/4005 3413/4712
f 3401/4710 3399/4012 3406/4713
f 2790/4008 2797/4007 2792/4139
f 3411/4714 3402/4715 2802/4716
f 2806/4690 2786/4707 3403/4708
f 3396/4700 3392/4653 3400/4717
f 3385/4678 3403/4708 3412/4718
f 3369/4667 3385/4678 3412/4718
f 3405/4719 3388/4696 3398/4699
f 3399/4012 2788/4011 3406/4713
f 3373/4677 3402/4689 2786/4707
f 2799/4142 2796/4141 3356/4645
f 3392/4653 3369/4667 3400/4717
f 3394/4698 2784/4701 3416/4720
f 2785/4005 2974/4004 3413/4712
f 3397/4706 3388/4696 3409/4721
f 3409/4721 3388/4696 3405/4719
f 3405/4719 3398/4699 3401/4710
f 2800/4143 2799/4142 3404/4722
f 2792/4139 2800/4143 3410/4723
f 2799/4142 3356/4645 3396/4700
f 3400/4717 3369/4667 3412/4718
f 3888/4724 2783/4124 2781/4003
f 3406/4713 2788/4011 2794/4697
f 2791/4009 2790/4008 3415/4725
f 2787/4726 2791/4009 3415/4725
f 3410/4723 2800/4143 3404/4722
f 2786/4707 3402/4689 3411/4727
f 3421/4728 3401/4710 3406/4713
f 3406/4713 2794/4697 3667/4729
f 3413/4712 2974/4004 2778/4730
f 3405/4719 3401/4710 3420/4731
f 3420/4731 3401/4710 3421/4728
f 2792/4139 3410/4723 3417/4732
f 2792/4139 3417/4732 2790/4008
f 2786/4707 3411/4727 3418/4733
f 3403/4708 2786/4707 3418/4733
f 3414/4734 3405/4719 3420/4731
f 3418/4735 3411/4714 3422/3717
f 2799/4142 3396/4700 3404/4722
f 3403/4708 3418/4733 3412/4718
f 3410/4723 3404/4722 3419/4736
f 2782/4002 2776/4001 2780/4737
f 3414/4734 3420/4731 3423/4738
f 3419/4739 3404/4740 2397/3636
f 2779/3999 3529/3998 2776/4001
f 3415/4725 2790/4008 3417/4732
f 3424/4741 3415/4742 3417/4743
f 3404/4722 3396/4700 3400/4717
f 3400/4717 3412/4718 3425/4744
f 3412/4718 3418/4733 3425/4744
f 2397/4745 3404/4722 3427/4746
f 3417/4732 3410/4723 3419/4736
f 3425/4747 3418/4735 3422/3717
f 3417/4732 3419/4736 3426/4748
f 3400/4717 2777/4749 3404/4722
f 3400/4717 3425/4744 2775/4750
f 3404/4722 2777/4749 3427/4746
f 3425/4747 3422/3717 3428/3648
f 3400/4717 2775/4750 2777/4749
f 3428/3648 2775/4751 3425/4747
f 3430/3662 2777/4752 2775/4751
f 3082/4293 3078/4272 3083/4289
f 2627/3787 2624/3829 2968/3588
f 2968/3588 2969/4122 2971/3254
f 2968/3588 2971/3254 2627/3787
f 2635/3796 2627/3787 2973/3253
f 2621/3830 3953/3865 3431/3832
f 3432/4753 3433/4754 2778/4730
f 3430/3662 2394/3523 2777/4752
f 3427/4755 2394/3523 2397/3636
f 2779/3999 2783/4124 2789/4000
f 3437/4756 2477/3609 3438/3602
f 2416/3599 3391/3600 2801/4757
f 3322/4758 2818/4759 3001/4175
f 3447/4760 3444/4761 3463/4762
f 3445/4763 3446/4764 3465/4765
f 3446/4764 3454/4766 3482/4767
f 3451/4768 2856/4525 2855/4769
f 3247/4507 2859/4045 2862/4048
f 3453/4770 3452/4771 3057/4772
f 2921/4098 2912/4081 2911/4434
f 2951/4369 2948/4110 2952/4339
f 2978/4144 2979/4145 2986/4152
f 2985/4151 2991/4158 2992/4160
f 2985/4773 2988/4774 2991/4775
f 2992/4776 2995/4777 3456/4778
f 2993/4779 2992/4776 3456/4778
f 2993/4779 3456/4778 2994/4780
f 3457/4781 2997/4163 3000/4168
f 3001/4175 2818/4759 2990/4782
f 3457/4171 3000/4783 3458/4784
f 3457/4171 3459/4785 3460/4786
f 3457/4171 3458/4784 3459/4785
f 2999/4172 3457/4171 3460/4786
f 2999/4172 3460/4786 3515/4787
f 3459/4785 3462/4788 3461/4789
f 3460/4786 3459/4785 3461/4789
f 2839/4174 2999/4172 3515/4787
f 3444/4761 3515/4787 3460/4786
f 3460/4786 3461/4789 3444/4761
f 3461/4789 3463/4762 3444/4761
f 4249/4790 3464/4791 3467/4792
f 3464/4791 3445/4763 3470/4793
f 3445/4763 3465/4765 3470/4793
f 3468/4794 3466/4795 3471/4796
f 3468/4794 3469/4797 4260/4798
f 4260/4798 3469/4797 3099/4799
f 3467/4792 3464/4791 3470/4793
f 3468/4794 3471/4796 3469/4797
f 3469/4797 3471/4796 3474/4181
f 3467/4792 3470/4793 3003/4182
f 3470/4793 3465/4765 3475/4189
f 3471/4796 3003/4182 3474/4181
f 3475/4189 3465/4765 3477/4800
f 3477/4800 3465/4765 3446/4764
f 3476/4801 3472/4802 3479/4803
f 3003/4182 3470/4793 3481/4804
f 3470/4793 3475/4189 3481/4804
f 3469/4797 3474/4181 3004/4805
f 3004/4805 3474/4181 3480/4806
f 3477/4800 3446/4764 3482/4767
f 3478/4301 4261/4807 3005/4185
f 3484/4808 3476/4801 3479/4803
f 3012/4188 3481/4804 3475/4189
f 3009/4195 3474/4181 3006/4183
f 3475/4189 3477/4800 3010/4190
f 3010/4190 3477/4800 3482/4767
f 3480/4806 3474/4181 2774/4194
f 3474/4181 3009/4195 2774/4194
f 3006/4183 3481/4804 3485/4809
f 3023/4810 3476/4801 3484/4808
f 3023/4810 3484/4808 3486/4811
f 3485/4809 3481/4804 3012/4188
f 3010/4190 3482/4767 3488/4812
f 3488/4812 3482/4767 3454/4766
f 3013/4202 3022/4214 3016/4201
f 3016/4201 3022/4214 4085/4217
f 3011/4211 3480/4193 3014/4192
f 2857/4813 3450/4814 4131/4815
f 4131/4815 3487/4816 3452/4771
f 3030/4204 3485/4208 3025/4218
f 3021/4817 3017/4818 3028/4819
f 2857/4813 4131/4815 3452/4771
f 3487/4820 3023/4821 3033/4232
f 3486/4822 3029/4233 3023/4821
f 3452/4823 3487/4820 3036/4246
f 3487/4820 3033/4232 3036/4246
f 3043/4235 3042/4250 3044/4234
f 3452/4823 3036/4246 3072/4249
f 3057/4288 3452/4823 3072/4249
f 3068/4264 3078/4272 3075/4273
f 3473/4824 4260/4798 3099/4799
f 3481/4804 3006/4183 3003/4182
f 3483/4300 3005/4185 3008/4187
f 3483/4300 3008/4187 3007/4825
f 3006/4203 3485/4208 3030/4204
f 3073/4826 3062/4827 3489/4828
f 2958/4829 2951/4830 2952/4831
f 2941/4832 2947/4833 2921/4834
f 2947/4833 3152/4835 2921/4834
f 2941/4832 2911/4836 2931/4837
f 2941/4832 2921/4834 2911/4836
f 2908/4838 3163/4839 2931/4840
f 2946/4448 2930/4841 2910/4449
f 3222/4476 3227/4472 3236/4498
f 3229/4489 3230/4842 3231/4843
f 3228/4487 3229/4489 3490/4844
f 3453/4845 3057/4288 3228/4291
f 3453/4770 3228/4487 3490/4844
f 3491/4846 3222/4847 3494/4848
f 3222/4847 3491/4846 3231/4843
f 3492/4849 3490/4844 3229/4489
f 3229/4489 3231/4843 3493/4850
f 3222/4476 3236/4498 3494/4851
f 3492/4849 3229/4489 3493/4850
f 2862/4048 3233/4492 3242/4508
f 3497/4852 3236/4498 3232/4493
f 3231/4843 3491/4846 3493/4850
f 3452/4771 3453/4770 2857/4813
f 3453/4770 3490/4844 2857/4813
f 3490/4844 3492/4849 3495/4853
f 2857/4813 3490/4844 3495/4853
f 3492/4849 3493/4850 3499/4854
f 3246/4519 2858/4855 2855/4769
f 2859/4856 2855/4769 2858/4855
f 3839/4857 2859/4856 3247/4858
f 3247/4507 3242/4508 3865/4859
f 3494/4848 3236/4860 3497/4861
f 2855/4769 2856/4525 3246/4519
f 3491/4846 3494/4848 3496/4862
f 2860/3560 3258/4863 2443/3552
f 3493/4850 3491/4846 3498/4864
f 3492/4849 3499/4854 3500/4865
f 3448/4866 3496/4862 3494/4848
f 3448/4866 3494/4848 3497/4861
f 3499/4854 3493/4850 3498/4864
f 2855/4769 3839/4857 3451/4768
f 2443/3552 3258/4863 3256/4524
f 2857/4813 3495/4853 3450/4814
f 2856/4525 3451/4768 2440/3549
f 3839/4857 3449/3555 3451/4768
f 3491/4846 3496/4862 3501/4867
f 3498/4864 3491/4846 3501/4867
f 3232/4493 2854/4526 3264/4545
f 3252/4515 2856/4525 3503/3558
f 3500/4865 3499/4854 3502/4868
f 3492/4849 3500/4865 3495/4853
f 3503/3558 2856/4525 2440/3549
f 3450/4814 3495/4853 4126/4869
f 3447/4760 3495/4853 3500/4865
f 3451/4768 2441/3548 2440/3549
f 4126/4869 3495/4853 3447/4760
f 3449/3555 2441/3548 3451/4768
f 3497/4852 3232/4493 3264/4545
f 2443/3552 3256/4524 2442/3553
f 3256/4524 3252/4515 3503/3558
f 3498/4864 3501/4867 3505/4870
f 3504/4871 3496/4862 3507/4872
f 3496/4862 3448/4866 3507/4872
f 2854/4526 3265/4535 3264/4545
f 3499/4854 3498/4864 3506/4873
f 2437/3542 2441/3548 3449/3555
f 3501/4867 3496/4862 3504/4871
f 3499/4854 3506/4873 3502/4868
f 3256/4524 3503/3558 2442/3553
f 3501/4867 3504/4871 3508/4874
f 3501/4867 3508/4874 3510/4875
f 3447/4760 3500/4865 3444/4761
f 3501/4867 3510/4875 3505/4870
f 3498/4864 3505/4870 3506/4873
f 3497/4852 3264/4545 3511/4876
f 3448/4866 3497/4861 3511/4877
f 3500/4865 3502/4868 3509/4878
f 3500/4865 3509/4878 3444/4761
f 3504/4871 3507/4872 3512/4879
f 3448/4866 3511/4877 3507/4872
f 3511/4876 3264/4545 3279/4551
f 3445/4763 3832/4880 3446/4764
f 3502/4868 3506/4873 3509/4878
f 3505/4870 3510/4875 3513/4881
f 3509/4878 3506/4873 3514/4882
f 3508/4874 3504/4871 3516/4883
f 3516/4883 3504/4871 3518/4884
f 3279/4551 3507/4885 3511/4876
f 3444/4761 3509/4878 3515/4787
f 3514/4882 3506/4873 3505/4870
f 3278/4555 3270/4541 3284/4553
f 3517/4886 3513/4881 3510/4875
f 3510/4875 3508/4874 3519/4887
f 3508/4874 3516/4883 3519/4887
f 3519/4887 3517/4886 3510/4875
f 3509/4878 3514/4882 2839/4174
f 3518/4884 3504/4871 3512/4879
f 3507/4872 3279/4888 3521/4889
f 3520/4890 3513/4881 3517/4886
f 3505/4870 3513/4881 3514/4882
f 3515/4787 3509/4878 2839/4174
f 3512/4879 3507/4872 3521/4889
f 3279/4551 3283/4554 3522/4569
f 3284/4553 3285/4563 3292/4573
f 3514/4882 3513/4881 3520/4890
f 3522/4891 3521/4889 3279/4888
f 3514/4882 3442/4580 2839/4174
f 3442/4580 3514/4882 3520/4890
f 2848/4568 3518/4575 3443/4037
f 3518/4884 3512/4879 3443/4892
f 3518/4575 2848/4568 3309/4576
f 3517/4886 3519/4887 3523/4590
f 3517/4886 3523/4590 3520/4890
f 3521/4889 3525/4893 3524/4894
f 3512/4879 3521/4889 3524/4894
f 3519/4887 3516/4883 3310/4591
f 3443/4892 3512/4879 3524/4894
f 3526/4895 3521/4889 3522/4891
f 3523/4590 3519/4887 3310/4591
f 3520/4890 3523/4590 3322/4758
f 3442/4580 3520/4890 3322/4758
f 2834/4896 3443/4892 3524/4894
f 3302/4581 3442/4580 3322/4758
f 2834/4896 3524/4894 3315/4897
f 3315/4897 3524/4894 3525/4893
f 3525/4893 3521/4889 3526/4895
f 3522/4569 3290/4560 3319/4617
f 3322/4758 3523/4590 3313/4589
f 3001/4175 3302/4581 3322/4758
f 3526/4895 3522/4891 3319/4898
f 3315/4897 3525/4893 2820/4899
f 2820/4899 3525/4893 2811/4900
f 3525/4893 3526/4895 2811/4900
f 2811/4900 3526/4895 3441/4901
f 3526/4895 3319/4898 3527/4902
f 3441/4901 3526/4895 3527/4902
f 3374/4680 3319/4617 3341/4602
f 3527/4902 3319/4898 3374/4903
f 3362/4657 3342/4637 3383/4904
f 3342/4637 3347/4638 3383/4904
f 3383/4904 3347/4638 3528/4905
f 3341/4602 3335/4625 3374/4680
f 3529/4906 3441/4901 3527/4902
f 3362/4657 3383/4904 3530/4907
f 3372/4669 3362/4657 3530/4907
f 3529/4906 3527/4902 3374/4903
f 3384/4676 3381/4664 3657/4908
f 2789/4909 3889/4910 3440/4911
f 3389/4705 3374/4680 3375/4671
f 2802/4716 3380/4912 3391/3600
f 3380/4912 2801/4757 3391/3600
f 3438/3602 2416/3599 2801/4757
f 3889/4913 2789/4914 3439/4915
f 3372/4669 3395/4703 3393/4668
f 3437/4916 2801/4683 3384/4676
f 3529/4906 3374/4903 3532/4917
f 3531/3617 2802/4716 3391/3600
f 2801/4757 3437/4756 3438/3602
f 3531/3617 3391/3600 2417/3601
f 3437/4916 3384/4676 3657/4908
f 2802/4716 3531/3617 3411/4714
f 3437/4916 3657/4908 3436/4918
f 2789/4914 2783/4919 3439/4915
f 3532/4917 3374/4903 3389/4711
f 3394/4698 3416/4720 3407/4920
f 3438/3602 2477/3609 2473/3603
f 2477/3609 3437/4756 3435/4921
f 3437/4916 3436/4918 3435/4922
f 2789/4923 3441/4901 3529/4906
f 3532/4917 3389/4711 3413/4712
f 1796/4924 3416/4720 2784/4701
f 3769/4925 3397/4926 3533/4927
f 3533/4928 3397/4706 3409/4721
f 2415/3607 2477/3609 3435/4921
f 2407/3616 2486/3716 3411/4714
f 3531/3617 2407/3616 3411/4714
f 3532/4917 3413/4712 3534/4929
f 3409/4721 3405/4719 3414/4734
f 2415/3607 3435/4921 2036/2911
f 3436/4930 2036/2911 3435/4921
f 2035/2909 2036/2911 3436/4930
f 3529/4906 3532/4917 3535/4931
f 3534/4929 3413/4712 2778/4730
f 3532/4917 3534/4929 3434/4932
f 3535/4931 3532/4917 3434/4932
f 3416/4720 1796/4924 1821/4933
f 3415/4934 3424/4935 3879/4936
f 3433/4754 3434/4932 3534/4929
f 3534/4929 2778/4730 3433/4754
f 2394/3523 3427/4755 2777/4752
f 3426/4937 3424/4741 3417/4743
f 3879/4938 3424/4741 3426/4937
f 3426/4937 3419/4739 3429/3642
f 3419/4739 2397/3636 3429/3642
f 2492/3651 3428/3648 3422/3717
f 2492/3651 2497/3649 3428/3648
f 2496/3646 3426/4937 2503/3654
f 3429/3642 2503/3654 3426/4937
f 3430/3662 2775/4751 2504/3650
f 2775/4751 3428/3648 2504/3650
f 2394/3523 3430/3662 2389/3661
f 3061/4267 3067/4269 3063/4939
f 3422/3717 3411/4714 2486/3716
f 2599/3771 2602/3905 2598/824
f 3540/3975 3539/3977 3541/2846
f 3542/4940 2762/3772 2598/824
f 3539/3977 2762/3772 3542/4940
f 3610/2840 3540/3975 3541/2846
f 3539/3977 3542/4940 3543/821
f 3610/2840 3541/2846 1982/2845
f 3539/3977 3543/821 3541/2846
f 578/822 3542/4940 2598/824
f 578/822 3543/821 3542/4940
f 578/822 2598/824 573/815
f 2602/3905 3536/818 2598/824
f 3537/3906 3538/4941 3544/832
f 2244/833 3544/832 2212/4942
f 3538/4941 3537/3906 2632/4943
f 3544/832 3538/4941 2212/4942
f 3537/3906 3544/832 577/819
f 3537/3906 577/819 3536/818
f 3936/3582 2860/3560 2453/3564
f 3936/3582 3546/115 2969/117
f 3936/3582 3545/1945 3546/115
f 553/771 232/409 542/761
f 2748/4944 2601/4945 2734/4946
f 2748/4944 2600/4947 2601/4945
f 3548/3057 3547/3054 3573/4948
f 3986/4949 3550/4950 3976/4951
f 3551/4952 3550/4950 3986/4949
f 3551/4952 3986/4949 3552/4953
f 1845/2622 3986/4954 3983/3121
f 3551/4952 3553/4955 3555/4956
f 3986/4949 3554/4957 3552/4953
f 3986/4949 1845/4958 3554/4957
f 3976/4951 3550/4950 3978/4959
f 3551/4952 3552/4953 3553/4955
f 3550/4950 3555/4956 3556/4960
f 3552/4953 3554/4957 3557/4961
f 3550/4950 3558/4962 3978/4959
f 3557/4961 3553/4955 3552/4953
f 3558/4962 3550/4950 3556/4960
f 3557/4961 3554/4957 3549/4963
f 2155/3113 2118/3086 2150/3114
f 3556/4960 3555/4956 3559/4964
f 2723/3912 2724/3773 2738/3775
f 3555/4956 3553/4955 3564/4965
f 2723/3912 2738/3775 3561/4966
f 3556/4960 3559/4964 3560/4967
f 2738/3775 3559/4964 3561/4966
f 3899/4968 3896/4969 3907/4970
f 3559/4964 3555/4956 3564/4965
f 3558/4962 3556/4960 3563/4971
f 3561/4966 3562/4972 2723/3912
f 3560/4967 3563/4971 3556/4960
f 2259/3289 2260/2755 2261/3304
f 3561/4966 3559/4964 3564/4965
f 3565/4973 3559/4964 2738/3775
f 3560/4967 3590/4974 3563/4971
f 3560/4967 3559/4964 3565/4973
f 3564/4965 3553/4955 3557/4961
f 3566/3045 3564/4965 3557/4961
f 2739/3937 2723/3912 3570/3485
f 3566/3045 3557/4961 3549/4963
f 3560/4967 3565/4973 3590/4974
f 3570/3485 2723/3912 3562/4972
f 3565/4973 2738/3775 2744/3925
f 3562/4972 3561/4966 3568/4975
f 3569/4976 3565/4973 2744/3925
f 3565/4973 3569/4976 3590/4974
f 3567/4977 3562/4972 3568/4975
f 3568/4975 3561/4966 3564/4965
f 3676/3487 2739/3937 3570/3485
f 3568/4975 3564/4965 3566/3045
f 3568/4975 3566/3045 3572/3047
f 3567/4977 3568/4975 3572/3047
f 3548/3057 3570/3485 3567/4977
f 3570/3485 3573/4948 3742/3486
f 3548/3057 3567/4977 3572/3047
f 3575/3055 3572/3047 3574/4978
f 3573/4948 3570/3485 3548/3057
f 3547/3054 3548/3057 3575/3055
f 3573/4948 3547/3054 3587/4979
f 3575/3055 3574/4978 3576/3053
f 3975/4980 3967/4981 3613/4982
f 3554/4983 1845/2622 1842/2621
f 3549/4984 3554/4983 3578/2632
f 1843/2625 1844/2626 3579/2629
f 3899/4968 3907/4970 3901/4985
f 3580/4986 1843/4987 3579/2633
f 3578/2632 3581/4988 3549/4984
f 3581/4988 3578/2632 1843/2625
f 3581/4988 1843/2625 3580/4989
f 3549/4984 3581/4988 3571/4990
f 3549/4963 3571/3046 3566/3045
f 3581/4991 3580/4992 3582/4993
f 3580/4986 3579/2633 3583/2639
f 3581/4991 3582/4993 3571/3046
f 3570/3485 3562/4972 3567/4977
f 3583/2639 3582/4994 3580/4986
f 3571/3046 3582/4993 3574/4978
f 3571/3046 3574/4978 3572/3047
f 3582/4994 3583/2639 3577/4995
f 3582/4994 3577/4995 3574/4996
f 3577/4995 3583/2639 1858/2649
f 3979/4997 3985/4998 3977/4999
f 3587/3091 3547/5000 3584/5001
f 3576/5002 3574/4996 3577/4995
f 3547/3054 3576/3053 3584/5003
f 3587/3091 3584/5001 3585/2668
f 3586/2659 3577/4995 1861/2653
f 3584/5004 3576/5005 3586/5006
f 3584/5004 3586/5006 3585/5007
f 3576/5002 3577/4995 3586/2659
f 3585/5007 3586/5006 1864/2664
f 3586/5006 1862/2665 1864/2664
f 1693/2451 1692/2450 3587/3091
f 1693/2451 3587/3091 3585/2668
f 1711/2461 1693/2451 3585/2668
f 3591/5008 3981/5009 3590/4974
f 2744/3925 2741/3941 3592/5010
f 3592/5010 2741/3941 2752/3948
f 3617/5011 3589/5012 3595/5013
f 2744/3925 3592/5010 3569/4976
f 3589/5012 3981/5014 3595/5013
f 3590/4974 3569/4976 3591/5008
f 1917/2797 3588/5015 3594/5016
f 3591/5008 3569/4976 3598/5017
f 3588/5015 3593/5018 3594/5016
f 3593/5018 3597/5019 3594/5016
f 3595/5020 3981/5009 3591/5008
f 3592/5010 2752/3948 3596/5021
f 3597/5019 3617/5011 3595/5013
f 3569/4976 3592/5010 3598/5017
f 3593/5018 3617/5011 3597/5019
f 2752/3948 2753/3950 2755/5022
f 2752/3948 2755/5022 3596/5021
f 2753/5023 2751/3961 2758/3962
f 3598/5017 3592/5010 3596/5021
f 2753/3950 2758/3971 2755/5022
f 3597/5019 3595/5013 3600/5024
f 1917/2797 3594/5016 3603/5025
f 3599/5026 3598/5017 3596/5021
f 3598/5017 3599/5026 3591/5008
f 3597/5019 3600/5024 3594/5016
f 3599/5026 3596/5021 3602/5027
f 3594/5016 3600/5024 3601/5028
f 3596/5021 2755/5022 3602/5027
f 3603/5025 3594/5016 3601/5028
f 3595/5013 3591/5029 3600/5024
f 3599/5026 3600/5030 3591/5008
f 3599/5026 3602/5027 3605/5031
f 3601/5028 3600/5024 3607/5032
f 3600/5030 3599/5026 3607/5033
f 3604/2819 3603/5025 3607/5032
f 2755/5022 2758/3971 3606/3970
f 3607/5032 3603/5025 3601/5028
f 3604/2819 3607/5032 1973/2824
f 3599/5026 3605/5031 3607/5033
f 2755/5022 3606/3970 3608/5034
f 3602/5027 2755/5022 3608/5034
f 3602/5027 3608/5034 3605/5031
f 3610/2840 3606/5035 3540/3975
f 3608/5036 3606/5035 3610/2840
f 3607/5033 3605/5031 1980/5037
f 1980/2839 3605/5038 3608/5036
f 3608/5036 3610/2840 1980/2839
f 1917/2797 3603/5025 1967/2810
f 1967/2810 3603/5025 3604/2819
f 1973/2830 3607/5039 3609/2835
f 3607/5039 1980/2839 3609/2835
f 3616/5040 3611/5041 3615/5042
f 3613/4982 1891/5043 3890/5044
f 1891/5043 3613/4982 1928/2712
f 1928/2712 3613/4982 3614/2800
f 3614/2800 3613/4982 3611/5041
f 3614/2800 3611/5041 3616/5040
f 3614/2800 3616/5040 3593/5018
f 3593/5018 3616/5040 3617/5011
f 3593/5018 3612/2801 3614/2800
f 3588/5015 3612/2801 3593/5018
f 3612/2801 3588/5015 1917/2797
f 1928/2712 3614/2800 1890/2708
f 1573/2273 3618/5045 1576/2274
f 1576/2277 1589/2301 1579/2280
f 3297/4570 3277/4550 3291/4562
f 2837/4585 3297/4570 3307/5046
f 3336/4626 2826/4627 2816/2293
f 2810/2302 1583/2292 1580/2299
f 1580/2299 1579/2280 2810/2302
f 1589/2301 2808/4013 2810/2302
f 2808/4013 1589/2301 3620/4014
f 3618/5047 3620/4014 1589/2301
f 1589/2301 1576/2277 3618/5047
f 3619/5048 2805/4015 3620/4014
f 3621/5049 3620/4014 3618/5047
f 1573/2273 3621/5050 3618/5045
f 3623/5051 1515/2163 3624/5052
f 3432/4753 3626/5053 3625/5054
f 1598/2313 3639/5055 3627/5056
f 1571/5057 3621/5049 1573/5058
f 3633/5059 3631/5060 3632/5061
f 3308/5062 3631/5063 3633/5064
f 3278/4555 3284/4553 3292/4573
f 3291/5065 3278/5066 3634/5067
f 3634/5067 3278/5066 3292/5068
f 3307/5046 3297/4570 3291/4562
f 3634/5069 3292/4573 2845/4572
f 3635/5070 3307/5071 3291/5072
f 3291/5065 3634/5067 3635/5073
f 3307/5071 3635/5070 3636/5074
f 3635/5073 3634/5067 3633/5064
f 3634/5067 3308/5062 3633/5064
f 2845/5075 3308/5062 3634/5067
f 3630/5076 3307/5046 3636/5077
f 3635/5070 3633/5059 3636/5074
f 3633/5059 1602/2322 3636/5074
f 2826/4627 3307/5046 3630/5076
f 2837/4585 3307/5046 2826/4627
f 2798/4691 2805/4015 3619/5048
f 3619/5048 3620/4014 3621/5049
f 3629/4709 2798/4691 3619/5048
f 3629/4709 3619/5048 3638/5078
f 3628/5079 2974/5080 3629/5081
f 3619/5048 3621/5049 3627/5082
f 3638/5078 3619/5048 3627/5082
f 1571/5057 3627/5082 3621/5049
f 3629/4006 3638/5083 3628/5084
f 3627/5056 1571/5085 1598/2313
f 3640/5086 3638/5083 3639/5087
f 3638/5078 3627/5082 3639/5088
f 3628/5084 3638/5083 3640/5086
f 2974/4004 3628/5084 2778/4730
f 2778/4730 3628/5084 3640/5086
f 1596/2315 3639/5055 1598/2313
f 3432/4753 2778/4730 3640/5086
f 3639/5055 1596/2315 3641/5089
f 3432/4753 3640/5086 3626/5053
f 3626/5053 3640/5086 3642/5090
f 3640/5086 3639/5087 3642/5090
f 3641/5089 1596/2315 3643/5091
f 3642/5090 3639/5087 3641/5092
f 3643/5091 1596/2315 1591/2309
f 3625/5054 3626/5053 3624/5052
f 3624/5052 3626/5053 3642/5090
f 3642/5090 3641/5092 1511/2166
f 1511/2158 3641/5089 3643/5091
f 3643/5091 1591/2309 1590/2306
f 3623/5051 3624/5052 3642/5090
f 1512/5093 3642/5094 1511/5095
f 3622/2164 1515/2163 3623/5051
f 3623/5051 3642/5090 3622/2164
f 3622/2164 3642/5090 1512/2165
f 1590/2306 1511/2158 3643/5091
f 3630/5096 3636/5074 1602/2322
f 1602/2322 1604/2327 3630/5096
f 3630/5096 1604/2327 3637/5097
f 2826/5098 3630/5096 3637/5097
f 3637/5099 1604/5100 1599/5101
f 2816/2293 2826/4627 3637/5102
f 3637/5097 1599/2328 1588/5103
f 1599/2328 1585/2289 1588/5103
f 2816/2293 3637/5102 1588/2294
f 2776/5104 3645/5105 2780/5106
f 3651/5107 3441/5108 3648/5109
f 3649/5110 3651/5107 3654/5111
f 3649/5112 2817/4019 2811/5113
f 3655/5114 4216/5115 3340/4633
f 2817/4019 2820/4021 2811/5113
f 3653/5116 3333/4623 3652/4016
f 3652/4016 2822/4018 3654/5117
f 3333/4623 3653/5116 3340/4633
f 2817/5118 3649/5110 2822/5119
f 3340/4633 4216/5115 3650/5120
f 3350/4641 3340/4633 3650/5120
f 3340/5121 3653/5122 3655/5123
f 3654/5111 2822/5119 3649/5110
f 3655/5123 3654/5111 3651/5107
f 3647/5124 3350/4641 3650/5120
f 3655/5123 3651/5107 3648/5109
f 3647/5125 3650/5126 3663/5127
f 3649/5110 3441/5108 3651/5107
f 3381/4664 3350/4641 3647/5124
f 3647/5125 3663/5127 4218/5128
f 3381/4664 3647/5124 3656/5129
f 3381/4664 3656/5129 3657/4908
f 3657/4908 3656/5129 3436/4918
f 3645/5105 3644/5130 2780/5106
f 3645/5105 2776/5104 2025/2931
f 2041/2929 3644/5130 3645/5105
f 3441/5108 2789/5131 3648/5109
f 3436/4918 3656/5129 3658/5132
f 3436/5133 3658/5134 2035/2915
f 2035/2915 3658/5134 3660/5135
f 2034/2914 2035/2915 3660/5135
f 3659/5136 2025/5137 2776/5138
f 2016/2881 3644/5130 2041/2929
f 2041/2929 3645/5105 2025/2931
f 3644/5139 3646/5140 2780/4737
f 3646/5141 3644/5130 2051/2950
f 3646/5140 3664/5142 3662/5143
f 3654/5117 3653/5116 3652/4016
f 3655/5123 3653/5122 3654/5111
f 4216/5144 3663/5127 3650/5126
f 3656/5145 3647/5125 4218/5128
f 4218/5128 3662/5146 3656/5145
f 3661/5147 3656/5145 3662/5146
f 3658/5132 3656/5129 3661/5148
f 3658/5134 3661/5149 3660/5135
f 3664/5142 3661/5150 3662/5143
f 3660/5135 3661/5149 3664/5151
f 2034/2914 3660/5135 2055/2948
f 3660/5135 3664/5151 2055/2948
f 3662/5143 2780/4737 3646/5140
f 3664/5151 2051/2950 2055/2948
f 2055/2948 2051/2950 2052/2947
f 2051/2950 3664/5151 3646/5141
f 2051/2950 3644/5130 2016/2881
f 3678/5152 3386/4682 3358/4648
f 3669/5153 3670/5154 3671/5155
f 2850/3917 3673/3918 3273/4543
f 3301/4559 3273/4543 3673/3918
f 2603/3927 3694/5156 3672/3932
f 2730/3919 3672/3932 3671/5155
f 3671/5155 3672/3932 3694/5156
f 3301/4559 3673/3918 3670/5154
f 3673/3918 2730/3919 3670/5154
f 3670/5154 2730/3919 3671/5155
f 3668/5157 3670/5154 3674/5158
f 3301/4559 3670/5154 3668/5157
f 3670/5154 3669/5153 3674/5158
f 2829/4588 3301/4559 3668/5157
f 2812/4649 2829/4588 3668/5157
f 2812/4649 3668/5157 3674/5158
f 2812/4649 3674/5158 3677/5159
f 3677/5159 3674/5158 3675/5160
f 3365/4660 3355/4642 2812/4649
f 3358/4648 3365/4660 3678/5152
f 3365/4660 2812/4649 3677/5159
f 3365/4660 3677/5159 3678/5152
f 3386/4682 3678/5152 3679/5161
f 3386/4682 3679/5161 2794/4697
f 2794/4697 3679/5161 3667/4729
f 3406/4713 3667/4729 3680/5162
f 3666/5163 3406/4713 3680/5162
f 3406/4713 3666/5163 3421/4728
f 3423/4738 3420/4731 3682/5164
f 3420/4731 3421/4728 3665/5165
f 3665/5165 3421/4728 3666/5163
f 3682/5164 3420/4731 3665/5165
f 3681/5166 3414/4734 2579/5167
f 3414/4734 3423/4738 2579/5167
f 2579/5167 3423/4738 3682/5164
f 2580/3724 2579/3723 3683/5168
f 3694/5169 3690/5170 3691/5171
f 3692/3995 3693/5172 2732/3996
f 3694/5169 2603/5173 3693/5172
f 2771/3990 2772/3994 3696/5174
f 3671/5175 3694/5169 3691/5171
f 3693/5172 3692/3995 3695/5176
f 3694/5169 3693/5172 3697/5177
f 3692/3995 2771/3990 3696/5174
f 3697/5177 3693/5172 3695/5176
f 3671/5155 3691/5178 3669/5153
f 3690/5170 3694/5169 3697/5177
f 3692/3995 3696/5174 3698/5179
f 3695/5176 3692/3995 3698/5179
f 3697/5177 3695/5176 3700/5180
f 3696/5174 2772/3994 3699/5181
f 3690/5170 3697/5177 3700/5180
f 3704/5182 3669/5183 3691/5171
f 3691/5171 3690/5170 3704/5182
f 3698/5179 3696/5174 3701/5184
f 3699/5181 2772/3994 2742/5185
f 3690/5170 3700/5180 3702/5186
f 3703/5187 3698/5179 3701/5184
f 3674/5158 3669/5153 3675/5160
f 3675/5188 3669/5183 3704/5182
f 3698/5179 3703/5187 3695/5176
f 3701/5184 3696/5174 3699/5181
f 3700/5180 3695/5176 3703/5187
f 3690/5170 3702/5186 3705/5189
f 3701/5184 3699/5181 3676/2979
f 3676/3487 3699/3945 2739/3937
f 3710/5190 3704/5182 3690/5170
f 3702/5186 3706/5191 3708/5192
f 3689/5193 3675/5188 3704/5182
f 3702/5186 3700/5180 3709/5194
f 3700/5180 3703/5187 3709/5194
f 3710/5190 3690/5170 3705/5189
f 3703/5187 3707/5195 3709/5194
f 3704/5182 3710/5190 3689/5193
f 3706/5191 3702/5186 3709/5194
f 3677/5196 3675/5188 3689/5193
f 3711/5197 3705/5189 3702/5186
f 3702/5186 3708/5192 3711/5197
f 3703/5187 3701/5184 3712/5198
f 3707/5195 3703/5187 3712/5198
f 3710/5190 3705/5189 3717/5199
f 3713/5200 3689/5193 3710/5190
f 3723/5201 3710/5190 3717/5199
f 3716/5202 3689/5193 3713/5200
f 3713/5200 3710/5190 3723/5201
f 3701/5184 3676/2979 3712/5198
f 3716/5202 3677/5196 3689/5193
f 3711/5197 3708/5192 3714/5203
f 3678/5204 3677/5196 3716/5202
f 3708/5192 3706/5191 3718/5205
f 3706/5191 3709/5194 3718/5205
f 3709/5194 3707/5195 3718/5205
f 3715/5206 3678/5204 3716/5202
f 3716/5202 3713/5200 3688/5207
f 3705/5189 3711/5197 3717/5199
f 3678/5204 3715/5206 3679/5208
f 3688/5207 3713/5200 3723/5201
f 3720/5209 3707/5195 3712/5198
f 3712/5198 3676/2979 3720/5209
f 3711/5197 3724/5210 3717/5199
f 3667/5211 3679/5208 3721/5212
f 3715/5206 3716/5202 3719/5213
f 3719/5213 3716/5202 3688/5207
f 3714/5203 3708/5192 3718/5205
f 3718/5205 3707/5195 3722/5214
f 3707/5195 3720/5209 3722/5214
f 3719/5213 3688/5207 3687/5215
f 3687/5215 3688/5207 3723/5201
f 3680/5216 3667/5211 3721/5212
f 3717/5199 3725/5217 3723/5201
f 3679/5208 3715/5206 3721/5212
f 3724/5210 3711/5197 3714/5203
f 3714/5203 3718/5205 3726/5218
f 3718/5205 3722/5214 3727/2981
f 3715/5206 3719/5213 3728/5219
f 3724/5210 3714/5203 3731/5220
f 3680/5216 3721/5212 3728/5219
f 3721/5212 3715/5206 3728/5219
f 3719/5213 3687/5215 3729/5221
f 3723/5201 3725/5217 1645/2382
f 3725/5217 3717/5199 3724/5210
f 3726/5218 3718/5205 3727/2981
f 3722/5214 3720/5209 3727/2981
f 3720/5209 3676/2979 3727/2981
f 3737/2399 3714/5203 3726/5218
f 3666/5222 3680/5216 3732/5223
f 3732/5223 3680/5216 3728/5219
f 3728/5219 3719/5213 3733/5224
f 3725/5217 3724/5210 3731/5220
f 2579/3723 3682/5225 3683/5168
f 3719/5213 3729/5221 3733/5224
f 3734/2388 3687/5215 3735/2381
f 3687/5215 3723/5201 1645/2382
f 1645/2382 3725/5217 3739/2396
f 3731/5220 3714/5203 3737/2399
f 3665/5226 3686/5227 3682/5225
f 3665/5226 3666/5222 3686/5227
f 3687/5215 1645/2382 3735/2381
f 3683/5168 3682/5225 3686/5227
f 3666/5222 3732/5223 3686/5227
f 3732/5223 3728/5219 3736/5228
f 3729/5221 3687/5215 3734/2388
f 3739/2396 3725/5217 3731/5220
f 3731/5220 3737/2399 3740/2391
f 3736/5228 3728/5219 3733/5224
f 3733/5224 3729/5221 3734/2388
f 3686/5227 3685/5229 3683/5168
f 3738/2402 3732/5223 3736/5228
f 3736/5228 3733/5224 3744/2385
f 3727/2981 3730/2980 3741/3131
f 3738/2402 3686/5227 3732/5223
f 3683/5168 3685/5229 3743/5230
f 3685/5229 3686/5227 3738/2402
f 3726/5218 3727/2981 3746/5231
f 3741/3131 3730/2980 3742/3092
f 2580/3724 3683/5168 3743/5230
f 2585/3734 2580/3724 3743/5230
f 3743/5230 3685/5229 1653/2405
f 1645/2382 3739/2396 3745/2395
f 3685/5229 3738/2402 1653/2405
f 1646/2387 3744/2385 3733/5224
f 3733/5224 3734/2388 1646/2387
f 3731/5220 3740/2391 1651/2390
f 3738/2402 3736/5228 1647/2384
f 1647/2384 3736/5228 3744/2385
f 3746/5231 3727/2981 3741/3131
f 3684/5232 2585/3734 3743/5230
f 3739/2396 3731/5220 1651/2390
f 3740/2391 3737/2399 1652/2392
f 3726/5218 3746/5231 3737/2399
f 2594/3756 2585/3734 3684/5232
f 3747/2404 3743/5230 1653/2405
f 1658/2403 1653/2405 3738/2402
f 3684/5232 3743/5230 3747/2404
f 1657/2401 3737/2399 3746/5231
f 2595/3758 2594/3756 3684/5232
f 3684/5232 3747/2404 1661/2409
f 2595/3758 3684/5232 1661/2409
f 1657/2401 3746/5231 1664/2412
f 3746/5231 3741/3131 3748/5233
f 3748/5233 3741/3131 3587/3091
f 1664/2412 3746/5231 3748/5233
f 3748/5233 3587/3091 1692/2450
f 1664/2412 3748/5233 1681/2429
f 3748/5233 1692/2450 1681/2429
f 3749/2438 1681/2429 1692/2450
f 3756/5234 3416/5235 1821/5236
f 3407/5237 3416/5235 3757/5238
f 3416/5235 3755/5239 3757/5238
f 3408/5240 3407/5237 3757/5238
f 3416/5235 3756/5234 3755/5239
f 3757/5238 3755/5239 3754/5241
f 3756/5234 1821/5236 1820/5242
f 3755/5239 3756/5234 3758/5243
f 3753/2239 3755/5239 3758/5243
f 3754/5241 3755/5239 3753/2239
f 3756/5234 1820/5242 3758/5243
f 3758/5243 1820/5242 1814/5244
f 3758/5243 1814/5244 3752/5245
f 3752/5245 1814/5244 1803/5246
f 3759/5247 3758/5243 3752/5245
f 3753/2239 3758/5243 3759/5247
f 3753/2239 3759/5247 1560/2220
f 1803/5246 1819/5248 3752/5245
f 3751/2219 1560/2220 3759/5247
f 3752/5245 1819/5248 3760/1389
f 3760/1389 1819/5248 1818/1395
f 3759/5247 3752/5245 3760/1389
f 3751/2219 3759/5247 3750/2246
f 3750/2246 3759/5247 3760/1389
f 3760/1389 1818/1395 1046/1328
f 3750/2246 3760/1389 1016/1327
f 3750/2246 1016/1327 1007/1415
f 1541/2215 3750/2246 1007/1415
f 2795/4702 2784/4701 2804/4679
f 3528/5249 3378/5250 3762/5251
f 2784/5252 2795/5253 3761/5254
f 2795/4702 3395/4703 3761/5255
f 2784/5252 3761/5254 1810/2554
f 1796/2556 2784/5252 1810/2554
f 1044/1380 3795/1379 2586/3736
f 3530/5256 3383/5257 3770/5258
f 3383/5257 3528/5259 3771/5260
f 3770/5258 3383/5257 3772/5261
f 3383/5257 3771/5260 3772/5261
f 3771/5260 3528/5259 3762/5262
f 3395/4703 3372/4669 3530/4907
f 3772/5261 3771/5260 3774/5263
f 3771/5260 3762/5262 3773/5264
f 3395/5265 3530/5256 3770/5258
f 3772/5261 3774/5263 3775/5266
f 3761/5255 3395/4703 3780/5267
f 3395/4703 3770/5268 3780/5267
f 3771/5260 3773/5264 3776/5269
f 3762/5262 3378/5270 3769/4925
f 3769/5271 3378/4674 3397/4706
f 3774/5263 3776/5269 3777/5272
f 3772/5261 3775/5266 3770/5258
f 3775/5266 3778/5273 3770/5258
f 3774/5263 3771/5260 3776/5269
f 3773/5264 3762/5262 3769/4925
f 3761/5255 3780/5267 1810/5274
f 3779/5275 3777/5272 3776/5269
f 3779/5275 3768/5276 3777/5272
f 3775/5266 3774/5263 3781/5277
f 3774/5263 3777/5272 3781/5277
f 3778/5273 3775/5266 3781/5277
f 3778/5273 3781/5277 1812/5278
f 1809/5279 3778/5273 1812/5278
f 3780/5280 3770/5258 3778/5273
f 3780/5280 3778/5273 1809/5279
f 3773/5264 3769/4925 3782/5281
f 3533/4928 3409/4721 3783/5282
f 3783/5282 3409/4721 3414/4734
f 1809/5279 1812/5278 1811/2553
f 1810/2554 3780/5283 1813/2559
f 3782/5281 3776/5269 3773/5264
f 3769/4925 3533/4927 3782/5281
f 3780/5283 1809/2557 1813/2559
f 3784/5284 3776/5269 3782/5281
f 3782/5281 3533/4927 3785/5285
f 3781/5277 3777/5272 3786/5286
f 1812/5278 3781/5277 3787/5287
f 3781/5277 3786/5286 3787/5287
f 3779/5275 3776/5269 3784/5284
f 3785/5285 3533/4927 3783/5288
f 3777/5272 3768/5276 3786/5286
f 3779/5275 3790/5289 3768/5276
f 3784/5284 3767/5290 3779/5275
f 3788/5291 3784/5284 3782/5281
f 3783/5288 3414/5292 3789/3719
f 1812/5278 3787/5287 1807/2551
f 1811/2553 1812/5278 1807/2551
f 3790/5289 3779/5275 3767/5290
f 3785/5285 3783/5288 3789/3719
f 3414/5292 3681/3720 3789/3719
f 3766/3726 3782/5281 3785/5285
f 3767/5290 3784/5284 3765/5293
f 3782/5281 3766/3726 3788/5291
f 3786/5286 3768/5276 3792/5294
f 3766/3726 3785/5285 3789/3719
f 3768/5276 3790/5289 3792/5294
f 3765/5293 3784/5284 3788/5291
f 3765/5293 3788/5291 3766/3726
f 3766/3726 3789/3719 2578/3721
f 3790/5289 3767/5290 3791/5295
f 3791/5295 3767/5290 3765/5293
f 3787/5287 3786/5286 3792/5294
f 3792/5294 3790/5289 3794/5296
f 3790/5289 3791/5295 3793/3737
f 1807/2551 3787/5287 3764/5297
f 1806/2552 1807/2551 3764/5297
f 3794/5296 3790/5289 3793/3737
f 3791/5295 3765/5293 2587/3732
f 3765/5293 3766/3726 2581/3729
f 1802/2571 1806/2552 3764/5297
f 3765/5293 2581/3729 2587/3732
f 3795/1379 3793/3737 2586/3736
f 3793/3737 3791/5295 2587/3732
f 3764/5297 3787/5287 3792/5294
f 3793/3737 3795/1379 3794/5296
f 3792/5294 3794/5296 3796/5298
f 3764/5297 3792/5294 3763/5299
f 3792/5294 3796/5298 3763/5299
f 3794/5296 3795/1379 3797/1390
f 3796/5298 3794/5296 3797/1390
f 3764/5297 3763/5299 1816/2576
f 1802/2571 3764/5297 1816/2576
f 3797/1390 3795/1379 1045/1381
f 1044/1380 2586/3736 2575/1385
f 3796/5298 3797/1390 1053/1391
f 1052/1401 3763/5299 3796/5298
f 1816/2576 3763/5299 1052/1401
f 3796/5298 1053/1391 1052/1401
f 1056/1330 1816/2576 1018/1331
f 1816/2576 1052/1401 1018/1331
f 3801/5300 3799/5301 3800/5302
f 2787/4726 3800/5302 2791/4009
f 3088/4069 3209/4070 3813/5303
f 2922/4299 2918/4418 3180/4096
f 2979/4145 2981/4146 2983/5304
f 2981/4146 3803/5305 2983/5304
f 3846/5306 3805/5307 3804/5308
f 3846/5309 3824/5310 3806/5311
f 3805/5312 3846/5309 3806/5311
f 3809/5313 3860/5314 3808/5315
f 3809/5313 3808/5315 3810/5316
f 3860/5317 3811/5318 3862/5319
f 3862/5320 3811/5321 3812/5322
f 3810/5316 3235/4125 3081/4126
f 3813/5303 3814/5323 3088/4069
f 3086/4287 3090/4292 3096/4297
f 2918/4418 3813/5303 3194/4421
f 3198/4441 3194/4421 3813/5303
f 3209/4070 3198/4441 3813/5303
f 3798/5324 3799/5301 3801/5300
f 3800/5302 2787/4726 3801/5300
f 3801/5300 2787/4726 3415/4725
f 3879/4938 3816/5325 3415/4742
f 3816/5325 3815/3632 3819/3612
f 3818/3595 3820/5326 3819/3612
f 3820/5327 3799/5301 3817/5328
f 2422/3581 3825/5329 3876/5330
f 3873/5331 3825/5329 2427/3535
f 3826/5332 3827/5333 3828/5334
f 3827/5333 3830/5335 3828/5334
f 3832/4880 3830/5335 3827/5333
f 3833/5336 3831/5337 3871/5338
f 2431/3541 3836/3556 3869/5339
f 3454/4766 3446/4764 3835/5340
f 3813/5303 2918/4418 3814/5323
f 2918/4418 2922/4299 3090/4292
f 3824/5310 3875/5341 3826/5342
f 3799/5301 3803/5305 3800/5302
f 2791/4009 3800/5302 2981/4146
f 3803/5305 3799/5301 3845/5343
f 2981/4146 3800/5302 3803/5305
f 3845/5343 3799/5301 3821/5344
f 3803/5305 3845/5343 3804/5308
f 3821/5344 3823/5345 3845/5343
f 3803/5305 3804/5308 2983/5304
f 3845/5343 3823/5345 3846/5306
f 3804/5308 3845/5343 3846/5306
f 2983/5304 2986/4152 2979/4145
f 3851/5346 3804/5308 3847/5347
f 3846/5309 3823/5348 3824/5310
f 2988/4774 3848/5349 2991/4775
f 2988/4774 3849/5350 3848/5349
f 3849/5350 2988/4774 3850/5351
f 2988/4774 2986/5352 3850/5351
f 3850/5351 2986/5352 3851/5353
f 2986/4152 2983/5304 3851/5346
f 2983/5304 3804/5308 3851/5346
f 3847/5347 3804/5308 3805/5307
f 3455/4159 2991/4158 3852/5354
f 2991/4158 3848/5355 3852/5354
f 3850/5351 3851/5353 3854/5356
f 3851/5353 3847/5357 3855/5358
f 3849/5350 3856/5359 3848/5349
f 3853/5360 3850/5351 3854/5356
f 3857/5361 3847/5357 3858/5362
f 3847/5357 3805/5363 3858/5362
f 3858/5362 3805/5363 3806/5364
f 3859/5365 3858/5362 3806/5364
f 3824/5310 3826/5342 3806/5311
f 3859/5365 3806/5364 3826/5332
f 3828/5334 3859/5365 3826/5332
f 3454/4766 3868/5366 3488/4812
f 3027/4221 3010/4190 3488/4812
f 3488/4812 3868/5366 3027/4221
f 3027/5367 3868/5368 3802/5369
f 3027/4238 3802/5370 3843/5371
f 3802/5370 3842/5372 3843/5371
f 3027/4238 3843/5371 3860/5314
f 3842/5372 3807/5373 3843/5371
f 3050/4239 3027/4238 3861/5374
f 3027/5375 3860/5317 3861/5376
f 3808/5315 3843/5371 3807/5373
f 3860/5314 3843/5371 3808/5315
f 3811/5321 3860/5314 3809/5313
f 3808/5315 3807/5373 3844/5377
f 3861/5376 3862/5319 3077/5378
f 3050/4239 3861/5374 3077/4276
f 3861/5376 3860/5317 3862/5319
f 3235/4125 3810/5316 3844/5377
f 3811/5321 3810/5316 3812/5322
f 3081/4126 3862/5320 3812/5322
f 3810/5316 3081/4126 3812/5322
f 3863/5379 3862/5320 3081/4126
f 3077/5380 3862/5381 3864/5382
f 3864/5383 3862/5384 3863/5385
f 3863/5379 3081/4126 3088/4069
f 3090/5386 3077/5387 3864/5388
f 3864/5389 3863/5379 3814/5323
f 3814/5323 3863/5379 3088/4069
f 3090/4292 3864/5389 3814/5323
f 3090/5390 3814/5391 2918/5392
f 3096/4297 3090/4292 2922/4299
f 3810/5316 3811/5321 3809/5313
f 3808/5315 3844/5377 3810/5316
f 3233/4492 3235/4125 3842/5372
f 3844/5377 3807/5373 3235/4125
f 3242/4508 3233/4492 3842/5372
f 3842/5372 3235/4125 3807/5373
f 3865/4859 3242/4508 3866/5393
f 3866/5393 3242/4508 3842/5372
f 3866/5393 3842/5372 3841/5394
f 3802/5395 3840/5396 3842/5397
f 3839/4857 2855/4769 2859/4856
f 3841/5394 3842/5372 3840/5398
f 3802/5395 3868/5399 3840/5396
f 3247/4858 3865/5400 3839/4857
f 3839/4857 3865/5400 3866/5401
f 3838/5402 3839/4857 3866/5401
f 3841/5403 3840/5404 3867/5405
f 3840/5406 3868/5407 3867/5408
f 3836/3556 3449/3555 3839/4857
f 3866/5401 3841/5403 3837/5409
f 3839/4857 3838/5402 3836/3556
f 3866/5401 3837/5409 3838/5402
f 3837/5409 3841/5403 3867/5405
f 3836/3556 3838/5402 3869/5339
f 3834/5410 3867/5408 3868/5407
f 3838/5402 3837/5409 3869/5339
f 3834/5410 3868/5407 3454/5411
f 3867/5408 3834/5410 3871/5338
f 3870/5412 3837/5409 3867/5405
f 3454/5411 3835/5413 3834/5410
f 3869/5339 3837/5409 3870/5412
f 3870/5412 3867/5405 3871/5414
f 3869/5339 3870/5412 3872/5415
f 3446/4764 3832/4880 3835/5340
f 2431/3541 3869/5339 3872/5415
f 3834/5410 3835/5413 3871/5338
f 3833/5336 3871/5338 3835/5413
f 3872/5415 3870/5412 3873/5331
f 3870/5412 3871/5414 3829/5416
f 2429/3570 2431/3541 3872/5415
f 3833/5336 3835/5413 3832/5417
f 2429/3570 3872/5415 3873/5331
f 3832/5417 3827/5418 3833/5336
f 3830/5335 3832/4880 3445/4763
f 2429/3570 2428/3537 2431/3541
f 3873/5331 3870/5412 3829/5416
f 3829/5416 3871/5414 3874/5419
f 3874/5420 3871/5338 3831/5337
f 3831/5337 3833/5336 3827/5418
f 2427/3535 2429/3570 3873/5331
f 3831/5337 3827/5418 3875/5341
f 3874/5420 3831/5337 3875/5341
f 3876/5330 3873/5331 3829/5416
f 3873/5331 3876/5330 3825/5329
f 3825/5329 2422/3581 2427/3535
f 3876/5330 3829/5416 3874/5419
f 3876/5330 3874/5419 3823/5421
f 3875/5341 3824/5310 3823/5348
f 3874/5420 3875/5341 3823/5348
f 3822/5422 2422/3581 3876/5330
f 3822/5422 3876/5330 3878/5423
f 3878/5424 3876/5425 3823/5426
f 2422/3581 3822/5422 3877/3594
f 2422/3581 3877/3594 2419/3533
f 3821/5344 3878/5427 3823/5345
f 3818/3595 3877/3594 3822/5422
f 3822/5422 3878/5423 3820/5326
f 3820/5327 3878/5427 3821/5344
f 3820/5326 3818/3595 3822/5422
f 3819/3612 3820/5326 3817/5428
f 3799/5301 3820/5327 3821/5344
f 3799/5301 3798/5324 3817/5328
f 3819/3612 3817/5428 3798/5429
f 3816/5430 3801/5300 3415/4725
f 3798/5429 3816/5325 3819/3612
f 2411/3611 3819/3612 3815/3632
f 3816/5325 3798/5429 3801/5431
f 3815/3632 3816/5325 2495/3640
f 3816/5325 3879/4938 2495/3640
f 2491/3633 3815/3632 2495/3640
f 2495/3640 3879/4938 2496/3646
f 3879/4938 3426/4937 2496/3646
f 3875/5341 3827/5418 3826/5342
f 2782/4002 2780/4737 3662/5143
f 2781/4003 3880/5432 3888/4724
f 3662/5143 3880/5432 2782/4002
f 3880/5433 2781/5434 2782/5435
f 3387/4694 3881/5436 3882/4692
f 1572/2318 1587/2320 1570/5437
f 3882/4692 1575/5438 1577/5439
f 3377/4695 3882/5440 1577/2279
f 3883/5441 3377/4695 1577/2279
f 3377/4695 3883/5441 3884/2300
f 3377/4695 3884/2300 3357/4635
f 2813/4619 3884/2300 1584/5442
f 2823/4618 1584/5442 3885/5443
f 3885/2291 1584/5444 1582/2288
f 2823/4618 3631/4596 2831/4598
f 2823/4618 3885/5443 1601/5445
f 1584/5442 2823/4618 2813/4619
f 3884/2300 2813/4619 3357/4635
f 3882/4692 1574/5446 1575/5438
f 3394/4698 3408/5447 3387/4684
f 3881/5436 3387/4694 3408/5240
f 1587/5448 3882/4692 3881/5436
f 1587/5449 3881/5450 1570/5451
f 3408/5447 3394/4698 3407/4920
f 3886/2233 3881/5436 3408/5240
f 2823/4618 1601/5445 3631/4596
f 3631/5060 1601/2325 1603/2323
f 3631/5060 1603/2323 3632/5061
f 3882/4692 1587/5448 1574/5446
f 1558/5452 1570/5453 3881/5454
f 3886/2233 1558/2232 3881/5436
f 3886/2233 3408/5240 3757/5238
f 3886/2233 3757/5238 3754/5241
f 3886/2233 3754/5241 1556/2234
f 3754/5241 3753/2239 1550/2235
f 1556/2234 3754/5241 1550/2235
f 3439/5455 2783/5456 3888/5457
f 3439/5458 3888/5459 3887/5460
f 4219/5461 3888/5462 3880/5463
f 4219/5461 3887/5464 3888/5462
f 4219/5461 4214/5465 3887/5464
f 4214/5465 4213/5466 3887/5464
f 4213/5466 3889/5467 3439/5468
f 4213/5469 3439/5470 3887/5471
f 1578/2278 3883/5441 1577/2279
f 3883/5441 1578/2278 3884/2300
f 1582/5472 1584/5442 3884/2300
f 1891/5473 3893/3139 3890/5474
f 1928/5475 3892/5476 3891/3137
f 3893/3139 1891/5473 3891/3137
f 2175/3066 2150/3114 2118/3086
f 3916/3138 3891/3137 3892/5476
f 3898/5477 3899/4968 4020/5478
f 3895/5479 3897/5480 3916/3138
f 4022/5481 3901/4985 3903/5482
f 3973/5483 4034/5484 3904/5485
f 3904/5485 3926/5486 3973/5483
f 3926/5486 3904/5485 3908/5487
f 3904/5485 3906/5488 3912/5489
f 3901/4985 3909/5490 3905/5491
f 3906/5488 3909/5490 3912/5489
f 4031/5492 3904/5485 3912/5489
f 2114/3065 2113/3122 2175/3066
f 3911/5493 3910/5494 1994/5495
f 3916/3138 3915/5496 3907/4970
f 3919/5497 3913/5498 3911/5493
f 3913/5498 3919/5497 3922/5499
f 3919/5497 1901/5500 3922/5499
f 3921/3243 3916/3138 3923/5501
f 3923/5501 3916/3138 3925/3308
f 3896/4969 3894/5502 3916/3138
f 1934/5503 1895/5504 1896/5505
f 3904/5485 4024/5506 3906/5488
f 3906/5488 3905/5491 3909/5490
f 3935/5507 3910/5494 3911/5493
f 3920/3242 3921/3243 3927/3294
f 3922/5499 1901/5500 3929/3503
f 1901/5500 4181/5508 3929/3503
f 3927/3294 3921/3243 3923/5501
f 3928/3502 3922/5499 3929/3503
f 3924/5509 3913/5498 3931/5510
f 2352/3492 2378/3312 3927/3314
f 3922/5499 3928/3502 3930/3501
f 3927/3314 2280/3313 3918/3433
f 2347/3494 3932/3493 2376/3341
f 3925/3308 3924/5509 3933/3309
f 3931/5510 3922/5499 3930/3501
f 3923/5501 3925/3308 3932/3310
f 3554/4983 1842/2621 3578/2632
f 2257/3025 2094/3051 2256/5511
f 2339/2766 3932/3493 3933/3317
f 3932/3493 2339/2766 2376/3341
f 2104/3029 4266/3293 4264/3027
f 3934/5512 3933/5513 3924/5514
f 1845/2622 3983/3121 2135/3130
f 1897/5515 3895/5479 1895/5516
f 3896/4969 3898/5477 3894/5502
f 3893/3139 3997/5517 3890/5474
f 1895/5516 3895/5479 1894/5518
f 3894/5502 3898/5477 3969/5519
f 3916/3138 3894/5502 3893/3139
f 3895/5479 1892/5520 1894/5518
f 1892/5520 3895/5479 3892/5476
f 2069/5521 2113/3122 2114/3065
f 3893/3139 3894/5502 3997/5517
f 2110/3037 2112/3036 2111/5522
f 3892/5476 1928/5475 1892/5520
f 3894/5502 3969/5519 3997/5517
f 3550/4950 3551/4952 3555/4956
f 1928/5475 3891/3137 1891/5473
f 1897/5515 3897/5480 3895/5479
f 1897/5515 1898/5523 3897/5480
f 3916/3138 3892/5476 3895/5479
f 3898/5477 3896/4969 3899/4968
f 3897/5480 1898/5523 3900/5524
f 1898/2706 1899/2714 3900/2713
f 3897/5480 3900/5524 3916/3138
f 4022/5481 3899/4968 3901/4985
f 1900/5525 3935/5507 3900/5524
f 4022/5481 3903/5482 3902/5526
f 3900/5524 3935/5507 3916/3138
f 3916/3138 3907/4970 3896/4969
f 4034/5484 4024/5506 3904/5485
f 3916/3138 3935/5507 3913/5498
f 2972/3249 2210/3187 2973/3232
f 1844/2626 1846/2624 1847/2615
f 3903/5482 3901/4985 3905/5491
f 4024/5506 3902/5526 3905/5491
f 3902/5526 3903/5482 3905/5491
f 3906/5488 4024/5506 3905/5491
f 1961/3287 3934/3288 1963/5527
f 3935/5507 1900/5525 3910/5494
f 3589/5528 3615/5529 3980/5530
f 2367/3420 2327/3409 2332/3408
f 3901/4985 3907/4970 3909/5490
f 3911/5493 3913/5498 3935/5507
f 3915/5496 3912/5489 3909/5490
f 4033/5531 3912/5489 3914/5532
f 3915/5496 3909/5490 3907/4970
f 3914/5532 3912/5489 3915/5496
f 3911/5493 1994/5495 3917/5533
f 3914/5532 3915/5496 3918/3295
f 3919/5497 3911/5493 3917/5533
f 3915/5496 3920/3242 3918/3295
f 3919/5497 3917/5533 1901/5500
f 3916/3138 3920/3242 3915/5496
f 3913/5498 3924/5509 3916/3138
f 3922/5499 3931/5510 3913/5498
f 3925/3308 3916/3138 3924/5509
f 2093/3481 2265/3290 2101/3281
f 3944/5534 3943/5535 4202/5536
f 3938/5537 3944/5534 3937/5538
f 3937/5538 4202/5536 3945/5539
f 3945/5539 4202/5536 3947/5540
f 3937/5538 3949/5541 3938/5537
f 3937/5538 3945/5539 2872/5542
f 3945/5539 3947/5540 2873/5543
f 3938/5537 3949/5541 3946/5544
f 3939/5545 3948/5546 4204/5547
f 3950/5548 3946/5544 3951/5549
f 3946/5544 3949/5541 2877/5550
f 3952/5551 3950/5548 2892/5552
f 2907/5553 3952/5551 2892/5552
f 2916/5554 3940/5555 2907/5553
f 3954/5556 4010/5557 2975/5558
f 3944/5534 4202/5536 3937/5538
f 4010/5557 3954/5556 2916/5554
f 2916/5554 3954/5556 3940/5555
f 3952/5551 2907/5553 3940/5555
f 3952/5551 3940/5555 3953/5559
f 3951/5549 2892/5552 3950/5548
f 2877/5550 3951/5549 3946/5544
f 2873/5543 3939/5545 2882/5560
f 3939/5545 2873/5543 3947/5540
f 3949/5541 3937/5538 2872/5542
f 3948/5546 3939/5545 3947/5540
f 3952/5551 3953/5559 2767/5561
f 2767/5561 3950/5548 3952/5551
f 3946/5544 3950/5548 3942/5562
f 3938/5537 3946/5544 3942/5562
f 3950/5548 2767/5561 3942/5562
f 3938/5537 3942/5562 3944/5534
f 3944/5534 3942/5562 2764/5563
f 3944/5534 2764/5563 3941/5564
f 2965/3828 3431/3832 4015/4348
f 2873/5543 2872/5542 3945/5539
f 2872/4058 2873/4066 3955/5565
f 3955/5565 2873/4066 2880/4471
f 2872/4058 3955/5565 2879/4059
f 3956/5566 3957/5567 4003/5568
f 2924/5569 3958/5570 2933/5571
f 3958/5570 3959/5572 2933/5571
f 2976/5573 2933/5571 3962/5574
f 2933/5571 3959/5572 3960/5575
f 3960/5575 3959/5572 2899/5576
f 2899/5577 3959/5578 2888/5579
f 3958/5570 2924/5569 3957/5567
f 3961/5580 3955/5581 2880/5582
f 2924/5569 4002/5583 4000/5584
f 3961/5585 3956/5586 3955/5587
f 3955/5587 3956/5586 2879/5588
f 3961/5580 2880/5582 2888/5589
f 3956/5586 3961/5585 3958/5590
f 4000/5584 3957/5567 2924/5569
f 3960/5591 2976/5592 3962/5593
f 2933/5571 3960/5575 3962/5574
f 3956/5566 3958/5570 3957/5567
f 3958/5570 3961/5580 2888/5589
f 2909/5594 2976/5595 3960/5596
f 2929/5597 2976/5595 2909/5594
f 2888/5589 3959/5572 3958/5570
f 4000/5584 4003/5568 3957/5567
f 2883/4076 3939/5598 4196/4077
f 3195/5599 4196/5600 3965/5601
f 3939/5598 2883/4076 2882/4067
f 2878/5602 2879/5588 2884/5603
f 2884/5603 3963/5604 2887/5605
f 2906/5606 3963/5604 2900/5607
f 2887/5605 3963/5604 2908/5608
f 2900/5607 3963/5604 2884/5603
f 2884/5603 2887/5605 2878/5602
f 2900/5607 2884/5603 3956/5586
f 2884/5603 2879/5588 3956/5586
f 2683/5609 2677/5610 3964/5611
f 3964/5612 2770/5613 2683/5614
f 2891/5615 3195/5599 3965/5601
f 4206/5616 2891/5615 3965/5601
f 2891/5615 4206/5616 3964/5617
f 4206/5616 2770/5618 3964/5617
f 2919/5619 2939/5620 2949/5621
f 2919/5619 2949/5621 3966/5622
f 2919/5619 3966/5622 2906/5623
f 3972/5624 4021/5625 3970/5626
f 3992/3452 3993/3397 2319/3396
f 3890/2618 3975/2617 3968/5627
f 3890/5044 3968/5628 3613/4982
f 3968/5628 3975/4980 3613/4982
f 3985/5629 3986/4954 3976/5630
f 3967/4981 3611/5041 3613/4982
f 3975/2617 3985/5629 3967/5631
f 3985/4998 3976/4951 3977/4999
f 3967/5631 3985/5629 3979/5632
f 3977/4999 3976/4951 3978/4959
f 3967/4981 3979/5633 3615/5042
f 3967/4981 3615/5042 3611/5041
f 3977/4999 3978/4959 3558/4962
f 3977/4999 3980/5530 3979/4997
f 3979/4997 3980/5530 3615/5529
f 3977/4999 3558/4962 3980/5530
f 2356/3489 2270/3345 2159/3461
f 3563/4971 3980/5530 3558/4962
f 3980/5530 3563/4971 3589/5528
f 3563/4971 3981/5009 3589/5528
f 3616/5040 3615/5042 3617/5011
f 3615/5042 3589/5012 3617/5011
f 3563/4971 3590/4974 3981/5009
f 3972/5634 3970/5635 4023/5636
f 3995/5637 3994/5638 3982/5639
f 3995/5637 3982/5639 3973/5640
f 2157/2860 3990/2859 2314/3389
f 3990/2859 2318/5641 2314/3389
f 3992/3452 3991/3347 3990/2859
f 3990/2859 3991/3347 2318/5641
f 3992/3452 3971/5642 3993/3397
f 2317/3451 2318/5641 3991/3347
f 3971/5642 3982/5639 3993/3397
f 3993/3397 3994/5638 4036/5643
f 3993/3397 4036/5643 2276/3398
f 3996/5644 3995/5637 3974/5645
f 3994/5638 3995/5637 3996/5644
f 4036/5643 3994/5638 3996/5644
f 3982/5639 3988/2861 3972/5624
f 4019/5646 3988/2861 3969/5647
f 3969/5647 3988/2861 3998/5648
f 3988/2861 3989/5649 3998/5648
f 3997/2616 3969/5647 3998/5648
f 2176/3078 3988/2861 2146/3076
f 3998/5648 3987/5650 3997/2616
f 3988/2861 2176/3078 3989/5649
f 3997/2616 3987/5650 3975/2617
f 3998/5648 3989/5649 3987/5650
f 3989/5649 3986/4954 3987/5650
f 3985/5629 3987/5650 3986/4954
f 3989/5649 2176/3078 3983/3121
f 3983/3121 3986/4954 3989/5649
f 3987/5650 3985/5629 3975/2617
f 3988/2861 4021/5625 3972/5624
f 3988/2861 4019/5646 4021/5625
f 3988/2861 3982/5639 3990/2859
f 3971/5642 3992/3452 3990/2859
f 3982/5639 3972/5624 3973/5640
f 3994/5638 3993/3397 3982/5639
f 3972/5624 4034/5651 3973/5640
f 3974/5645 3995/5637 3973/5640
f 4034/5484 3972/5634 3902/5526
f 2909/5594 3999/5652 2929/5597
f 2910/5653 3999/5652 2909/5594
f 2916/5654 2901/5655 2914/5656
f 4001/5657 4000/5658 4002/5659
f 4001/5660 4002/5661 2924/5662
f 4001/5663 4003/5664 4000/5665
f 4001/5666 2900/5667 4003/5668
f 2938/5669 3999/5670 4004/5671
f 4006/5672 4005/5673 4007/5674
f 4006/5672 4007/5674 4009/5675
f 2954/5676 4006/5672 4009/5675
f 2938/5669 4005/5673 4006/5672
f 4005/5673 2938/5669 4004/5671
f 2930/4104 4004/4103 3999/5677
f 2930/5678 3999/5679 2910/5680
f 2949/5681 2950/5682 3163/5683
f 2949/5684 3163/4839 2937/5685
f 2937/5685 3163/4839 2908/4838
f 3963/5686 2937/5685 2908/4838
f 4008/5687 2975/4399 2943/4138
f 2975/5688 4008/5689 3954/5690
f 4018/5691 3152/5692 2977/5693
f 4018/5691 2942/5694 3152/5692
f 3152/5692 2942/5694 4011/5695
f 4262/5696 4011/5695 2942/5694
f 3953/5697 3940/5698 4209/5699
f 4012/5700 3954/5690 4008/5689
f 4013/5701 4014/5702 4016/5703
f 4008/5689 4014/5702 4012/5700
f 4209/5699 4013/5701 3431/5704
f 4209/5699 3431/5704 3953/5697
f 4017/4389 2938/4388 4006/5705
f 4017/5706 4006/5672 2954/5676
f 2945/5707 4008/5689 2943/5708
f 4008/5689 2945/5707 4014/5702
f 4016/5709 2956/5710 2955/5711
f 4015/5712 4016/5703 2955/5713
f 4016/5703 4015/5712 4013/5701
f 2945/5707 2956/5714 4016/5703
f 2945/5707 4016/5703 4014/5702
f 4017/5715 2954/5716 2932/5717
f 2954/5718 2944/5719 2932/5720
f 4009/5721 4007/5722 2936/5723
f 2956/4361 4018/4362 2951/5724
f 2951/4830 2958/4829 2956/5710
f 2956/5710 2958/4829 2955/5711
f 2951/5725 2953/5726 2950/5727
f 2951/5725 4018/5728 2977/5729
f 2953/5726 2951/5725 2977/5729
f 2951/5725 2950/5727 2949/5730
f 2939/5731 2951/5725 2949/5730
f 4021/5732 4019/5733 4020/5478
f 3970/5635 4021/5732 3899/4968
f 3970/5635 3899/4968 4022/5481
f 4023/5636 3970/5635 4022/5481
f 4023/5636 3902/5526 3972/5634
f 3902/5526 4024/5506 4034/5484
f 3996/5734 3974/5735 4028/5736
f 3996/5734 4028/5736 4029/5737
f 4027/5738 4031/5492 4030/5739
f 3908/5487 3904/5485 4031/5492
f 4032/5740 4030/5739 4031/5492
f 4032/5740 4031/5492 3912/5489
f 4032/5740 3912/5489 4033/5531
f 4025/5741 4026/3455 2276/3398
f 3926/5486 3974/5735 3973/5483
f 4031/5492 4027/5738 3908/5487
f 2379/3500 4032/5742 4035/3440
f 4033/5531 4035/5743 4032/5740
f 4033/5531 3914/5532 4035/5743
f 2353/5744 3914/5532 3918/3295
f 3969/5519 3898/5477 4020/5478
f 4019/5733 3969/5519 4020/5478
f 4020/5478 3899/4968 4021/5732
f 4023/5636 4022/5481 3902/5526
f 3974/5735 3926/5486 4027/5738
f 4037/5745 4028/5736 4030/5739
f 4037/5745 2279/5746 4029/5737
f 4037/5745 2379/5747 2279/5746
f 4028/5736 3974/5735 4027/5738
f 4025/5748 4038/5749 2322/5750
f 4025/5748 2322/5750 4026/5751
f 4029/5737 4028/5736 4037/5745
f 4037/5745 4030/5739 4032/5740
f 2322/5752 4029/5753 2279/5754
f 4032/5740 2379/5747 4037/5745
f 2353/5744 4035/5743 3914/5532
f 4025/5741 2276/3398 4038/5755
f 4030/5739 4028/5736 4027/5738
f 2322/5752 4038/5756 4029/5753
f 3996/5757 4029/5758 4036/5759
f 4038/5760 4036/5761 4029/5762
f 4036/5643 4038/5755 2276/3398
f 4027/5738 3926/5486 3908/5487
f 3537/3982 4039/3984 4040/5763
f 4058/5764 4040/3979 4041/5765
f 4040/3979 4039/5766 4041/5765
f 242/265 232/409 218/405
f 4048/5767 4058/5764 4041/5765
f 4045/3248 4044/5768 4051/3231
f 4047/5769 4050/5770 2630/5771
f 4047/3791 4052/3793 4050/5772
f 4042/5773 4049/5774 4041/5775
f 4040/3979 4043/5776 2632/3980
f 3538/4941 2632/4943 4045/5777
f 4040/3979 4058/5764 4043/5776
f 4042/5773 2630/5778 4046/5779
f 4046/5780 4050/5770 4049/5781
f 4056/3245 4054/3247 4055/5782
f 4053/3246 4060/5783 4052/5784
f 4046/5780 2630/5771 4050/5770
f 4049/5774 4042/5773 4046/5779
f 4044/5768 2632/5785 4043/5786
f 4044/5768 4045/3248 2632/5785
f 4048/5787 4057/5788 4051/3231
f 4051/3231 4057/5788 4054/3247
f 4055/5782 4054/3247 4059/5789
f 4056/5790 4055/5791 4049/5792
f 4053/3246 4052/5784 2245/3233
f 4041/5775 4039/5793 4042/5773
f 4050/5794 4052/5784 4060/5783
f 4058/5795 4044/5768 4043/5786
f 4051/3231 4044/5768 4058/5795
f 4058/5795 4048/5787 4051/3231
f 4048/5787 4059/5789 4057/5788
f 4059/5789 4054/3247 4057/5788
f 4049/5796 4050/5794 4056/3245
f 4056/3245 4050/5794 4060/5783
f 4053/3246 4056/3245 4060/5783
f 4048/5767 4041/5765 4059/5797
f 4059/5798 4041/5799 4049/5792
f 2631/3792 2629/3785 2634/3795
f 2635/3796 2634/3795 2629/3785
f 1555/2231 1597/2312 1558/2232
f 2896/4129 3964/5800 2677/4466
f 2996/4164 3002/5801 2998/4165
f 2996/4164 4061/5802 3002/5801
f 4069/5803 4077/5804 4067/5805
f 4068/5806 4069/5803 4067/5805
f 4064/5807 4069/5803 4068/5806
f 4064/5808 4071/5809 4065/5810
f 4071/5811 4064/5807 4068/5806
f 4071/5809 4063/5812 4065/5810
f 4062/5813 4065/5814 4063/5815
f 4073/5816 2998/4165 3002/5801
f 4063/5812 4074/5817 3002/5801
f 4063/5812 3002/5801 4062/5818
f 3002/5801 4061/5802 4062/5818
f 4066/5819 4075/5820 4067/5805
f 4067/5805 4075/5820 4076/5821
f 4063/5812 4071/5809 4074/5817
f 4071/5811 4070/5822 4074/5823
f 4067/5805 4079/5824 4068/5806
f 4070/5822 4068/5806 4079/5824
f 4074/5817 4073/5816 3002/5801
f 4071/5811 4068/5806 4070/5822
f 4078/5825 4073/5816 4072/5826
f 4073/5816 4078/5825 2998/4165
f 4067/5805 4076/5821 4079/5824
f 4169/5827 2998/4165 4078/5825
f 4083/5828 4080/5829 4082/5830
f 4084/5831 4083/5828 4066/5819
f 4083/5828 4082/5830 4066/5819
f 4066/5819 4067/5805 4077/5804
f 4084/5831 4066/5819 4077/5804
f 4075/5820 4066/5819 4082/5830
f 4075/5820 4082/5830 4081/5832
f 3024/5833 4087/5834 4085/5835
f 3016/5836 4085/5835 4096/5837
f 3024/4216 3032/4226 3038/4243
f 4087/5834 3024/5833 3038/5838
f 3038/5838 3047/5839 4087/5834
f 3478/5840 4086/5841 4099/5842
f 3016/5836 4096/5837 4086/5841
f 4089/5843 4092/5844 4090/5845
f 4090/5845 4092/5844 3100/5846
f 4089/5843 4091/5847 4092/5844
f 4092/5844 4091/5847 4093/5848
f 4091/5847 4095/5849 4093/5848
f 4093/5848 4087/5834 4092/5844
f 4094/5850 4093/5848 4095/5849
f 4085/5835 4093/5848 4096/5837
f 4097/5851 4093/5848 4094/5850
f 4096/5837 4093/5848 4098/5852
f 4093/5848 4097/5851 4098/5852
f 4094/5850 4100/5853 4097/5851
f 4096/5837 4098/5852 4086/5841
f 4098/5852 4097/5851 4099/5842
f 4086/5841 4098/5852 4099/5842
f 4097/5851 4100/5853 4101/5854
f 4101/5854 4099/5842 4097/5851
f 4103/5855 4099/5842 4101/5854
f 4102/5856 4099/5842 4103/5855
f 4099/5842 4102/5856 4088/5857
f 4103/5855 4101/5854 4109/5858
f 4103/5855 4109/5858 4107/5859
f 4103/5855 4104/5860 4102/5856
f 4103/5855 4105/5861 4104/5860
f 4103/5855 4107/5859 4105/5861
f 4105/5861 4107/5859 4080/5829
f 4107/5859 4082/5830 4080/5829
f 4107/5859 4081/5832 4082/5830
f 3069/5862 4108/5863 4090/5845
f 4090/5845 4108/5863 4089/5843
f 3054/5864 3069/5862 4090/5845
f 4092/5844 3047/5839 3100/5846
f 4087/5834 4093/5848 4085/5835
f 4109/5858 4106/5865 4107/5859
f 4102/5856 4104/5860 4110/5866
f 4090/5845 3100/5846 3054/5864
f 4087/5834 3047/5839 4092/5844
f 4081/5832 4107/5859 4111/5867
f 4107/5859 4106/5865 4111/5867
f 4126/4869 3447/4760 3463/4762
f 3458/4784 4112/5868 3459/4785
f 3459/4785 4112/5868 4113/5869
f 3459/4785 4113/5869 3462/4788
f 4113/5869 4112/5868 4116/5870
f 4113/5869 4114/5871 3462/4788
f 4112/5868 4115/5872 4116/5870
f 4116/5870 4114/5871 4113/5869
f 3462/4788 4114/5871 4118/5873
f 3461/4789 3462/4788 3463/4762
f 3463/4762 3462/4788 4118/5873
f 4118/5873 4114/5871 4119/3229
f 1947/5874 1903/5875 1950/5876
f 4119/3229 4114/5871 4120/5877
f 4120/5877 4123/3227 4119/3229
f 4119/3229 4122/3228 4124/5878
f 4118/5873 4121/5879 3463/4762
f 4118/5873 4119/3229 4124/5878
f 4121/5879 4118/5873 4124/5878
f 4122/3228 4123/3227 4125/3297
f 4122/3228 4125/3297 3472/5880
f 3463/4762 4121/5879 4126/4869
f 4126/4869 4121/5879 4127/5881
f 4121/5879 4124/5878 4128/5882
f 3479/5883 3472/5880 4125/3297
f 4125/3297 4130/5884 3479/5883
f 4121/5879 4128/5882 4127/5881
f 4124/5885 3472/5886 4128/5887
f 4128/5882 3472/5880 3476/5888
f 4127/5881 4128/5882 3476/5888
f 4129/5889 3479/5883 4130/5884
f 4127/5881 3476/5888 4131/4815
f 3479/5883 4129/5889 3484/5890
f 4126/4869 4127/5881 4131/4815
f 3450/4814 4126/4869 4131/4815
f 4131/4815 3476/5888 4132/5891
f 4132/5891 3476/5888 3023/5892
f 4129/5889 4133/5893 3484/5890
f 3486/5894 3484/5890 4133/5893
f 4131/4815 4132/5891 3487/4816
f 4132/5895 3023/4821 3487/4820
f 4133/5893 4134/5896 3486/5894
f 3029/4233 3486/4822 4134/5897
f 3029/4233 4134/5897 3043/4235
f 4115/5872 4112/5868 4117/5898
f 4123/3227 4120/5877 4115/5872
f 3472/5880 4124/5878 4122/3228
f 4144/5899 4130/5884 4125/3297
f 3042/4250 3043/4235 3052/4254
f 3043/5900 4134/5901 4135/5902
f 3043/5900 4135/5902 4136/5903
f 4136/5903 3052/5904 3043/5900
f 4061/5905 4222/5906 4062/5907
f 4086/5841 3007/5908 3016/5836
f 4088/5909 4110/5910 4261/4807
f 3007/5908 4086/5841 3483/5911
f 3478/5840 4099/5842 4088/5857
f 3478/5840 3483/5911 4086/5841
f 4110/5866 4088/5857 4102/5856
f 3000/4168 2998/4165 4169/5827
f 3000/4168 3456/4166 2998/4165
f 4123/3227 4115/5872 4143/3296
f 4139/5912 4138/5913 4140/5914
f 3458/4784 3000/4783 4169/5915
f 4112/5868 3458/4784 4142/5916
f 3458/4784 4169/5915 4142/5916
f 4142/5916 4169/5915 4168/5917
f 4129/5889 4130/5884 4144/5899
f 3064/4268 3052/5918 4145/5919
f 3064/4268 4145/5919 3067/4269
f 3062/5920 3063/5921 4147/5922
f 3067/5923 4147/5922 3063/5921
f 3067/5923 4148/5924 4147/5922
f 4210/5925 4147/5922 4148/5924
f 3067/5923 4145/5926 4149/5927
f 3067/5923 4149/5927 4148/5924
f 4148/5924 4149/5927 4150/5928
f 4145/5926 3052/5929 4136/5930
f 4145/5926 4136/5930 4149/5927
f 4151/5931 4149/5927 4136/5930
f 4136/5930 4135/5932 4151/5931
f 4151/5931 4135/5932 4154/5933
f 4153/5934 4151/5935 4141/5936
f 4151/5935 4153/5934 4173/5937
f 4151/5935 4173/5937 4152/5938
f 4151/5931 4154/5933 4141/5939
f 4134/5940 4133/5941 4154/5933
f 4141/5939 4154/5933 4156/5942
f 4156/5942 4154/5933 4160/5943
f 4160/5943 4154/5933 4155/5944
f 4156/5942 4160/5943 4158/5945
f 4129/5946 4144/5947 4155/5944
f 4158/5945 4160/5943 4159/5948
f 4117/5898 4112/5868 4142/5916
f 4155/5944 4144/5947 4160/5943
f 4160/5943 4144/5947 4146/5949
f 4159/5948 4160/5943 4146/5949
f 4159/5948 4161/5950 4162/5951
f 4159/5948 4146/5949 4161/5950
f 4163/5952 4178/5953 4161/5954
f 4163/5955 4161/5950 4164/5956
f 4161/5950 4146/5949 4164/5956
f 4138/5913 4165/5957 4140/5914
f 4140/5914 4165/5957 4166/5958
f 4143/5959 4146/5949 4144/5947
f 4171/5960 4164/5961 4167/5962
f 4165/5957 4117/5963 4166/5958
f 4167/5964 4138/5913 4139/5912
f 4140/5914 4168/5965 4170/5966
f 4170/5966 4168/5965 4169/5967
f 4150/5928 4149/5927 4152/5968
f 4149/5927 4151/5931 4152/5968
f 4125/5969 4143/5959 4144/5947
f 4157/5970 4141/5936 4156/5971
f 4155/5944 4154/5933 4133/5941
f 4157/5970 4156/5971 4158/5972
f 4164/5956 4146/5949 4115/5973
f 4115/5973 4146/5949 4143/5959
f 4166/5958 4168/5965 4140/5914
f 4142/5916 4168/5917 4166/5974
f 4142/5916 4166/5974 4117/5898
f 4134/5901 4154/5975 4135/5902
f 4140/5976 4078/5977 4172/5978
f 4138/5913 4167/5964 4164/5956
f 4165/5957 4164/5956 4115/5973
f 4164/5956 4165/5957 4138/5913
f 4173/5937 4175/5979 4152/5938
f 4152/5980 4175/5981 4150/5982
f 4174/5983 4153/5934 4141/5936
f 4173/5937 4153/5934 4174/5983
f 4157/5970 4158/5972 4176/5984
f 4177/5985 4162/5986 4178/5953
f 3073/4826 3489/4828 4108/5987
f 3073/5988 4108/5863 3069/5862
f 3489/5989 4179/5990 4089/5991
f 4174/5983 4141/5936 4157/5970
f 4177/5985 4176/5984 4158/5972
f 4171/5960 4178/5953 4163/5952
f 4108/5987 3489/4828 4089/5992
f 4170/5993 4078/5994 4140/5995
f 4172/5996 4139/5997 4140/5998
f 4072/5999 4172/5996 4078/6000
f 4182/6001 1963/5527 3930/3334
f 1964/2775 4183/3342 1954/2700
f 4183/3342 1964/2775 1995/2773
f 4182/6001 3930/3334 4183/3333
f 2348/3340 2339/2766 2374/3429
f 1954/2700 4183/3342 4181/2701
f 3934/3288 3924/6002 3931/3419
f 1019/2152 1055/1422 1506/2161
f 1055/1422 1020/1394 4184/6003
f 1506/2161 1055/1422 4184/6003
f 1513/2159 1506/2161 4185/6004
f 3624/5052 4188/6005 3625/5054
f 3625/5054 4188/6005 4189/6006
f 3625/5054 4189/6006 3432/4753
f 4189/6006 3433/4754 3432/4753
f 3529/4906 3535/4931 4191/6007
f 3529/4906 4191/6007 4190/6008
f 4191/6007 3535/4931 3434/4932
f 3659/6009 3529/4906 4190/6008
f 3529/3998 3659/6010 2776/4001
f 4192/6011 4190/6008 4191/6007
f 4191/6007 3434/4932 4193/6012
f 4193/6012 3434/4932 4194/6013
f 3434/4932 3433/4754 4194/6013
f 3659/6009 4190/6008 2024/6014
f 2024/6014 4190/6008 4192/6011
f 3433/4754 4189/6006 4194/6013
f 2025/2931 3659/6015 2024/2930
f 4187/6016 4194/6013 4189/6006
f 4188/6005 4195/6017 4189/6006
f 4187/6016 4189/6006 4195/6017
f 4192/6011 4191/6007 4193/6012
f 4193/6012 4194/6013 4187/6016
f 2024/6014 4192/6011 2023/1365
f 4187/6016 4195/6017 4188/6005
f 4188/6005 3624/5052 1515/2163
f 2023/1365 4192/6011 1036/1366
f 4192/6011 4193/6012 4186/1378
f 4185/6004 4187/6016 4188/6005
f 4192/6011 4186/1378 1036/1366
f 4185/6004 4188/6005 1513/2159
f 1515/2163 1513/2159 4188/6005
f 4186/1378 4193/6012 1023/1384
f 4193/6012 4187/6016 1023/1384
f 1049/1393 4187/6016 4185/6004
f 1023/1384 4187/6016 1049/1393
f 1506/2161 4184/6003 4185/6004
f 1049/1393 4185/6004 4184/6003
f 4184/6003 1020/1394 1049/1393
f 4204/6018 4196/5600 3939/6019
f 3965/5601 4196/5600 4205/6020
f 4198/6021 2764/6022 4197/6023
f 2764/5563 4198/6024 3941/5564
f 2769/6025 4199/6026 4197/6027
f 4205/6020 4203/6028 3965/5601
f 4204/6018 4205/6020 4196/5600
f 2769/6029 2768/6030 4199/6031
f 4201/6032 4202/6033 3943/6034
f 4199/6026 4201/6032 4200/6035
f 4200/6035 4201/6032 3943/6034
f 4200/6036 3943/5535 4198/6024
f 3943/5535 3941/5564 4198/6024
f 4197/6027 4200/6035 4198/6037
f 4203/6038 2770/6039 4206/6040
f 4208/6041 2768/6030 2693/6042
f 4208/6043 2693/3779 2770/3781
f 4206/5616 3965/5601 4203/6028
f 3941/6044 3943/6045 3944/6046
f 4200/6035 4197/6027 4199/6026
f 4204/5547 3948/5546 4207/6047
f 4205/6048 4207/6047 4203/6049
f 4205/6048 4204/5547 4207/6047
f 4208/6050 4203/6038 4207/6051
f 4208/6050 4207/6051 4201/6052
f 4207/6051 3948/6053 4201/6052
f 4208/6041 4199/6031 2768/6030
f 4201/6052 3948/6053 3947/6054
f 4202/6055 4201/6052 3947/6054
f 4199/6031 4208/6041 4201/6056
f 2770/6039 4203/6038 4208/6050
f 4012/6057 3940/5555 3954/5556
f 4014/5702 4013/5701 4209/5699
f 4012/5700 4014/5702 4209/5699
f 3940/5555 4012/6057 4209/6058
f 4015/5712 3431/5704 4013/5701
f 4049/5792 4055/5791 4059/5798
f 9/108 6/99 52/98
f 9/6059 52/6060 10/6061
f 10/6062 52/102 55/101
f 207/6063 10/6062 55/101
f 53/6064 52/6065 8/6066
f 3062/4827 4147/6067 3489/4828
f 4148/6068 4175/6069 4210/6070
f 4175/6069 4148/6068 4150/6071
f 3489/4828 4210/6070 4179/6072
f 4179/6072 4210/6070 4180/6073
f 4180/6073 4210/6070 4175/6069
f 3489/4828 4147/6067 4210/6070
f 180/6074 18/6075 312/6076
f 1405/6077 1406/6078 1026/1266
f 1405/6077 1026/1266 1027/1273
f 1406/6078 949/1267 1026/1266
f 919/1340 949/1267 1406/6078
f 1405/6077 1027/1273 1404/6079
f 1028/1343 1401/1762 1295/1344
f 1027/1273 953/1763 1404/6079
f 1404/6079 953/1763 1401/1762
f 689/893 1400/1784 884/891
f 1381/1997 958/1285 1263/1287
f 1203/1353 1383/1958 968/1295
f 1394/1802 1157/1566 1164/1805
f 1031/1571 976/1604 1387/1572
f 982/1306 981/1552 1388/1965
f 1388/1965 981/1552 1387/1572
f 987/1309 1389/2005 1150/1565
f 1389/2005 987/1309 1391/6080
f 1391/6080 987/1309 1307/2130
f 1392/2004 1164/1805 1150/1565
f 1307/2130 987/1309 817/1311
f 1530/6081 1529/6082 1535/6083
f 2022/1436 4212/6084 4211/6085
f 2022/1436 2021/6086 4212/6084
f 4211/6085 1003/1437 2022/1436
f 4212/6087 2021/6088 2047/6089
f 4212/6087 2047/6089 2232/6090
f 2232/6091 1003/1437 4211/6085
f 1006/1321 1003/1437 2233/6092
f 2233/6092 1022/1332 1006/1321
f 2233/6092 1003/1437 2232/6091
f 4212/6093 2232/6094 4211/6095
f 1537/6096 1592/6097 1539/6098
f 1592/2324 1564/2255 1539/6099
f 1545/6100 1593/6101 1569/6102
f 1543/6103 1544/6104 1593/6105
f 1545/6106 1543/6107 1593/6108
f 1544/3718 1565/2256 1593/2326
f 1595/6109 1551/2223 1547/2222
f 1547/6110 1548/2331 1595/2303
f 1552/2224 1551/2223 1553/2226
f 1555/2231 1554/2225 1557/2230
f 2789/6111 3440/6112 3648/6113
f 4217/6114 4213/5466 4214/5465
f 3440/6115 3889/5467 4215/6116
f 4215/6117 4216/6118 3655/6119
f 4217/6114 4215/6116 4213/5466
f 4215/6116 3889/5467 4213/5466
f 4217/6114 4216/5144 4215/6116
f 3648/6120 4215/6117 3655/6119
f 3440/6121 4215/6117 3648/6120
f 3662/6122 4218/6123 3880/6124
f 4218/6123 4219/6125 3880/6124
f 4216/5144 4217/6114 3663/5127
f 3663/5127 4217/6114 4214/5465
f 3663/5127 4214/5465 4219/5461
f 4218/5128 3663/5127 4219/5461
f 3885/2291 1586/2290 1600/2321
f 3885/2291 1600/2321 1601/2325
f 1603/2323 1602/2322 3632/5061
f 3633/5059 3632/5061 1602/2322
f 2996/4164 2995/4167 4061/5802
f 2992/4776 4221/6126 2995/4777
f 4221/6126 3455/6127 3852/6128
f 4221/6126 2992/4776 3455/6127
f 4221/6126 3852/6128 4223/6129
f 4221/6126 4223/6129 4222/5906
f 4221/6126 4222/5906 2995/4777
f 3854/5356 3851/5353 3855/5358
f 3847/5357 3857/5361 3855/5358
f 4223/6129 3852/6128 3848/5349
f 4223/6129 3848/5349 4224/6130
f 4224/6130 3848/5349 4220/6131
f 4220/6131 3848/5349 3856/5359
f 3854/5356 3855/5358 4225/6132
f 4225/6132 3855/5358 3857/5361
f 2995/4167 4222/6133 4061/5802
f 4062/5907 4222/5906 4224/6130
f 4224/6130 4220/6131 4229/6134
f 3849/5350 3853/5360 4227/6135
f 3856/5359 3849/5350 4227/6135
f 3850/5351 3853/5360 3849/5350
f 3854/5356 4225/6132 3853/5360
f 3858/5362 3859/5365 3857/5361
f 4229/6134 4220/6131 4226/6136
f 3853/5360 4225/6132 4227/6135
f 4225/6132 3857/5361 4228/6137
f 4228/6137 3857/5361 3859/5365
f 3856/5359 4227/6135 4230/6138
f 4226/6136 4065/6139 4229/6134
f 4229/6140 4065/5814 4062/5813
f 4225/6132 4228/6137 4234/6141
f 4227/6135 4225/6132 4234/6141
f 4228/6137 3859/5365 4231/6142
f 4233/6143 4227/6135 4234/6141
f 4236/6144 4228/6137 4231/6142
f 4228/6137 4236/6144 4234/6141
f 3859/5365 3828/5334 4231/6142
f 4220/6131 3856/5359 4235/6145
f 4227/6135 4232/6146 4230/6138
f 4235/6145 3856/5359 4230/6138
f 4238/6147 4220/6131 4235/6145
f 4220/6131 4238/6147 4226/6136
f 4230/6138 4232/6146 4239/6148
f 4232/6146 4227/6135 4233/6143
f 4234/6141 4236/6144 4240/6149
f 4236/6144 4231/6142 4237/6150
f 4232/6146 4233/6143 4239/6148
f 4233/6143 4234/6141 4240/6149
f 4235/6145 4230/6138 4242/6151
f 4231/6142 3828/5334 3830/5335
f 4226/6152 4238/6153 4077/5804
f 4064/5807 4226/6152 4077/5804
f 4235/6145 4242/6151 4238/6147
f 4230/6138 4239/6148 4242/6151
f 4239/6148 4233/6143 4243/6154
f 4233/6143 4240/6149 4243/6154
f 4240/6149 4241/6155 4244/6156
f 4231/6142 3830/5335 4237/6150
f 4243/6154 4242/6151 4239/6148
f 4242/6151 4243/6154 4248/6157
f 4243/6154 4240/6149 4245/6158
f 4240/6149 4244/6156 4246/6159
f 4084/5831 4238/6153 4253/6160
f 4238/6147 4242/6151 4253/6161
f 4243/6154 4245/6158 4248/6157
f 4083/6162 4250/6163 4251/6164
f 4242/6151 4247/6165 4253/6161
f 4247/6165 4242/6151 4248/6157
f 4237/6150 4244/6156 4241/6155
f 4237/6150 3830/5335 4249/4790
f 4245/6158 4240/6149 4246/6159
f 4252/6166 4248/6157 4245/6158
f 4247/6165 4248/6157 4250/6163
f 4245/6158 4246/6159 4252/6166
f 4249/4790 3830/5335 3445/4763
f 4137/6167 4105/6168 4251/6164
f 4247/6165 4250/6163 4253/6161
f 4248/6157 4252/6166 4250/6163
f 4246/6159 4244/6156 4255/6169
f 4252/6166 4254/6170 4250/6163
f 4237/6150 4249/4790 4244/6156
f 4244/6156 4249/4790 4258/6171
f 4250/6163 4254/6170 4251/6164
f 4256/6172 4246/6159 4255/6169
f 4255/6169 4244/6156 4258/6171
f 4246/6159 4256/6172 4257/6173
f 4252/6166 4246/6159 4257/6173
f 4252/6166 4257/6173 4254/6170
f 4257/6173 4259/6174 4254/6170
f 3466/4795 4255/6169 4258/6171
f 4255/6169 3466/4795 3468/4794
f 3464/4791 4249/4790 3445/4763
f 4249/4790 3467/4792 4258/6171
f 4254/6170 4259/6174 4137/6167
f 4256/6172 4255/6169 3468/4794
f 4258/6171 3467/4792 3466/4795
f 4257/6173 4256/6172 4260/4798
f 4257/6173 4260/4798 3473/4824
f 3473/4824 4259/6174 4257/6173
f 4256/6172 3468/4794 4260/4798
f 4137/6167 4259/6174 4110/5910
f 4259/6174 3473/4824 4261/4807
f 4259/6174 4261/4807 4110/5910
f 3471/4796 3466/4795 3467/4792
f 3003/4182 3471/4796 3467/4792
f 3473/4824 3099/4799 4261/4807
f 4261/4807 3478/4301 4088/5909
f 4261/4807 3099/4799 3005/4185
f 4222/5906 4223/6129 4224/6130
f 4062/5813 4224/6175 4229/6140
f 4065/6139 4226/6136 4064/6176
f 4240/6149 4236/6144 4241/6155
f 4236/6144 4237/6150 4241/6155
f 4077/5804 4238/6153 4084/5831
f 4137/6167 4251/6164 4254/6170
f 4137/6167 4110/5910 4104/6177
f 4251/6164 4105/6168 4080/6178
f 4253/6161 4250/6163 4083/6162
f 3956/5586 4003/6179 2900/5607
f 4262/5696 2916/6180 4011/5695
f 4010/6181 2916/6180 4262/5696
f 2148/3107 2164/3108 2302/3380
f 1963/5527 3934/3288 3930/3334
f 2323/3406 4263/3271 2254/3266
f 2300/3375 2298/3273 4263/3271
f 2323/3406 2254/3266 2312/3267
f 2323/3406 2312/3267 2332/3408
f 958/1285 956/6182 959/1286
f 1186/1803 1203/1353 1181/1355
f 4064/5807 4077/5804 4069/5803
f 4080/5829 4083/5828 4251/6183
f 4083/5828 4084/5831 4253/6160
f 4133/5941 4129/5946 4155/5944
f 4104/5860 4105/5861 4137/6184
f 4177/5985 4159/6185 4162/5986
f 4177/5985 4158/5972 4159/6185
f 4170/6186 4169/5827 4078/5825
f 4164/5961 4171/5960 4163/5952
f 1322/1852 1347/1872 1472/2121
f 1545/6187 1569/2305 1559/2339
f 2244/3240 2212/6188 3538/3230
f 1324/1853 1318/1850 1321/1851
f 2256/3282 2265/3290 2271/3300
f 2104/3164 2075/3010 4266/3013
f 1959/2761 1943/2743 1956/2758
f 3923/5501 3932/3310 3927/3294
f 2262/3343 2107/3285 4264/3027
f 2773/6189 2633/6190 4267/6191
f 2245/3233 4052/5784 2773/3250
f 4267/6192 2637/3251 2773/3250
f 2773/3250 4052/5784 2633/6193
f 1960/2765 4268/2762 1961/2769
f 1961/2769 1963/2772 1962/2771
f 4268/2767 2339/2766 3933/3317
f 1960/2765 1958/2764 4268/2762
f 4266/3293 2261/3311 4264/3027
f 4117/5963 4165/5957 4115/5973
f 2332/3408 2337/3421 2339/2766
f 3990/2859 3982/5639 3971/5642
f 4116/5870 4120/5877 4114/5871
f 2193/6194 2074/6195 2109/6196
f 2193/6197 2109/3517 2076/3516
f 2193/3165 2089/3008 2074/2977
f 576/839 588/123 571/820
f 2061/2967 2058/2959 2059/2961
f 2108/2978 2074/2977 2089/3008
f 2259/3291 4266/3293 2257/3286
f 2339/2766 2365/3284 2360/3456
f 2251/3279 2368/3338 2263/3141
f 4267/6198 2634/3795 2637/3797
f 4267/6198 2633/3794 2634/3795
f 3936/3587 2969/4122 2968/3588
f 4120/5877 4116/5870 4115/5872
f 4279/6199 4139/5997 4172/5996
f 4279/6199 4289/6200 4139/5997
f 4269/6201 4279/6199 4172/5996 4072/5999
f 4074/5817 4269/6202 4072/5826 4073/5816
f 1947/2756 1950/2746 1965/2733 1992/2739 1941/2744
f 4289/6203 4171/6204 4167/6205 4139/6206
f 4270/6207 4269/6201 4074/6208 4070/6209
f 4270/6207 4280/6210 4279/6199 4269/6201
f 4280/6210 4290/6211 4289/6200 4279/6199
f 4290/6211 4178/5953 4171/5960 4289/6200
f 4079/6212 4271/6213 4270/6207 4070/6209
f 4271/6213 4281/6214 4280/6210 4270/6207
f 4281/6214 4291/6215 4290/6211 4280/6210
f 4291/6215 4177/5985 4178/5953 4290/6211
f 4076/6216 4272/6217 4271/6213 4079/6212
f 4272/6217 4282/6218 4281/6214 4271/6213
f 4282/6218 4292/6219 4291/6215 4281/6214
f 4292/6219 4176/5984 4177/5985 4291/6215
f 4075/6220 4273/6221 4272/6217 4076/6216
f 4273/6221 4283/6222 4282/6218 4272/6217
f 4283/6222 4293/6223 4292/6219 4282/6218
f 4293/6223 4157/5970 4176/5984 4292/6219
f 4081/6224 4274/6225 4273/6221 4075/6220
f 4274/6225 4284/6226 4283/6222 4273/6221
f 4284/6226 4294/6227 4293/6223 4283/6222
f 4294/6227 4174/5983 4157/5970 4293/6223
f 4111/6228 4275/6229 4274/6225 4081/6224
f 4275/6229 4285/6230 4284/6226 4274/6225
f 4285/6230 4295/6231 4294/6227 4284/6226
f 4295/6231 4173/5937 4174/5983 4294/6227
f 4106/6232 4276/6233 4275/6229 4111/6228
f 4276/6233 4286/6234 4285/6230 4275/6229
f 4286/6234 4296/6235 4295/6231 4285/6230
f 4296/6236 4175/6237 4173/6238 4295/6239
f 4109/5858 4277/6240 4276/6241 4106/5865
f 4277/6242 4287/6243 4286/6234 4276/6233
f 4287/6244 4297/6245 4296/6236 4286/6246
f 4297/6245 4180/6247 4175/6237 4296/6236
f 4101/5854 4278/6248 4277/6240 4109/5858
f 4278/6249 4288/6250 4287/6243 4277/6242
f 4288/6251 4298/6252 4297/6245 4287/6244
f 4298/6253 4179/6254 4180/6255 4297/6256
f 4100/5853 4094/5850 4278/6248 4101/5854
f 4094/5850 4095/5849 4288/6257 4278/6248
f 4095/6258 4091/6259 4298/6252 4288/6251
f 4091/6259 4089/6260 4179/6261 4298/6252
f 4178/5953 4162/5986 4161/5954
